TotalCapture/s3/walking3,TotalCapture/s3/walking3
TotalCapture/s3/acting2,TotalCapture/s3/acting2
TotalCapture/s3/walking1,TotalCapture/s3/walking1
TotalCapture/s2/walking3,TotalCapture/s2/walking3
TotalCapture/s2/acting3,TotalCapture/s2/acting3
TotalCapture/s2/walking2,TotalCapture/s2/walking2
TotalCapture/s2/acting1,TotalCapture/s2/acting1
TotalCapture/s2/acting2,TotalCapture/s2/acting2
TotalCapture/s2/rom2,TotalCapture/s2/rom2
TotalCapture/s2/walking1,TotalCapture/s2/walking1
TotalCapture/s2/rom3,TotalCapture/s2/rom3
TotalCapture/s5/freestyle1,TotalCapture/s5/freestyle1
TotalCapture/s1/freestyle1,TotalCapture/s1/freestyle1
TotalCapture/s1/acting3,TotalCapture/s1/acting3
TotalCapture/s1/walking2,TotalCapture/s1/walking2
TotalCapture/s1/acting1,TotalCapture/s1/acting1
TotalCapture/s1/rom1,TotalCapture/s1/rom1
TotalCapture/s1/rom2,TotalCapture/s1/rom2
TotalCapture/s1/walking1,TotalCapture/s1/walking1
TotalCapture/s4/walking2,TotalCapture/s4/walking2
TotalCapture/s4/rom3,TotalCapture/s4/rom3
BioMotionLab_NTroje/rub009/0023_throwing_hard2,BioMotionLabNTroje/rub009/0023throwinghard2
BioMotionLab_NTroje/rub009/0005_normal_walk1,BioMotionLabNTroje/rub009/0005normalwalk1
BioMotionLab_NTroje/rub009/0020_lifting_heavy2,BioMotionLabNTroje/rub009/0020liftingheavy2
BioMotionLab_NTroje/rub009/0007_normal_walk3,BioMotionLabNTroje/rub009/0007normalwalk3
BioMotionLab_NTroje/rub009/0001_treadmill_fast,BioMotionLabNTroje/rub009/0001treadmillfast
BioMotionLab_NTroje/rub046/0013_knocking1,BioMotionLabNTroje/rub046/0013knocking1
BioMotionLab_NTroje/rub046/0018_lifting_light2,BioMotionLabNTroje/rub046/0018liftinglight2
BioMotionLab_NTroje/rub046/0012_normal_jog4,BioMotionLabNTroje/rub046/0012normaljog4
BioMotionLab_NTroje/rub046/0009_normal_jog1,BioMotionLabNTroje/rub046/0009normaljog1
BioMotionLab_NTroje/rub046/0021_catching_and_throwing,BioMotionLabNTroje/rub046/0021catchingandthrowing
BioMotionLab_NTroje/rub046/0027_circle_walk,BioMotionLabNTroje/rub046/0027circlewalk
BioMotionLab_NTroje/rub046/0020_lifting_heavy2,BioMotionLabNTroje/rub046/0020liftingheavy2
BioMotionLab_NTroje/rub046/0008_normal_walk4,BioMotionLabNTroje/rub046/0008normalwalk4
BioMotionLab_NTroje/rub046/0025_kicking1,BioMotionLabNTroje/rub046/0025kicking1
BioMotionLab_NTroje/rub046/0000_treadmill_norm,BioMotionLabNTroje/rub046/0000treadmillnorm
BioMotionLab_NTroje/rub046/0014_knocking2,BioMotionLabNTroje/rub046/0014knocking2
BioMotionLab_NTroje/rub046/0007_normal_walk3,BioMotionLabNTroje/rub046/0007normalwalk3
BioMotionLab_NTroje/rub046/0010_normal_jog2,BioMotionLabNTroje/rub046/0010normaljog2
BioMotionLab_NTroje/rub046/0001_treadmill_fast,BioMotionLabNTroje/rub046/0001treadmillfast
BioMotionLab_NTroje/rub051/0018_lifting_light2,BioMotionLabNTroje/rub051/0018liftinglight2
BioMotionLab_NTroje/rub051/0004_motorcycle,BioMotionLabNTroje/rub051/0004motorcycle
BioMotionLab_NTroje/rub051/0005_normal_walk1,BioMotionLabNTroje/rub051/0005normalwalk1
BioMotionLab_NTroje/rub051/0030_scamper,BioMotionLabNTroje/rub051/0030scamper
BioMotionLab_NTroje/rub051/0025_kicking1,BioMotionLabNTroje/rub051/0025kicking1
BioMotionLab_NTroje/rub051/0006_normal_walk2,BioMotionLabNTroje/rub051/0006normalwalk2
BioMotionLab_NTroje/rub051/0000_treadmill_norm,BioMotionLabNTroje/rub051/0000treadmillnorm
BioMotionLab_NTroje/rub051/0014_knocking2,BioMotionLabNTroje/rub051/0014knocking2
BioMotionLab_NTroje/rub051/0024_throwing_hard3,BioMotionLabNTroje/rub051/0024throwinghard3
BioMotionLab_NTroje/rub051/0019_lifting_heavy1,BioMotionLabNTroje/rub051/0019liftingheavy1
BioMotionLab_NTroje/rub051/0029_jumping2,BioMotionLabNTroje/rub051/0029jumping2
BioMotionLab_NTroje/rub051/0007_normal_walk3,BioMotionLabNTroje/rub051/0007normalwalk3
BioMotionLab_NTroje/rub051/0010_normal_jog2,BioMotionLabNTroje/rub051/0010normaljog2
BioMotionLab_NTroje/rub075/0031_rom,BioMotionLabNTroje/rub075/0031rom
BioMotionLab_NTroje/rub075/0028_jumping1,BioMotionLabNTroje/rub075/0028jumping1
BioMotionLab_NTroje/rub075/0018_lifting_light2,BioMotionLabNTroje/rub075/0018liftinglight2
BioMotionLab_NTroje/rub075/0023_throwing_hard2,BioMotionLabNTroje/rub075/0023throwinghard2
BioMotionLab_NTroje/rub075/0004_motorcycle,BioMotionLabNTroje/rub075/0004motorcycle
BioMotionLab_NTroje/rub075/0021_catching_and_throwing,BioMotionLabNTroje/rub075/0021catchingandthrowing
BioMotionLab_NTroje/rub075/0005_normal_walk1,BioMotionLabNTroje/rub075/0005normalwalk1
BioMotionLab_NTroje/rub075/0002_treadmill_slow,BioMotionLabNTroje/rub075/0002treadmillslow
BioMotionLab_NTroje/rub075/0016_sitting2,BioMotionLabNTroje/rub075/0016sitting2
BioMotionLab_NTroje/rub075/0015_sitting1,BioMotionLabNTroje/rub075/0015sitting1
BioMotionLab_NTroje/rub075/0008_normal_walk4,BioMotionLabNTroje/rub075/0008normalwalk4
BioMotionLab_NTroje/rub075/0025_kicking1,BioMotionLabNTroje/rub075/0025kicking1
BioMotionLab_NTroje/rub075/0024_throwing_hard3,BioMotionLabNTroje/rub075/0024throwinghard3
BioMotionLab_NTroje/rub075/0019_lifting_heavy1,BioMotionLabNTroje/rub075/0019liftingheavy1
BioMotionLab_NTroje/rub075/0017_lifting_light1,BioMotionLabNTroje/rub075/0017liftinglight1
BioMotionLab_NTroje/rub075/0029_jumping2,BioMotionLabNTroje/rub075/0029jumping2
BioMotionLab_NTroje/rub075/0007_normal_walk3,BioMotionLabNTroje/rub075/0007normalwalk3
BioMotionLab_NTroje/rub075/0010_normal_jog2,BioMotionLabNTroje/rub075/0010normaljog2
BioMotionLab_NTroje/rub075/0001_treadmill_fast,BioMotionLabNTroje/rub075/0001treadmillfast
BioMotionLab_NTroje/rub075/0011_normal_jog3,BioMotionLabNTroje/rub075/0011normaljog3
BioMotionLab_NTroje/rub080/0018_lifting_light2,BioMotionLabNTroje/rub080/0018liftinglight2
BioMotionLab_NTroje/rub080/0023_throwing_hard2,BioMotionLabNTroje/rub080/0023throwinghard2
BioMotionLab_NTroje/rub080/0030_rom,BioMotionLabNTroje/rub080/0030rom
BioMotionLab_NTroje/rub080/0004_motorcycle,BioMotionLabNTroje/rub080/0004motorcycle
BioMotionLab_NTroje/rub080/0021_catching_and_throwing,BioMotionLabNTroje/rub080/0021catchingandthrowing
BioMotionLab_NTroje/rub080/0005_normal_walk1,BioMotionLabNTroje/rub080/0005normalwalk1
BioMotionLab_NTroje/rub080/0022_throwing_hard1,BioMotionLabNTroje/rub080/0022throwinghard1
BioMotionLab_NTroje/rub080/0029_scamper,BioMotionLabNTroje/rub080/0029scamper
BioMotionLab_NTroje/rub080/0027_circle_walk,BioMotionLabNTroje/rub080/0027circlewalk
BioMotionLab_NTroje/rub080/0002_treadmill_slow,BioMotionLabNTroje/rub080/0002treadmillslow
BioMotionLab_NTroje/rub080/0020_lifting_heavy2,BioMotionLabNTroje/rub080/0020liftingheavy2
BioMotionLab_NTroje/rub080/0016_sitting2,BioMotionLabNTroje/rub080/0016sitting2
BioMotionLab_NTroje/rub080/0015_sitting1,BioMotionLabNTroje/rub080/0015sitting1
BioMotionLab_NTroje/rub080/0008_normal_walk4,BioMotionLabNTroje/rub080/0008normalwalk4
BioMotionLab_NTroje/rub080/0006_normal_walk2,BioMotionLabNTroje/rub080/0006normalwalk2
BioMotionLab_NTroje/rub080/0000_treadmill_norm,BioMotionLabNTroje/rub080/0000treadmillnorm
BioMotionLab_NTroje/rub080/0014_knocking2,BioMotionLabNTroje/rub080/0014knocking2
BioMotionLab_NTroje/rub080/0019_lifting_heavy1,BioMotionLabNTroje/rub080/0019liftingheavy1
BioMotionLab_NTroje/rub080/0017_lifting_light1,BioMotionLabNTroje/rub080/0017liftinglight1
BioMotionLab_NTroje/rub080/0028_jumping2,BioMotionLabNTroje/rub080/0028jumping2
BioMotionLab_NTroje/rub080/0007_normal_walk3,BioMotionLabNTroje/rub080/0007normalwalk3
BioMotionLab_NTroje/rub080/0010_normal_jog2,BioMotionLabNTroje/rub080/0010normaljog2
BioMotionLab_NTroje/rub099/0028_jumping1,BioMotionLabNTroje/rub099/0028jumping1
BioMotionLab_NTroje/rub099/0003_treadmill_jog,BioMotionLabNTroje/rub099/0003treadmilljog
BioMotionLab_NTroje/rub099/0013_knocking1,BioMotionLabNTroje/rub099/0013knocking1
BioMotionLab_NTroje/rub099/0018_lifting_light2,BioMotionLabNTroje/rub099/0018liftinglight2
BioMotionLab_NTroje/rub099/0023_throwing_hard2,BioMotionLabNTroje/rub099/0023throwinghard2
BioMotionLab_NTroje/rub099/0012_normal_jog4,BioMotionLabNTroje/rub099/0012normaljog4
BioMotionLab_NTroje/rub099/0004_motorcycle,BioMotionLabNTroje/rub099/0004motorcycle
BioMotionLab_NTroje/rub099/0009_normal_jog1,BioMotionLabNTroje/rub099/0009normaljog1
BioMotionLab_NTroje/rub099/0021_catching_and_throwing,BioMotionLabNTroje/rub099/0021catchingandthrowing
BioMotionLab_NTroje/rub099/0005_normal_walk1,BioMotionLabNTroje/rub099/0005normalwalk1
BioMotionLab_NTroje/rub099/0027_circle_walk,BioMotionLabNTroje/rub099/0027circlewalk
BioMotionLab_NTroje/rub099/0002_treadmill_slow,BioMotionLabNTroje/rub099/0002treadmillslow
BioMotionLab_NTroje/rub099/0020_lifting_heavy2,BioMotionLabNTroje/rub099/0020liftingheavy2
BioMotionLab_NTroje/rub099/0016_sitting2,BioMotionLabNTroje/rub099/0016sitting2
BioMotionLab_NTroje/rub099/0015_sitting1,BioMotionLabNTroje/rub099/0015sitting1
BioMotionLab_NTroje/rub099/0008_normal_walk4,BioMotionLabNTroje/rub099/0008normalwalk4
BioMotionLab_NTroje/rub099/0025_kicking1,BioMotionLabNTroje/rub099/0025kicking1
BioMotionLab_NTroje/rub099/0006_normal_walk2,BioMotionLabNTroje/rub099/0006normalwalk2
BioMotionLab_NTroje/rub099/0000_treadmill_norm,BioMotionLabNTroje/rub099/0000treadmillnorm
BioMotionLab_NTroje/rub099/0014_knocking2,BioMotionLabNTroje/rub099/0014knocking2
BioMotionLab_NTroje/rub099/0017_lifting_light1,BioMotionLabNTroje/rub099/0017liftinglight1
BioMotionLab_NTroje/rub099/0029_jumping2,BioMotionLabNTroje/rub099/0029jumping2
BioMotionLab_NTroje/rub099/0026_kicking2,BioMotionLabNTroje/rub099/0026kicking2
BioMotionLab_NTroje/rub099/0007_normal_walk3,BioMotionLabNTroje/rub099/0007normalwalk3
BioMotionLab_NTroje/rub099/0010_normal_jog2,BioMotionLabNTroje/rub099/0010normaljog2
BioMotionLab_NTroje/rub099/0001_treadmill_fast,BioMotionLabNTroje/rub099/0001treadmillfast
BioMotionLab_NTroje/rub112/0018_lifting_light2,BioMotionLabNTroje/rub112/0018liftinglight2
BioMotionLab_NTroje/rub112/0024_throwing_hard3,BioMotionLabNTroje/rub112/0024throwinghard3
BioMotionLab_NTroje/rub037/0003_treadmill_jog,BioMotionLabNTroje/rub037/0003treadmilljog
BioMotionLab_NTroje/rub037/0009_normal_jog1,BioMotionLabNTroje/rub037/0009normaljog1
BioMotionLab_NTroje/rub037/0020_lifting_heavy2,BioMotionLabNTroje/rub037/0020liftingheavy2
BioMotionLab_NTroje/rub037/0015_sitting1,BioMotionLabNTroje/rub037/0015sitting1
BioMotionLab_NTroje/rub037/0025_kicking1,BioMotionLabNTroje/rub037/0025kicking1
BioMotionLab_NTroje/rub037/0007_normal_walk3,BioMotionLabNTroje/rub037/0007normalwalk3
BioMotionLab_NTroje/rub037/0011_normal_jog3,BioMotionLabNTroje/rub037/0011normaljog3
BioMotionLab_NTroje/rub042/0012_normal_jog4,BioMotionLabNTroje/rub042/0012normaljog4
BioMotionLab_NTroje/rub042/0021_catching_and_throwing,BioMotionLabNTroje/rub042/0021catchingandthrowing
BioMotionLab_NTroje/rub042/0008_normal_walk4,BioMotionLabNTroje/rub042/0008normalwalk4
BioMotionLab_NTroje/rub042/0025_kicking1,BioMotionLabNTroje/rub042/0025kicking1
BioMotionLab_NTroje/rub042/0014_knocking2,BioMotionLabNTroje/rub042/0014knocking2
BioMotionLab_NTroje/rub042/0019_lifting_heavy1,BioMotionLabNTroje/rub042/0019liftingheavy1
BioMotionLab_NTroje/rub042/0026_kicking2,BioMotionLabNTroje/rub042/0026kicking2
BioMotionLab_NTroje/rub042/0007_normal_walk3,BioMotionLabNTroje/rub042/0007normalwalk3
BioMotionLab_NTroje/rub042/0011_normal_jog3,BioMotionLabNTroje/rub042/0011normaljog3
BioMotionLab_NTroje/rub066/0013_knocking1,BioMotionLabNTroje/rub066/0013knocking1
BioMotionLab_NTroje/rub066/0018_lifting_light2,BioMotionLabNTroje/rub066/0018liftinglight2
BioMotionLab_NTroje/rub066/0030_rom,BioMotionLabNTroje/rub066/0030rom
BioMotionLab_NTroje/rub066/0021_catching_and_throwing,BioMotionLabNTroje/rub066/0021catchingandthrowing
BioMotionLab_NTroje/rub066/0022_throwing_hard1,BioMotionLabNTroje/rub066/0022throwinghard1
BioMotionLab_NTroje/rub066/0029_scamper,BioMotionLabNTroje/rub066/0029scamper
BioMotionLab_NTroje/rub066/0002_treadmill_slow,BioMotionLabNTroje/rub066/0002treadmillslow
BioMotionLab_NTroje/rub066/0016_sitting2,BioMotionLabNTroje/rub066/0016sitting2
BioMotionLab_NTroje/rub066/0015_sitting1,BioMotionLabNTroje/rub066/0015sitting1
BioMotionLab_NTroje/rub066/0006_normal_walk2,BioMotionLabNTroje/rub066/0006normalwalk2
BioMotionLab_NTroje/rub066/0014_knocking2,BioMotionLabNTroje/rub066/0014knocking2
BioMotionLab_NTroje/rub066/0017_lifting_light1,BioMotionLabNTroje/rub066/0017liftinglight1
BioMotionLab_NTroje/rub066/0028_jumping2,BioMotionLabNTroje/rub066/0028jumping2
BioMotionLab_NTroje/rub066/0007_normal_walk3,BioMotionLabNTroje/rub066/0007normalwalk3
BioMotionLab_NTroje/rub066/0010_normal_jog2,BioMotionLabNTroje/rub066/0010normaljog2
BioMotionLab_NTroje/rub066/0001_treadmill_fast,BioMotionLabNTroje/rub066/0001treadmillfast
BioMotionLab_NTroje/rub071/0003_treadmill_jog,BioMotionLabNTroje/rub071/0003treadmilljog
BioMotionLab_NTroje/rub071/0013_knocking1,BioMotionLabNTroje/rub071/0013knocking1
BioMotionLab_NTroje/rub071/0004_motorcycle,BioMotionLabNTroje/rub071/0004motorcycle
BioMotionLab_NTroje/rub071/0021_catching_and_throwing,BioMotionLabNTroje/rub071/0021catchingandthrowing
BioMotionLab_NTroje/rub071/0005_normal_walk1,BioMotionLabNTroje/rub071/0005normalwalk1
BioMotionLab_NTroje/rub071/0002_treadmill_slow,BioMotionLabNTroje/rub071/0002treadmillslow
BioMotionLab_NTroje/rub071/0016_sitting2,BioMotionLabNTroje/rub071/0016sitting2
BioMotionLab_NTroje/rub071/0008_normal_walk4,BioMotionLabNTroje/rub071/0008normalwalk4
BioMotionLab_NTroje/rub071/0006_normal_walk2,BioMotionLabNTroje/rub071/0006normalwalk2
BioMotionLab_NTroje/rub071/0000_treadmill_norm,BioMotionLabNTroje/rub071/0000treadmillnorm
BioMotionLab_NTroje/rub071/0014_knocking2,BioMotionLabNTroje/rub071/0014knocking2
BioMotionLab_NTroje/rub071/0024_throwing_hard3,BioMotionLabNTroje/rub071/0024throwinghard3
BioMotionLab_NTroje/rub071/0019_lifting_heavy1,BioMotionLabNTroje/rub071/0019liftingheavy1
BioMotionLab_NTroje/rub071/0010_normal_jog2,BioMotionLabNTroje/rub071/0010normaljog2
BioMotionLab_NTroje/rub071/0011_normal_jog3,BioMotionLabNTroje/rub071/0011normaljog3
BioMotionLab_NTroje/rub028/0028_jumping1,BioMotionLabNTroje/rub028/0028jumping1
BioMotionLab_NTroje/rub028/0013_knocking1,BioMotionLabNTroje/rub028/0013knocking1
BioMotionLab_NTroje/rub028/0004_motorcycle,BioMotionLabNTroje/rub028/0004motorcycle
BioMotionLab_NTroje/rub028/0016_sitting2,BioMotionLabNTroje/rub028/0016sitting2
BioMotionLab_NTroje/rub028/0006_normal_walk2,BioMotionLabNTroje/rub028/0006normalwalk2
BioMotionLab_NTroje/rub028/0000_treadmill_norm,BioMotionLabNTroje/rub028/0000treadmillnorm
BioMotionLab_NTroje/rub028/0014_knocking2,BioMotionLabNTroje/rub028/0014knocking2
BioMotionLab_NTroje/rub028/0019_lifting_heavy1,BioMotionLabNTroje/rub028/0019liftingheavy1
BioMotionLab_NTroje/rub028/0001_treadmill_fast,BioMotionLabNTroje/rub028/0001treadmillfast
BioMotionLab_NTroje/rub033/0004_normal_walk1,BioMotionLabNTroje/rub033/0004normalwalk1
BioMotionLab_NTroje/rub033/0017_lifting_light2,BioMotionLabNTroje/rub033/0017liftinglight2
BioMotionLab_NTroje/rub033/0022_throwing_hard2,BioMotionLabNTroje/rub033/0022throwinghard2
BioMotionLab_NTroje/rub057/0003_treadmill_jog,BioMotionLabNTroje/rub057/0003treadmilljog
BioMotionLab_NTroje/rub057/0018_lifting_light2,BioMotionLabNTroje/rub057/0018liftinglight2
BioMotionLab_NTroje/rub057/0023_throwing_hard2,BioMotionLabNTroje/rub057/0023throwinghard2
BioMotionLab_NTroje/rub057/0030_rom,BioMotionLabNTroje/rub057/0030rom
BioMotionLab_NTroje/rub057/0021_catching_and_throwing,BioMotionLabNTroje/rub057/0021catchingandthrowing
BioMotionLab_NTroje/rub057/0005_normal_walk1,BioMotionLabNTroje/rub057/0005normalwalk1
BioMotionLab_NTroje/rub057/0029_scamper,BioMotionLabNTroje/rub057/0029scamper
BioMotionLab_NTroje/rub057/0002_treadmill_slow,BioMotionLabNTroje/rub057/0002treadmillslow
BioMotionLab_NTroje/rub057/0006_normal_walk2,BioMotionLabNTroje/rub057/0006normalwalk2
BioMotionLab_NTroje/rub057/0024_throwing_hard3,BioMotionLabNTroje/rub057/0024throwinghard3
BioMotionLab_NTroje/rub057/0016_sitting1,BioMotionLabNTroje/rub057/0016sitting1
BioMotionLab_NTroje/rub057/0010_normal_jog1,BioMotionLabNTroje/rub057/0010normaljog1
BioMotionLab_NTroje/rub057/0013_normal_jog4,BioMotionLabNTroje/rub057/0013normaljog4
BioMotionLab_NTroje/rub057/0017_lifting_light1,BioMotionLabNTroje/rub057/0017liftinglight1
BioMotionLab_NTroje/rub057/0009_normal_walk5,BioMotionLabNTroje/rub057/0009normalwalk5
BioMotionLab_NTroje/rub057/0026_kicking2,BioMotionLabNTroje/rub057/0026kicking2
BioMotionLab_NTroje/rub057/0007_normal_walk3,BioMotionLabNTroje/rub057/0007normalwalk3
BioMotionLab_NTroje/rub057/0011_normal_jog2,BioMotionLabNTroje/rub057/0011normaljog2
BioMotionLab_NTroje/rub057/0001_treadmill_fast,BioMotionLabNTroje/rub057/0001treadmillfast
BioMotionLab_NTroje/rub062/0028_jumping1,BioMotionLabNTroje/rub062/0028jumping1
BioMotionLab_NTroje/rub062/0018_lifting_light2,BioMotionLabNTroje/rub062/0018liftinglight2
BioMotionLab_NTroje/rub062/0023_throwing_hard2,BioMotionLabNTroje/rub062/0023throwinghard2
BioMotionLab_NTroje/rub062/0009_normal_jog1,BioMotionLabNTroje/rub062/0009normaljog1
BioMotionLab_NTroje/rub062/0022_throwing_hard1,BioMotionLabNTroje/rub062/0022throwinghard1
BioMotionLab_NTroje/rub062/0002_treadmill_slow,BioMotionLabNTroje/rub062/0002treadmillslow
BioMotionLab_NTroje/rub062/0016_sitting2,BioMotionLabNTroje/rub062/0016sitting2
BioMotionLab_NTroje/rub062/0015_sitting1,BioMotionLabNTroje/rub062/0015sitting1
BioMotionLab_NTroje/rub062/0008_normal_walk4,BioMotionLabNTroje/rub062/0008normalwalk4
BioMotionLab_NTroje/rub062/0006_normal_walk2,BioMotionLabNTroje/rub062/0006normalwalk2
BioMotionLab_NTroje/rub062/0014_knocking2,BioMotionLabNTroje/rub062/0014knocking2
BioMotionLab_NTroje/rub062/0017_lifting_light1,BioMotionLabNTroje/rub062/0017liftinglight1
BioMotionLab_NTroje/rub062/0029_jumping2,BioMotionLabNTroje/rub062/0029jumping2
BioMotionLab_NTroje/rub062/0026_kicking2,BioMotionLabNTroje/rub062/0026kicking2
BioMotionLab_NTroje/rub062/0007_normal_walk3,BioMotionLabNTroje/rub062/0007normalwalk3
BioMotionLab_NTroje/rub062/0010_normal_jog2,BioMotionLabNTroje/rub062/0010normaljog2
BioMotionLab_NTroje/rub062/0011_normal_jog3,BioMotionLabNTroje/rub062/0011normaljog3
BioMotionLab_NTroje/rub024/0004_motorcycle,BioMotionLabNTroje/rub024/0004motorcycle
BioMotionLab_NTroje/rub024/0009_normal_jog1,BioMotionLabNTroje/rub024/0009normaljog1
BioMotionLab_NTroje/rub024/0020_lifting_heavy2,BioMotionLabNTroje/rub024/0020liftingheavy2
BioMotionLab_NTroje/rub024/0015_sitting1,BioMotionLabNTroje/rub024/0015sitting1
BioMotionLab_NTroje/rub024/0014_knocking2,BioMotionLabNTroje/rub024/0014knocking2
BioMotionLab_NTroje/rub024/0024_throwing_hard3,BioMotionLabNTroje/rub024/0024throwinghard3
BioMotionLab_NTroje/rub024/0026_kicking2,BioMotionLabNTroje/rub024/0026kicking2
BioMotionLab_NTroje/rub024/0010_normal_jog2,BioMotionLabNTroje/rub024/0010normaljog2
BioMotionLab_NTroje/rub024/0011_normal_jog3,BioMotionLabNTroje/rub024/0011normaljog3
BioMotionLab_NTroje/rub048/0028_jumping1,BioMotionLabNTroje/rub048/0028jumping1
BioMotionLab_NTroje/rub048/0018_lifting_light2,BioMotionLabNTroje/rub048/0018liftinglight2
BioMotionLab_NTroje/rub048/0023_throwing_hard2,BioMotionLabNTroje/rub048/0023throwinghard2
BioMotionLab_NTroje/rub048/0005_normal_walk1,BioMotionLabNTroje/rub048/0005normalwalk1
BioMotionLab_NTroje/rub048/0002_treadmill_slow,BioMotionLabNTroje/rub048/0002treadmillslow
BioMotionLab_NTroje/rub048/0016_sitting2,BioMotionLabNTroje/rub048/0016sitting2
BioMotionLab_NTroje/rub048/0008_normal_walk4,BioMotionLabNTroje/rub048/0008normalwalk4
BioMotionLab_NTroje/rub048/0014_knocking2,BioMotionLabNTroje/rub048/0014knocking2
BioMotionLab_NTroje/rub048/0024_throwing_hard3,BioMotionLabNTroje/rub048/0024throwinghard3
BioMotionLab_NTroje/rub048/0019_lifting_heavy1,BioMotionLabNTroje/rub048/0019liftingheavy1
BioMotionLab_NTroje/rub048/0017_lifting_light1,BioMotionLabNTroje/rub048/0017liftinglight1
BioMotionLab_NTroje/rub048/0029_jumping2,BioMotionLabNTroje/rub048/0029jumping2
BioMotionLab_NTroje/rub048/0007_normal_walk3,BioMotionLabNTroje/rub048/0007normalwalk3
BioMotionLab_NTroje/rub048/0010_normal_jog2,BioMotionLabNTroje/rub048/0010normaljog2
BioMotionLab_NTroje/rub053/0023_throwing_hard2,BioMotionLabNTroje/rub053/0023throwinghard2
BioMotionLab_NTroje/rub053/0012_normal_jog4,BioMotionLabNTroje/rub053/0012normaljog4
BioMotionLab_NTroje/rub053/0004_motorcycle,BioMotionLabNTroje/rub053/0004motorcycle
BioMotionLab_NTroje/rub053/0021_catching_and_throwing,BioMotionLabNTroje/rub053/0021catchingandthrowing
BioMotionLab_NTroje/rub053/0005_normal_walk1,BioMotionLabNTroje/rub053/0005normalwalk1
BioMotionLab_NTroje/rub053/0022_throwing_hard1,BioMotionLabNTroje/rub053/0022throwinghard1
BioMotionLab_NTroje/rub053/0002_treadmill_slow,BioMotionLabNTroje/rub053/0002treadmillslow
BioMotionLab_NTroje/rub053/0016_sitting2,BioMotionLabNTroje/rub053/0016sitting2
BioMotionLab_NTroje/rub053/0008_normal_walk4,BioMotionLabNTroje/rub053/0008normalwalk4
BioMotionLab_NTroje/rub053/0000_treadmill_norm,BioMotionLabNTroje/rub053/0000treadmillnorm
BioMotionLab_NTroje/rub053/0024_throwing_hard3,BioMotionLabNTroje/rub053/0024throwinghard3
BioMotionLab_NTroje/rub053/0019_lifting_heavy1,BioMotionLabNTroje/rub053/0019liftingheavy1
BioMotionLab_NTroje/rub053/0007_normal_walk3,BioMotionLabNTroje/rub053/0007normalwalk3
BioMotionLab_NTroje/rub053/0001_treadmill_fast,BioMotionLabNTroje/rub053/0001treadmillfast
BioMotionLab_NTroje/rub053/0011_normal_jog3,BioMotionLabNTroje/rub053/0011normaljog3
BioMotionLab_NTroje/rub090/0003_treadmill_jog,BioMotionLabNTroje/rub090/0003treadmilljog
BioMotionLab_NTroje/rub090/0013_knocking1,BioMotionLabNTroje/rub090/0013knocking1
BioMotionLab_NTroje/rub090/0012_normal_jog4,BioMotionLabNTroje/rub090/0012normaljog4
BioMotionLab_NTroje/rub090/0021_catching_and_throwing,BioMotionLabNTroje/rub090/0021catchingandthrowing
BioMotionLab_NTroje/rub090/0005_normal_walk1,BioMotionLabNTroje/rub090/0005normalwalk1
BioMotionLab_NTroje/rub090/0022_throwing_hard1,BioMotionLabNTroje/rub090/0022throwinghard1
BioMotionLab_NTroje/rub090/0002_treadmill_slow,BioMotionLabNTroje/rub090/0002treadmillslow
BioMotionLab_NTroje/rub090/0020_lifting_heavy2,BioMotionLabNTroje/rub090/0020liftingheavy2
BioMotionLab_NTroje/rub090/0016_sitting2,BioMotionLabNTroje/rub090/0016sitting2
BioMotionLab_NTroje/rub090/0015_sitting1,BioMotionLabNTroje/rub090/0015sitting1
BioMotionLab_NTroje/rub090/0008_normal_walk4,BioMotionLabNTroje/rub090/0008normalwalk4
BioMotionLab_NTroje/rub090/0006_normal_walk2,BioMotionLabNTroje/rub090/0006normalwalk2
BioMotionLab_NTroje/rub090/0000_treadmill_norm,BioMotionLabNTroje/rub090/0000treadmillnorm
BioMotionLab_NTroje/rub090/0014_knocking2,BioMotionLabNTroje/rub090/0014knocking2
BioMotionLab_NTroje/rub090/0019_lifting_heavy1,BioMotionLabNTroje/rub090/0019liftingheavy1
BioMotionLab_NTroje/rub090/0007_normal_walk3,BioMotionLabNTroje/rub090/0007normalwalk3
BioMotionLab_NTroje/rub090/0001_treadmill_fast,BioMotionLabNTroje/rub090/0001treadmillfast
BioMotionLab_NTroje/rub015/0005_normal_walk1,BioMotionLabNTroje/rub015/0005normalwalk1
BioMotionLab_NTroje/rub015/0021_lifting_heavy2,BioMotionLabNTroje/rub015/0021liftingheavy2
BioMotionLab_NTroje/rub015/0030_jumping2,BioMotionLabNTroje/rub015/0030jumping2
BioMotionLab_NTroje/rub015/0000_treadmill_norm,BioMotionLabNTroje/rub015/0000treadmillnorm
BioMotionLab_NTroje/rub015/0023_throwing_hard1,BioMotionLabNTroje/rub015/0023throwinghard1
BioMotionLab_NTroje/rub015/0017_lifting_light1,BioMotionLabNTroje/rub015/0017liftinglight1
BioMotionLab_NTroje/rub015/0007_normal_walk3,BioMotionLabNTroje/rub015/0007normalwalk3
BioMotionLab_NTroje/rub015/0011_normal_jog3,BioMotionLabNTroje/rub015/0011normaljog3
BioMotionLab_NTroje/rub020/0023_throwing_hard2,BioMotionLabNTroje/rub020/0023throwinghard2
BioMotionLab_NTroje/rub020/0000_treadmill_norm,BioMotionLabNTroje/rub020/0000treadmillnorm
BioMotionLab_NTroje/rub020/0019_lifting_heavy1,BioMotionLabNTroje/rub020/0019liftingheavy1
BioMotionLab_NTroje/rub020/0029_jumping2,BioMotionLabNTroje/rub020/0029jumping2
BioMotionLab_NTroje/rub039/0028_jumping1,BioMotionLabNTroje/rub039/0028jumping1
BioMotionLab_NTroje/rub039/0018_lifting_light2,BioMotionLabNTroje/rub039/0018liftinglight2
BioMotionLab_NTroje/rub039/0009_normal_jog1,BioMotionLabNTroje/rub039/0009normaljog1
BioMotionLab_NTroje/rub039/0021_catching_and_throwing,BioMotionLabNTroje/rub039/0021catchingandthrowing
BioMotionLab_NTroje/rub039/0005_normal_walk1,BioMotionLabNTroje/rub039/0005normalwalk1
BioMotionLab_NTroje/rub039/0025_kicking1,BioMotionLabNTroje/rub039/0025kicking1
BioMotionLab_NTroje/rub039/0024_throwing_hard3,BioMotionLabNTroje/rub039/0024throwinghard3
BioMotionLab_NTroje/rub039/0030_scamper_rom,BioMotionLabNTroje/rub039/0030scamperrom
BioMotionLab_NTroje/rub039/0010_normal_jog2,BioMotionLabNTroje/rub039/0010normaljog2
BioMotionLab_NTroje/rub039/0011_normal_jog3,BioMotionLabNTroje/rub039/0011normaljog3
BioMotionLab_NTroje/rub044/0028_jumping1,BioMotionLabNTroje/rub044/0028jumping1
BioMotionLab_NTroje/rub044/0003_treadmill_jog,BioMotionLabNTroje/rub044/0003treadmilljog
BioMotionLab_NTroje/rub044/0018_lifting_light2,BioMotionLabNTroje/rub044/0018liftinglight2
BioMotionLab_NTroje/rub044/0004_motorcycle,BioMotionLabNTroje/rub044/0004motorcycle
BioMotionLab_NTroje/rub044/0009_normal_jog1,BioMotionLabNTroje/rub044/0009normaljog1
BioMotionLab_NTroje/rub044/0005_normal_walk1,BioMotionLabNTroje/rub044/0005normalwalk1
BioMotionLab_NTroje/rub044/0022_throwing_hard1,BioMotionLabNTroje/rub044/0022throwinghard1
BioMotionLab_NTroje/rub044/0027_circle_walk,BioMotionLabNTroje/rub044/0027circlewalk
BioMotionLab_NTroje/rub044/0002_treadmill_slow,BioMotionLabNTroje/rub044/0002treadmillslow
BioMotionLab_NTroje/rub044/0015_sitting1,BioMotionLabNTroje/rub044/0015sitting1
BioMotionLab_NTroje/rub044/0008_normal_walk4,BioMotionLabNTroje/rub044/0008normalwalk4
BioMotionLab_NTroje/rub044/0025_kicking1,BioMotionLabNTroje/rub044/0025kicking1
BioMotionLab_NTroje/rub044/0029_jumping2,BioMotionLabNTroje/rub044/0029jumping2
BioMotionLab_NTroje/rub044/0026_kicking2,BioMotionLabNTroje/rub044/0026kicking2
BioMotionLab_NTroje/rub044/0011_normal_jog3,BioMotionLabNTroje/rub044/0011normaljog3
BioMotionLab_NTroje/rub081/0031_rom,BioMotionLabNTroje/rub081/0031rom
BioMotionLab_NTroje/rub081/0028_jumping1,BioMotionLabNTroje/rub081/0028jumping1
BioMotionLab_NTroje/rub081/0003_treadmill_jog,BioMotionLabNTroje/rub081/0003treadmilljog
BioMotionLab_NTroje/rub081/0013_knocking1,BioMotionLabNTroje/rub081/0013knocking1
BioMotionLab_NTroje/rub081/0018_lifting_light2,BioMotionLabNTroje/rub081/0018liftinglight2
BioMotionLab_NTroje/rub081/0023_throwing_hard2,BioMotionLabNTroje/rub081/0023throwinghard2
BioMotionLab_NTroje/rub081/0012_normal_jog4,BioMotionLabNTroje/rub081/0012normaljog4
BioMotionLab_NTroje/rub081/0004_motorcycle,BioMotionLabNTroje/rub081/0004motorcycle
BioMotionLab_NTroje/rub081/0009_normal_jog1,BioMotionLabNTroje/rub081/0009normaljog1
BioMotionLab_NTroje/rub081/0005_normal_walk1,BioMotionLabNTroje/rub081/0005normalwalk1
BioMotionLab_NTroje/rub081/0030_scamper,BioMotionLabNTroje/rub081/0030scamper
BioMotionLab_NTroje/rub081/0022_throwing_hard1,BioMotionLabNTroje/rub081/0022throwinghard1
BioMotionLab_NTroje/rub081/0002_treadmill_slow,BioMotionLabNTroje/rub081/0002treadmillslow
BioMotionLab_NTroje/rub081/0020_lifting_heavy2,BioMotionLabNTroje/rub081/0020liftingheavy2
BioMotionLab_NTroje/rub081/0016_sitting2,BioMotionLabNTroje/rub081/0016sitting2
BioMotionLab_NTroje/rub081/0015_sitting1,BioMotionLabNTroje/rub081/0015sitting1
BioMotionLab_NTroje/rub081/0008_normal_walk4,BioMotionLabNTroje/rub081/0008normalwalk4
BioMotionLab_NTroje/rub081/0006_normal_walk2,BioMotionLabNTroje/rub081/0006normalwalk2
BioMotionLab_NTroje/rub081/0000_treadmill_norm,BioMotionLabNTroje/rub081/0000treadmillnorm
BioMotionLab_NTroje/rub081/0024_throwing_hard3,BioMotionLabNTroje/rub081/0024throwinghard3
BioMotionLab_NTroje/rub081/0017_lifting_light1,BioMotionLabNTroje/rub081/0017liftinglight1
BioMotionLab_NTroje/rub081/0029_jumping2,BioMotionLabNTroje/rub081/0029jumping2
BioMotionLab_NTroje/rub081/0026_kicking2,BioMotionLabNTroje/rub081/0026kicking2
BioMotionLab_NTroje/rub081/0007_normal_walk3,BioMotionLabNTroje/rub081/0007normalwalk3
BioMotionLab_NTroje/rub081/0010_normal_jog2,BioMotionLabNTroje/rub081/0010normaljog2
BioMotionLab_NTroje/rub081/0001_treadmill_fast,BioMotionLabNTroje/rub081/0001treadmillfast
BioMotionLab_NTroje/rub081/0011_normal_jog3,BioMotionLabNTroje/rub081/0011normaljog3
BioMotionLab_NTroje/rub006/0015_lifting_heavy1,BioMotionLabNTroje/rub006/0015liftingheavy1
BioMotionLab_NTroje/rub006/0024_scamper,BioMotionLabNTroje/rub006/0024scamper
BioMotionLab_NTroje/rub006/0013_lifting_light1,BioMotionLabNTroje/rub006/0013liftinglight1
BioMotionLab_NTroje/rub006/0002_treadmill_slow,BioMotionLabNTroje/rub006/0002treadmillslow
BioMotionLab_NTroje/rub006/0006_normal_walk2,BioMotionLabNTroje/rub006/0006normalwalk2
BioMotionLab_NTroje/rub006/0019_kicking1,BioMotionLabNTroje/rub006/0019kicking1
BioMotionLab_NTroje/rub011/0028_jumping1,BioMotionLabNTroje/rub011/0028jumping1
BioMotionLab_NTroje/rub011/0023_throwing_hard2,BioMotionLabNTroje/rub011/0023throwinghard2
BioMotionLab_NTroje/rub011/0020_lifting_heavy2,BioMotionLabNTroje/rub011/0020liftingheavy2
BioMotionLab_NTroje/rub011/0015_sitting1,BioMotionLabNTroje/rub011/0015sitting1
BioMotionLab_NTroje/rub035/0003_treadmill_jog,BioMotionLabNTroje/rub035/0003treadmilljog
BioMotionLab_NTroje/rub035/0021_throwing_hard1,BioMotionLabNTroje/rub035/0021throwinghard1
BioMotionLab_NTroje/rub035/0020_lifting_heavy2,BioMotionLabNTroje/rub035/0020liftingheavy2
BioMotionLab_NTroje/rub035/0015_sitting1,BioMotionLabNTroje/rub035/0015sitting1
BioMotionLab_NTroje/rub035/0000_treadmill_norm,BioMotionLabNTroje/rub035/0000treadmillnorm
BioMotionLab_NTroje/rub035/0007_normal_walk3,BioMotionLabNTroje/rub035/0007normalwalk3
BioMotionLab_NTroje/rub035/0011_normal_jog3,BioMotionLabNTroje/rub035/0011normaljog3
BioMotionLab_NTroje/rub072/0003_treadmill_jog,BioMotionLabNTroje/rub072/0003treadmilljog
BioMotionLab_NTroje/rub072/0013_knocking1,BioMotionLabNTroje/rub072/0013knocking1
BioMotionLab_NTroje/rub072/0018_lifting_light2,BioMotionLabNTroje/rub072/0018liftinglight2
BioMotionLab_NTroje/rub072/0023_throwing_hard2,BioMotionLabNTroje/rub072/0023throwinghard2
BioMotionLab_NTroje/rub072/0012_normal_jog4,BioMotionLabNTroje/rub072/0012normaljog4
BioMotionLab_NTroje/rub072/0009_normal_jog1,BioMotionLabNTroje/rub072/0009normaljog1
BioMotionLab_NTroje/rub072/0022_throwing_hard1,BioMotionLabNTroje/rub072/0022throwinghard1
BioMotionLab_NTroje/rub072/0027_circle_walk,BioMotionLabNTroje/rub072/0027circlewalk
BioMotionLab_NTroje/rub072/0002_treadmill_slow,BioMotionLabNTroje/rub072/0002treadmillslow
BioMotionLab_NTroje/rub072/0020_lifting_heavy2,BioMotionLabNTroje/rub072/0020liftingheavy2
BioMotionLab_NTroje/rub072/0016_sitting2,BioMotionLabNTroje/rub072/0016sitting2
BioMotionLab_NTroje/rub072/0025_kicking1,BioMotionLabNTroje/rub072/0025kicking1
BioMotionLab_NTroje/rub072/0006_normal_walk2,BioMotionLabNTroje/rub072/0006normalwalk2
BioMotionLab_NTroje/rub072/0000_treadmill_norm,BioMotionLabNTroje/rub072/0000treadmillnorm
BioMotionLab_NTroje/rub072/0024_throwing_hard3,BioMotionLabNTroje/rub072/0024throwinghard3
BioMotionLab_NTroje/rub072/0019_lifting_heavy1,BioMotionLabNTroje/rub072/0019liftingheavy1
BioMotionLab_NTroje/rub072/0026_kicking2,BioMotionLabNTroje/rub072/0026kicking2
BioMotionLab_NTroje/rub072/0007_normal_walk3,BioMotionLabNTroje/rub072/0007normalwalk3
BioMotionLab_NTroje/rub072/0001_treadmill_fast,BioMotionLabNTroje/rub072/0001treadmillfast
BioMotionLab_NTroje/rub072/0011_normal_jog3,BioMotionLabNTroje/rub072/0011normaljog3
BioMotionLab_NTroje/rub096/0031_rom,BioMotionLabNTroje/rub096/0031rom
BioMotionLab_NTroje/rub096/0003_treadmill_jog,BioMotionLabNTroje/rub096/0003treadmilljog
BioMotionLab_NTroje/rub096/0013_knocking1,BioMotionLabNTroje/rub096/0013knocking1
BioMotionLab_NTroje/rub096/0018_lifting_light2,BioMotionLabNTroje/rub096/0018liftinglight2
BioMotionLab_NTroje/rub096/0023_throwing_hard2,BioMotionLabNTroje/rub096/0023throwinghard2
BioMotionLab_NTroje/rub096/0012_normal_jog4,BioMotionLabNTroje/rub096/0012normaljog4
BioMotionLab_NTroje/rub096/0004_motorcycle,BioMotionLabNTroje/rub096/0004motorcycle
BioMotionLab_NTroje/rub096/0009_normal_jog1,BioMotionLabNTroje/rub096/0009normaljog1
BioMotionLab_NTroje/rub096/0021_catching_and_throwing,BioMotionLabNTroje/rub096/0021catchingandthrowing
BioMotionLab_NTroje/rub096/0005_normal_walk1,BioMotionLabNTroje/rub096/0005normalwalk1
BioMotionLab_NTroje/rub096/0022_throwing_hard1,BioMotionLabNTroje/rub096/0022throwinghard1
BioMotionLab_NTroje/rub096/0002_treadmill_slow,BioMotionLabNTroje/rub096/0002treadmillslow
BioMotionLab_NTroje/rub096/0020_lifting_heavy2,BioMotionLabNTroje/rub096/0020liftingheavy2
BioMotionLab_NTroje/rub096/0016_sitting2,BioMotionLabNTroje/rub096/0016sitting2
BioMotionLab_NTroje/rub096/0008_normal_walk4,BioMotionLabNTroje/rub096/0008normalwalk4
BioMotionLab_NTroje/rub096/0025_kicking1,BioMotionLabNTroje/rub096/0025kicking1
BioMotionLab_NTroje/rub096/0006_normal_walk2,BioMotionLabNTroje/rub096/0006normalwalk2
BioMotionLab_NTroje/rub096/0014_knocking2,BioMotionLabNTroje/rub096/0014knocking2
BioMotionLab_NTroje/rub096/0019_lifting_heavy1,BioMotionLabNTroje/rub096/0019liftingheavy1
BioMotionLab_NTroje/rub096/0017_lifting_light1,BioMotionLabNTroje/rub096/0017liftinglight1
BioMotionLab_NTroje/rub096/0029_jumping2,BioMotionLabNTroje/rub096/0029jumping2
BioMotionLab_NTroje/rub096/0026_kicking2,BioMotionLabNTroje/rub096/0026kicking2
BioMotionLab_NTroje/rub096/0007_normal_walk3,BioMotionLabNTroje/rub096/0007normalwalk3
BioMotionLab_NTroje/rub096/0010_normal_jog2,BioMotionLabNTroje/rub096/0010normaljog2
BioMotionLab_NTroje/rub096/0001_treadmill_fast,BioMotionLabNTroje/rub096/0001treadmillfast
BioMotionLab_NTroje/rub096/0011_normal_jog3,BioMotionLabNTroje/rub096/0011normaljog3
BioMotionLab_NTroje/rub002/0015_lifting_heavy1,BioMotionLabNTroje/rub002/0015liftingheavy1
BioMotionLab_NTroje/rub109/0007_normal_walk3,BioMotionLabNTroje/rub109/0007normalwalk3
BioMotionLab_NTroje/rub026/0013_knocking1,BioMotionLabNTroje/rub026/0013knocking1
BioMotionLab_NTroje/rub026/0012_normal_jog4,BioMotionLabNTroje/rub026/0012normaljog4
BioMotionLab_NTroje/rub026/0004_motorcycle,BioMotionLabNTroje/rub026/0004motorcycle
BioMotionLab_NTroje/rub026/0009_normal_jog1,BioMotionLabNTroje/rub026/0009normaljog1
BioMotionLab_NTroje/rub026/0030_scamper,BioMotionLabNTroje/rub026/0030scamper
BioMotionLab_NTroje/rub026/0022_throwing_hard1,BioMotionLabNTroje/rub026/0022throwinghard1
BioMotionLab_NTroje/rub026/0027_circle_walk,BioMotionLabNTroje/rub026/0027circlewalk
BioMotionLab_NTroje/rub026/0020_lifting_heavy2,BioMotionLabNTroje/rub026/0020liftingheavy2
BioMotionLab_NTroje/rub026/0000_treadmill_norm,BioMotionLabNTroje/rub026/0000treadmillnorm
BioMotionLab_NTroje/rub026/0017_lifting_light1,BioMotionLabNTroje/rub026/0017liftinglight1
BioMotionLab_NTroje/rub026/0007_normal_walk3,BioMotionLabNTroje/rub026/0007normalwalk3
BioMotionLab_NTroje/rub026/0011_normal_jog3,BioMotionLabNTroje/rub026/0011normaljog3
BioMotionLab_NTroje/rub031/0013_knocking1,BioMotionLabNTroje/rub031/0013knocking1
BioMotionLab_NTroje/rub031/0004_motorcycle,BioMotionLabNTroje/rub031/0004motorcycle
BioMotionLab_NTroje/rub031/0018_lifting_light1,BioMotionLabNTroje/rub031/0018liftinglight1
BioMotionLab_NTroje/rub031/0030_jumping2,BioMotionLabNTroje/rub031/0030jumping2
BioMotionLab_NTroje/rub031/0008_normal_walk4,BioMotionLabNTroje/rub031/0008normalwalk4
BioMotionLab_NTroje/rub031/0000_treadmill_norm,BioMotionLabNTroje/rub031/0000treadmillnorm
BioMotionLab_NTroje/rub031/0007_normal_walk3,BioMotionLabNTroje/rub031/0007normalwalk3
BioMotionLab_NTroje/rub063/0031_rom,BioMotionLabNTroje/rub063/0031rom
BioMotionLab_NTroje/rub063/0003_treadmill_jog,BioMotionLabNTroje/rub063/0003treadmilljog
BioMotionLab_NTroje/rub063/0013_knocking1,BioMotionLabNTroje/rub063/0013knocking1
BioMotionLab_NTroje/rub063/0018_lifting_light2,BioMotionLabNTroje/rub063/0018liftinglight2
BioMotionLab_NTroje/rub063/0023_throwing_hard2,BioMotionLabNTroje/rub063/0023throwinghard2
BioMotionLab_NTroje/rub063/0012_normal_jog4,BioMotionLabNTroje/rub063/0012normaljog4
BioMotionLab_NTroje/rub063/0004_motorcycle,BioMotionLabNTroje/rub063/0004motorcycle
BioMotionLab_NTroje/rub063/0009_normal_jog1,BioMotionLabNTroje/rub063/0009normaljog1
BioMotionLab_NTroje/rub063/0021_catching_and_throwing,BioMotionLabNTroje/rub063/0021catchingandthrowing
BioMotionLab_NTroje/rub063/0005_normal_walk1,BioMotionLabNTroje/rub063/0005normalwalk1
BioMotionLab_NTroje/rub063/0030_scamper,BioMotionLabNTroje/rub063/0030scamper
BioMotionLab_NTroje/rub063/0027_circle_walk,BioMotionLabNTroje/rub063/0027circlewalk
BioMotionLab_NTroje/rub063/0020_lifting_heavy2,BioMotionLabNTroje/rub063/0020liftingheavy2
BioMotionLab_NTroje/rub063/0016_sitting2,BioMotionLabNTroje/rub063/0016sitting2
BioMotionLab_NTroje/rub063/0015_sitting1,BioMotionLabNTroje/rub063/0015sitting1
BioMotionLab_NTroje/rub063/0008_normal_walk4,BioMotionLabNTroje/rub063/0008normalwalk4
BioMotionLab_NTroje/rub063/0025_kicking1,BioMotionLabNTroje/rub063/0025kicking1
BioMotionLab_NTroje/rub063/0006_normal_walk2,BioMotionLabNTroje/rub063/0006normalwalk2
BioMotionLab_NTroje/rub063/0014_knocking2,BioMotionLabNTroje/rub063/0014knocking2
BioMotionLab_NTroje/rub063/0024_throwing_hard3,BioMotionLabNTroje/rub063/0024throwinghard3
BioMotionLab_NTroje/rub063/0019_lifting_heavy1,BioMotionLabNTroje/rub063/0019liftingheavy1
BioMotionLab_NTroje/rub063/0017_lifting_light1,BioMotionLabNTroje/rub063/0017liftinglight1
BioMotionLab_NTroje/rub063/0029_jumping2,BioMotionLabNTroje/rub063/0029jumping2
BioMotionLab_NTroje/rub063/0007_normal_walk3,BioMotionLabNTroje/rub063/0007normalwalk3
BioMotionLab_NTroje/rub063/0010_normal_jog2,BioMotionLabNTroje/rub063/0010normaljog2
BioMotionLab_NTroje/rub063/0001_treadmill_fast,BioMotionLabNTroje/rub063/0001treadmillfast
BioMotionLab_NTroje/rub063/0011_normal_jog3,BioMotionLabNTroje/rub063/0011normaljog3
BioMotionLab_NTroje/rub087/0031_rom,BioMotionLabNTroje/rub087/0031rom
BioMotionLab_NTroje/rub087/0028_jumping1,BioMotionLabNTroje/rub087/0028jumping1
BioMotionLab_NTroje/rub087/0003_treadmill_jog,BioMotionLabNTroje/rub087/0003treadmilljog
BioMotionLab_NTroje/rub087/0013_knocking1,BioMotionLabNTroje/rub087/0013knocking1
BioMotionLab_NTroje/rub087/0023_throwing_hard2,BioMotionLabNTroje/rub087/0023throwinghard2
BioMotionLab_NTroje/rub087/0012_normal_jog4,BioMotionLabNTroje/rub087/0012normaljog4
BioMotionLab_NTroje/rub087/0004_motorcycle,BioMotionLabNTroje/rub087/0004motorcycle
BioMotionLab_NTroje/rub087/0009_normal_jog1,BioMotionLabNTroje/rub087/0009normaljog1
BioMotionLab_NTroje/rub087/0021_catching_and_throwing,BioMotionLabNTroje/rub087/0021catchingandthrowing
BioMotionLab_NTroje/rub087/0005_normal_walk1,BioMotionLabNTroje/rub087/0005normalwalk1
BioMotionLab_NTroje/rub087/0030_scamper,BioMotionLabNTroje/rub087/0030scamper
BioMotionLab_NTroje/rub087/0022_throwing_hard1,BioMotionLabNTroje/rub087/0022throwinghard1
BioMotionLab_NTroje/rub087/0027_circle_walk,BioMotionLabNTroje/rub087/0027circlewalk
BioMotionLab_NTroje/rub087/0002_treadmill_slow,BioMotionLabNTroje/rub087/0002treadmillslow
BioMotionLab_NTroje/rub087/0020_lifting_heavy2,BioMotionLabNTroje/rub087/0020liftingheavy2
BioMotionLab_NTroje/rub087/0016_sitting2,BioMotionLabNTroje/rub087/0016sitting2
BioMotionLab_NTroje/rub087/0015_sitting1,BioMotionLabNTroje/rub087/0015sitting1
BioMotionLab_NTroje/rub087/0008_normal_walk4,BioMotionLabNTroje/rub087/0008normalwalk4
BioMotionLab_NTroje/rub087/0025_kicking1,BioMotionLabNTroje/rub087/0025kicking1
BioMotionLab_NTroje/rub087/0006_normal_walk2,BioMotionLabNTroje/rub087/0006normalwalk2
BioMotionLab_NTroje/rub087/0000_treadmill_norm,BioMotionLabNTroje/rub087/0000treadmillnorm
BioMotionLab_NTroje/rub087/0014_knocking2,BioMotionLabNTroje/rub087/0014knocking2
BioMotionLab_NTroje/rub087/0024_throwing_hard3,BioMotionLabNTroje/rub087/0024throwinghard3
BioMotionLab_NTroje/rub087/0019_lifting_heavy1,BioMotionLabNTroje/rub087/0019liftingheavy1
BioMotionLab_NTroje/rub087/0017_lifting_light1,BioMotionLabNTroje/rub087/0017liftinglight1
BioMotionLab_NTroje/rub087/0029_jumping2,BioMotionLabNTroje/rub087/0029jumping2
BioMotionLab_NTroje/rub087/0007_normal_walk3,BioMotionLabNTroje/rub087/0007normalwalk3
BioMotionLab_NTroje/rub087/0010_normal_jog2,BioMotionLabNTroje/rub087/0010normaljog2
BioMotionLab_NTroje/rub087/0001_treadmill_fast,BioMotionLabNTroje/rub087/0001treadmillfast
BioMotionLab_NTroje/rub087/0011_normal_jog3,BioMotionLabNTroje/rub087/0011normaljog3
BioMotionLab_NTroje/rub092/0003_treadmill_jog,BioMotionLabNTroje/rub092/0003treadmilljog
BioMotionLab_NTroje/rub092/0013_knocking1,BioMotionLabNTroje/rub092/0013knocking1
BioMotionLab_NTroje/rub092/0026_scamper,BioMotionLabNTroje/rub092/0026scamper
BioMotionLab_NTroje/rub092/0012_normal_jog4,BioMotionLabNTroje/rub092/0012normaljog4
BioMotionLab_NTroje/rub092/0004_motorcycle,BioMotionLabNTroje/rub092/0004motorcycle
BioMotionLab_NTroje/rub092/0009_normal_jog1,BioMotionLabNTroje/rub092/0009normaljog1
BioMotionLab_NTroje/rub092/0005_normal_walk1,BioMotionLabNTroje/rub092/0005normalwalk1
BioMotionLab_NTroje/rub092/0021_kicking1,BioMotionLabNTroje/rub092/0021kicking1
BioMotionLab_NTroje/rub092/0017_catching_and_throwing,BioMotionLabNTroje/rub092/0017catchingandthrowing
BioMotionLab_NTroje/rub092/0002_treadmill_slow,BioMotionLabNTroje/rub092/0002treadmillslow
BioMotionLab_NTroje/rub092/0025_jumping2,BioMotionLabNTroje/rub092/0025jumping2
BioMotionLab_NTroje/rub092/0018_throwing_hard1,BioMotionLabNTroje/rub092/0018throwinghard1
BioMotionLab_NTroje/rub092/0027_rom,BioMotionLabNTroje/rub092/0027rom
BioMotionLab_NTroje/rub092/0016_sitting2,BioMotionLabNTroje/rub092/0016sitting2
BioMotionLab_NTroje/rub092/0015_sitting1,BioMotionLabNTroje/rub092/0015sitting1
BioMotionLab_NTroje/rub092/0024_jumping1,BioMotionLabNTroje/rub092/0024jumping1
BioMotionLab_NTroje/rub092/0008_normal_walk4,BioMotionLabNTroje/rub092/0008normalwalk4
BioMotionLab_NTroje/rub092/0006_normal_walk2,BioMotionLabNTroje/rub092/0006normalwalk2
BioMotionLab_NTroje/rub092/0000_treadmill_norm,BioMotionLabNTroje/rub092/0000treadmillnorm
BioMotionLab_NTroje/rub092/0014_knocking2,BioMotionLabNTroje/rub092/0014knocking2
BioMotionLab_NTroje/rub092/0007_normal_walk3,BioMotionLabNTroje/rub092/0007normalwalk3
BioMotionLab_NTroje/rub092/0019_throwing_hard2,BioMotionLabNTroje/rub092/0019throwinghard2
BioMotionLab_NTroje/rub092/0010_normal_jog2,BioMotionLabNTroje/rub092/0010normaljog2
BioMotionLab_NTroje/rub092/0001_treadmill_fast,BioMotionLabNTroje/rub092/0001treadmillfast
BioMotionLab_NTroje/rub017/0005_normal_walk1,BioMotionLabNTroje/rub017/0005normalwalk1
BioMotionLab_NTroje/rub017/0030_scamper,BioMotionLabNTroje/rub017/0030scamper
BioMotionLab_NTroje/rub017/0022_throwing_hard1,BioMotionLabNTroje/rub017/0022throwinghard1
BioMotionLab_NTroje/rub017/0000_treadmill_norm,BioMotionLabNTroje/rub017/0000treadmillnorm
BioMotionLab_NTroje/rub017/0007_normal_walk3,BioMotionLabNTroje/rub017/0007normalwalk3
BioMotionLab_NTroje/rub022/0013_knocking2,BioMotionLabNTroje/rub022/0013knocking2
BioMotionLab_NTroje/rub022/0005_normal_walk1,BioMotionLabNTroje/rub022/0005normalwalk1
BioMotionLab_NTroje/rub022/0002_treadmill_slow,BioMotionLabNTroje/rub022/0002treadmillslow
BioMotionLab_NTroje/rub022/0019_lifting_heavy2,BioMotionLabNTroje/rub022/0019liftingheavy2
BioMotionLab_NTroje/rub022/0011_normal_jog4,BioMotionLabNTroje/rub022/0011normaljog4
BioMotionLab_NTroje/rub054/0031_rom,BioMotionLabNTroje/rub054/0031rom
BioMotionLab_NTroje/rub054/0018_lifting_light2,BioMotionLabNTroje/rub054/0018liftinglight2
BioMotionLab_NTroje/rub054/0023_throwing_hard2,BioMotionLabNTroje/rub054/0023throwinghard2
BioMotionLab_NTroje/rub054/0009_normal_jog1,BioMotionLabNTroje/rub054/0009normaljog1
BioMotionLab_NTroje/rub054/0021_catching_and_throwing,BioMotionLabNTroje/rub054/0021catchingandthrowing
BioMotionLab_NTroje/rub054/0005_normal_walk1,BioMotionLabNTroje/rub054/0005normalwalk1
BioMotionLab_NTroje/rub054/0022_throwing_hard1,BioMotionLabNTroje/rub054/0022throwinghard1
BioMotionLab_NTroje/rub054/0002_treadmill_slow,BioMotionLabNTroje/rub054/0002treadmillslow
BioMotionLab_NTroje/rub054/0020_lifting_heavy2,BioMotionLabNTroje/rub054/0020liftingheavy2
BioMotionLab_NTroje/rub054/0015_sitting1,BioMotionLabNTroje/rub054/0015sitting1
BioMotionLab_NTroje/rub054/0024_throwing_hard3,BioMotionLabNTroje/rub054/0024throwinghard3
BioMotionLab_NTroje/rub054/0010_normal_jog2,BioMotionLabNTroje/rub054/0010normaljog2
BioMotionLab_NTroje/rub078/0003_treadmill_jog,BioMotionLabNTroje/rub078/0003treadmilljog
BioMotionLab_NTroje/rub078/0023_throwing_hard2,BioMotionLabNTroje/rub078/0023throwinghard2
BioMotionLab_NTroje/rub078/0012_normal_jog4,BioMotionLabNTroje/rub078/0012normaljog4
BioMotionLab_NTroje/rub078/0004_motorcycle,BioMotionLabNTroje/rub078/0004motorcycle
BioMotionLab_NTroje/rub078/0022_throwing_hard1,BioMotionLabNTroje/rub078/0022throwinghard1
BioMotionLab_NTroje/rub078/0029_scamper,BioMotionLabNTroje/rub078/0029scamper
BioMotionLab_NTroje/rub078/0002_treadmill_slow,BioMotionLabNTroje/rub078/0002treadmillslow
BioMotionLab_NTroje/rub078/0020_lifting_heavy2,BioMotionLabNTroje/rub078/0020liftingheavy2
BioMotionLab_NTroje/rub078/0015_sitting1,BioMotionLabNTroje/rub078/0015sitting1
BioMotionLab_NTroje/rub078/0008_normal_walk4,BioMotionLabNTroje/rub078/0008normalwalk4
BioMotionLab_NTroje/rub078/0006_normal_walk2,BioMotionLabNTroje/rub078/0006normalwalk2
BioMotionLab_NTroje/rub078/0000_treadmill_norm,BioMotionLabNTroje/rub078/0000treadmillnorm
BioMotionLab_NTroje/rub078/0024_throwing_hard3,BioMotionLabNTroje/rub078/0024throwinghard3
BioMotionLab_NTroje/rub078/0007_normal_walk3,BioMotionLabNTroje/rub078/0007normalwalk3
BioMotionLab_NTroje/rub078/0010_normal_jog2,BioMotionLabNTroje/rub078/0010normaljog2
BioMotionLab_NTroje/rub078/0001_treadmill_fast,BioMotionLabNTroje/rub078/0001treadmillfast
BioMotionLab_NTroje/rub078/0011_normal_jog3,BioMotionLabNTroje/rub078/0011normaljog3
BioMotionLab_NTroje/rub083/0028_jumping1,BioMotionLabNTroje/rub083/0028jumping1
BioMotionLab_NTroje/rub083/0003_treadmill_jog,BioMotionLabNTroje/rub083/0003treadmilljog
BioMotionLab_NTroje/rub083/0013_knocking1,BioMotionLabNTroje/rub083/0013knocking1
BioMotionLab_NTroje/rub083/0018_lifting_light2,BioMotionLabNTroje/rub083/0018liftinglight2
BioMotionLab_NTroje/rub083/0023_throwing_hard2,BioMotionLabNTroje/rub083/0023throwinghard2
BioMotionLab_NTroje/rub083/0012_normal_jog4,BioMotionLabNTroje/rub083/0012normaljog4
BioMotionLab_NTroje/rub083/0004_motorcycle,BioMotionLabNTroje/rub083/0004motorcycle
BioMotionLab_NTroje/rub083/0021_catching_and_throwing,BioMotionLabNTroje/rub083/0021catchingandthrowing
BioMotionLab_NTroje/rub083/0005_normal_walk1,BioMotionLabNTroje/rub083/0005normalwalk1
BioMotionLab_NTroje/rub083/0027_circle_walk,BioMotionLabNTroje/rub083/0027circlewalk
BioMotionLab_NTroje/rub083/0002_treadmill_slow,BioMotionLabNTroje/rub083/0002treadmillslow
BioMotionLab_NTroje/rub083/0015_sitting1,BioMotionLabNTroje/rub083/0015sitting1
BioMotionLab_NTroje/rub083/0008_normal_walk4,BioMotionLabNTroje/rub083/0008normalwalk4
BioMotionLab_NTroje/rub083/0006_normal_walk2,BioMotionLabNTroje/rub083/0006normalwalk2
BioMotionLab_NTroje/rub083/0014_knocking2,BioMotionLabNTroje/rub083/0014knocking2
BioMotionLab_NTroje/rub083/0019_lifting_heavy1,BioMotionLabNTroje/rub083/0019liftingheavy1
BioMotionLab_NTroje/rub083/0017_lifting_light1,BioMotionLabNTroje/rub083/0017liftinglight1
BioMotionLab_NTroje/rub083/0029_jumping2,BioMotionLabNTroje/rub083/0029jumping2
BioMotionLab_NTroje/rub083/0026_kicking2,BioMotionLabNTroje/rub083/0026kicking2
BioMotionLab_NTroje/rub083/0007_normal_walk3,BioMotionLabNTroje/rub083/0007normalwalk3
BioMotionLab_NTroje/rub083/0010_normal_jog2,BioMotionLabNTroje/rub083/0010normaljog2
BioMotionLab_NTroje/rub083/0001_treadmill_fast,BioMotionLabNTroje/rub083/0001treadmillfast
BioMotionLab_NTroje/rub083/0011_normal_jog3,BioMotionLabNTroje/rub083/0011normaljog3
BioMotionLab_NTroje/rub008/0021_catching_and_throwing,BioMotionLabNTroje/rub008/0021catchingandthrowing
BioMotionLab_NTroje/rub008/0022_throwing_hard1,BioMotionLabNTroje/rub008/0022throwinghard1
BioMotionLab_NTroje/rub008/0016_sitting2,BioMotionLabNTroje/rub008/0016sitting2
BioMotionLab_NTroje/rub008/0019_lifting_heavy1,BioMotionLabNTroje/rub008/0019liftingheavy1
BioMotionLab_NTroje/rub045/0003_treadmill_jog,BioMotionLabNTroje/rub045/0003treadmilljog
BioMotionLab_NTroje/rub045/0013_knocking1,BioMotionLabNTroje/rub045/0013knocking1
BioMotionLab_NTroje/rub045/0032_rom,BioMotionLabNTroje/rub045/0032rom
BioMotionLab_NTroje/rub045/0020_lifting_heavy1,BioMotionLabNTroje/rub045/0020liftingheavy1
BioMotionLab_NTroje/rub045/0012_normal_jog4,BioMotionLabNTroje/rub045/0012normaljog4
BioMotionLab_NTroje/rub045/0004_motorcycle,BioMotionLabNTroje/rub045/0004motorcycle
BioMotionLab_NTroje/rub045/0005_normal_walk1,BioMotionLabNTroje/rub045/0005normalwalk1
BioMotionLab_NTroje/rub045/0021_lifting_heavy2,BioMotionLabNTroje/rub045/0021liftingheavy2
BioMotionLab_NTroje/rub045/0030_jumping2,BioMotionLabNTroje/rub045/0030jumping2
BioMotionLab_NTroje/rub045/0016_sitting2,BioMotionLabNTroje/rub045/0016sitting2
BioMotionLab_NTroje/rub045/0006_normal_walk2,BioMotionLabNTroje/rub045/0006normalwalk2
BioMotionLab_NTroje/rub045/0022_catching_and_throwing,BioMotionLabNTroje/rub045/0022catchingandthrowing
BioMotionLab_NTroje/rub045/0023_throwing_hard1,BioMotionLabNTroje/rub045/0023throwinghard1
BioMotionLab_NTroje/rub045/0027_kicking2,BioMotionLabNTroje/rub045/0027kicking2
BioMotionLab_NTroje/rub045/0029_jumping1,BioMotionLabNTroje/rub045/0029jumping1
BioMotionLab_NTroje/rub045/0001_treadmill_fast,BioMotionLabNTroje/rub045/0001treadmillfast
BioMotionLab_NTroje/rub050/0031_rom,BioMotionLabNTroje/rub050/0031rom
BioMotionLab_NTroje/rub050/0028_jumping1,BioMotionLabNTroje/rub050/0028jumping1
BioMotionLab_NTroje/rub050/0004_motorcycle,BioMotionLabNTroje/rub050/0004motorcycle
BioMotionLab_NTroje/rub050/0009_normal_jog1,BioMotionLabNTroje/rub050/0009normaljog1
BioMotionLab_NTroje/rub050/0002_treadmill_slow,BioMotionLabNTroje/rub050/0002treadmillslow
BioMotionLab_NTroje/rub050/0020_lifting_heavy2,BioMotionLabNTroje/rub050/0020liftingheavy2
BioMotionLab_NTroje/rub050/0016_sitting2,BioMotionLabNTroje/rub050/0016sitting2
BioMotionLab_NTroje/rub050/0015_sitting1,BioMotionLabNTroje/rub050/0015sitting1
BioMotionLab_NTroje/rub050/0008_normal_walk4,BioMotionLabNTroje/rub050/0008normalwalk4
BioMotionLab_NTroje/rub050/0006_normal_walk2,BioMotionLabNTroje/rub050/0006normalwalk2
BioMotionLab_NTroje/rub050/0000_treadmill_norm,BioMotionLabNTroje/rub050/0000treadmillnorm
BioMotionLab_NTroje/rub050/0010_normal_jog2,BioMotionLabNTroje/rub050/0010normaljog2
BioMotionLab_NTroje/rub050/0001_treadmill_fast,BioMotionLabNTroje/rub050/0001treadmillfast
BioMotionLab_NTroje/rub050/0011_normal_jog3,BioMotionLabNTroje/rub050/0011normaljog3
BioMotionLab_NTroje/rub069/0031_rom,BioMotionLabNTroje/rub069/0031rom
BioMotionLab_NTroje/rub069/0028_jumping1,BioMotionLabNTroje/rub069/0028jumping1
BioMotionLab_NTroje/rub069/0003_treadmill_jog,BioMotionLabNTroje/rub069/0003treadmilljog
BioMotionLab_NTroje/rub069/0013_knocking1,BioMotionLabNTroje/rub069/0013knocking1
BioMotionLab_NTroje/rub069/0018_lifting_light2,BioMotionLabNTroje/rub069/0018liftinglight2
BioMotionLab_NTroje/rub069/0012_normal_jog4,BioMotionLabNTroje/rub069/0012normaljog4
BioMotionLab_NTroje/rub069/0005_normal_walk1,BioMotionLabNTroje/rub069/0005normalwalk1
BioMotionLab_NTroje/rub069/0030_scamper,BioMotionLabNTroje/rub069/0030scamper
BioMotionLab_NTroje/rub069/0022_throwing_hard1,BioMotionLabNTroje/rub069/0022throwinghard1
BioMotionLab_NTroje/rub069/0027_circle_walk,BioMotionLabNTroje/rub069/0027circlewalk
BioMotionLab_NTroje/rub069/0002_treadmill_slow,BioMotionLabNTroje/rub069/0002treadmillslow
BioMotionLab_NTroje/rub069/0020_lifting_heavy2,BioMotionLabNTroje/rub069/0020liftingheavy2
BioMotionLab_NTroje/rub069/0016_sitting2,BioMotionLabNTroje/rub069/0016sitting2
BioMotionLab_NTroje/rub069/0006_normal_walk2,BioMotionLabNTroje/rub069/0006normalwalk2
BioMotionLab_NTroje/rub069/0014_knocking2,BioMotionLabNTroje/rub069/0014knocking2
BioMotionLab_NTroje/rub069/0017_lifting_light1,BioMotionLabNTroje/rub069/0017liftinglight1
BioMotionLab_NTroje/rub069/0029_jumping2,BioMotionLabNTroje/rub069/0029jumping2
BioMotionLab_NTroje/rub069/0007_normal_walk3,BioMotionLabNTroje/rub069/0007normalwalk3
BioMotionLab_NTroje/rub069/0010_normal_jog2,BioMotionLabNTroje/rub069/0010normaljog2
BioMotionLab_NTroje/rub069/0011_normal_jog3,BioMotionLabNTroje/rub069/0011normaljog3
BioMotionLab_NTroje/rub074/0003_treadmill_jog,BioMotionLabNTroje/rub074/0003treadmilljog
BioMotionLab_NTroje/rub074/0023_throwing_hard2,BioMotionLabNTroje/rub074/0023throwinghard2
BioMotionLab_NTroje/rub074/0012_normal_jog4,BioMotionLabNTroje/rub074/0012normaljog4
BioMotionLab_NTroje/rub074/0004_motorcycle,BioMotionLabNTroje/rub074/0004motorcycle
BioMotionLab_NTroje/rub074/0009_normal_jog1,BioMotionLabNTroje/rub074/0009normaljog1
BioMotionLab_NTroje/rub074/0021_catching_and_throwing,BioMotionLabNTroje/rub074/0021catchingandthrowing
BioMotionLab_NTroje/rub074/0005_normal_walk1,BioMotionLabNTroje/rub074/0005normalwalk1
BioMotionLab_NTroje/rub074/0022_throwing_hard1,BioMotionLabNTroje/rub074/0022throwinghard1
BioMotionLab_NTroje/rub074/0016_sitting2,BioMotionLabNTroje/rub074/0016sitting2
BioMotionLab_NTroje/rub074/0015_sitting1,BioMotionLabNTroje/rub074/0015sitting1
BioMotionLab_NTroje/rub074/0008_normal_walk4,BioMotionLabNTroje/rub074/0008normalwalk4
BioMotionLab_NTroje/rub074/0025_kicking1,BioMotionLabNTroje/rub074/0025kicking1
BioMotionLab_NTroje/rub074/0000_treadmill_norm,BioMotionLabNTroje/rub074/0000treadmillnorm
BioMotionLab_NTroje/rub074/0024_throwing_hard3,BioMotionLabNTroje/rub074/0024throwinghard3
BioMotionLab_NTroje/rub074/0029_jumping2,BioMotionLabNTroje/rub074/0029jumping2
BioMotionLab_NTroje/rub074/0026_kicking2,BioMotionLabNTroje/rub074/0026kicking2
BioMotionLab_NTroje/rub074/0007_normal_walk3,BioMotionLabNTroje/rub074/0007normalwalk3
BioMotionLab_NTroje/rub074/0010_normal_jog2,BioMotionLabNTroje/rub074/0010normaljog2
BioMotionLab_NTroje/rub074/0001_treadmill_fast,BioMotionLabNTroje/rub074/0001treadmillfast
BioMotionLab_NTroje/rub074/0011_normal_jog3,BioMotionLabNTroje/rub074/0011normaljog3
BioMotionLab_NTroje/rub098/0031_rom,BioMotionLabNTroje/rub098/0031rom
BioMotionLab_NTroje/rub098/0003_treadmill_jog,BioMotionLabNTroje/rub098/0003treadmilljog
BioMotionLab_NTroje/rub098/0013_knocking1,BioMotionLabNTroje/rub098/0013knocking1
BioMotionLab_NTroje/rub098/0018_lifting_light2,BioMotionLabNTroje/rub098/0018liftinglight2
BioMotionLab_NTroje/rub098/0023_throwing_hard2,BioMotionLabNTroje/rub098/0023throwinghard2
BioMotionLab_NTroje/rub098/0012_normal_jog4,BioMotionLabNTroje/rub098/0012normaljog4
BioMotionLab_NTroje/rub098/0004_motorcycle,BioMotionLabNTroje/rub098/0004motorcycle
BioMotionLab_NTroje/rub098/0009_normal_jog1,BioMotionLabNTroje/rub098/0009normaljog1
BioMotionLab_NTroje/rub098/0021_catching_and_throwing,BioMotionLabNTroje/rub098/0021catchingandthrowing
BioMotionLab_NTroje/rub098/0005_normal_walk1,BioMotionLabNTroje/rub098/0005normalwalk1
BioMotionLab_NTroje/rub098/0022_throwing_hard1,BioMotionLabNTroje/rub098/0022throwinghard1
BioMotionLab_NTroje/rub098/0002_treadmill_slow,BioMotionLabNTroje/rub098/0002treadmillslow
BioMotionLab_NTroje/rub098/0016_sitting2,BioMotionLabNTroje/rub098/0016sitting2
BioMotionLab_NTroje/rub098/0015_sitting1,BioMotionLabNTroje/rub098/0015sitting1
BioMotionLab_NTroje/rub098/0008_normal_walk4,BioMotionLabNTroje/rub098/0008normalwalk4
BioMotionLab_NTroje/rub098/0025_kicking1,BioMotionLabNTroje/rub098/0025kicking1
BioMotionLab_NTroje/rub098/0006_normal_walk2,BioMotionLabNTroje/rub098/0006normalwalk2
BioMotionLab_NTroje/rub098/0000_treadmill_norm,BioMotionLabNTroje/rub098/0000treadmillnorm
BioMotionLab_NTroje/rub098/0014_knocking2,BioMotionLabNTroje/rub098/0014knocking2
BioMotionLab_NTroje/rub098/0019_lifting_heavy1,BioMotionLabNTroje/rub098/0019liftingheavy1
BioMotionLab_NTroje/rub098/0017_lifting_light1,BioMotionLabNTroje/rub098/0017liftinglight1
BioMotionLab_NTroje/rub098/0029_jumping2,BioMotionLabNTroje/rub098/0029jumping2
BioMotionLab_NTroje/rub098/0026_kicking2,BioMotionLabNTroje/rub098/0026kicking2
BioMotionLab_NTroje/rub098/0007_normal_walk3,BioMotionLabNTroje/rub098/0007normalwalk3
BioMotionLab_NTroje/rub098/0010_normal_jog2,BioMotionLabNTroje/rub098/0010normaljog2
BioMotionLab_NTroje/rub098/0001_treadmill_fast,BioMotionLabNTroje/rub098/0001treadmillfast
BioMotionLab_NTroje/rub098/0011_normal_jog3,BioMotionLabNTroje/rub098/0011normaljog3
BioMotionLab_NTroje/rub041/0003_treadmill_jog,BioMotionLabNTroje/rub041/0003treadmilljog
BioMotionLab_NTroje/rub041/0013_knocking1,BioMotionLabNTroje/rub041/0013knocking1
BioMotionLab_NTroje/rub041/0005_normal_walk1,BioMotionLabNTroje/rub041/0005normalwalk1
BioMotionLab_NTroje/rub041/0020_lifting_heavy2,BioMotionLabNTroje/rub041/0020liftingheavy2
BioMotionLab_NTroje/rub041/0016_sitting2,BioMotionLabNTroje/rub041/0016sitting2
BioMotionLab_NTroje/rub041/0015_sitting1,BioMotionLabNTroje/rub041/0015sitting1
BioMotionLab_NTroje/rub041/0025_kicking1,BioMotionLabNTroje/rub041/0025kicking1
BioMotionLab_NTroje/rub041/0006_normal_walk2,BioMotionLabNTroje/rub041/0006normalwalk2
BioMotionLab_NTroje/rub041/0000_treadmill_norm,BioMotionLabNTroje/rub041/0000treadmillnorm
BioMotionLab_NTroje/rub041/0019_lifting_heavy1,BioMotionLabNTroje/rub041/0019liftingheavy1
BioMotionLab_NTroje/rub041/0007_normal_walk3,BioMotionLabNTroje/rub041/0007normalwalk3
BioMotionLab_NTroje/rub041/0010_normal_jog2,BioMotionLabNTroje/rub041/0010normaljog2
BioMotionLab_NTroje/rub065/0031_rom,BioMotionLabNTroje/rub065/0031rom
BioMotionLab_NTroje/rub065/0003_treadmill_jog,BioMotionLabNTroje/rub065/0003treadmilljog
BioMotionLab_NTroje/rub065/0012_normal_jog4,BioMotionLabNTroje/rub065/0012normaljog4
BioMotionLab_NTroje/rub065/0004_motorcycle,BioMotionLabNTroje/rub065/0004motorcycle
BioMotionLab_NTroje/rub065/0030_scamper,BioMotionLabNTroje/rub065/0030scamper
BioMotionLab_NTroje/rub065/0002_treadmill_slow,BioMotionLabNTroje/rub065/0002treadmillslow
BioMotionLab_NTroje/rub065/0020_lifting_heavy2,BioMotionLabNTroje/rub065/0020liftingheavy2
BioMotionLab_NTroje/rub065/0016_sitting2,BioMotionLabNTroje/rub065/0016sitting2
BioMotionLab_NTroje/rub065/0008_normal_walk4,BioMotionLabNTroje/rub065/0008normalwalk4
BioMotionLab_NTroje/rub065/0006_normal_walk2,BioMotionLabNTroje/rub065/0006normalwalk2
BioMotionLab_NTroje/rub065/0000_treadmill_norm,BioMotionLabNTroje/rub065/0000treadmillnorm
BioMotionLab_NTroje/rub065/0014_knocking2,BioMotionLabNTroje/rub065/0014knocking2
BioMotionLab_NTroje/rub065/0024_throwing_hard3,BioMotionLabNTroje/rub065/0024throwinghard3
BioMotionLab_NTroje/rub065/0019_lifting_heavy1,BioMotionLabNTroje/rub065/0019liftingheavy1
BioMotionLab_NTroje/rub065/0017_lifting_light1,BioMotionLabNTroje/rub065/0017liftinglight1
BioMotionLab_NTroje/rub065/0029_jumping2,BioMotionLabNTroje/rub065/0029jumping2
BioMotionLab_NTroje/rub065/0011_normal_jog3,BioMotionLabNTroje/rub065/0011normaljog3
BioMotionLab_NTroje/rub070/0028_jumping1,BioMotionLabNTroje/rub070/0028jumping1
BioMotionLab_NTroje/rub070/0013_knocking1,BioMotionLabNTroje/rub070/0013knocking1
BioMotionLab_NTroje/rub070/0005_normal_walk1,BioMotionLabNTroje/rub070/0005normalwalk1
BioMotionLab_NTroje/rub070/0030_scamper,BioMotionLabNTroje/rub070/0030scamper
BioMotionLab_NTroje/rub070/0022_throwing_hard1,BioMotionLabNTroje/rub070/0022throwinghard1
BioMotionLab_NTroje/rub070/0027_circle_walk,BioMotionLabNTroje/rub070/0027circlewalk
BioMotionLab_NTroje/rub070/0002_treadmill_slow,BioMotionLabNTroje/rub070/0002treadmillslow
BioMotionLab_NTroje/rub070/0016_sitting2,BioMotionLabNTroje/rub070/0016sitting2
BioMotionLab_NTroje/rub070/0008_normal_walk4,BioMotionLabNTroje/rub070/0008normalwalk4
BioMotionLab_NTroje/rub070/0006_normal_walk2,BioMotionLabNTroje/rub070/0006normalwalk2
BioMotionLab_NTroje/rub070/0019_lifting_heavy1,BioMotionLabNTroje/rub070/0019liftingheavy1
BioMotionLab_NTroje/rub070/0017_lifting_light1,BioMotionLabNTroje/rub070/0017liftinglight1
BioMotionLab_NTroje/rub070/0011_normal_jog3,BioMotionLabNTroje/rub070/0011normaljog3
BioMotionLab_NTroje/rub089/0031_rom,BioMotionLabNTroje/rub089/0031rom
BioMotionLab_NTroje/rub089/0003_treadmill_jog,BioMotionLabNTroje/rub089/0003treadmilljog
BioMotionLab_NTroje/rub089/0013_knocking1,BioMotionLabNTroje/rub089/0013knocking1
BioMotionLab_NTroje/rub089/0018_lifting_light2,BioMotionLabNTroje/rub089/0018liftinglight2
BioMotionLab_NTroje/rub089/0023_throwing_hard2,BioMotionLabNTroje/rub089/0023throwinghard2
BioMotionLab_NTroje/rub089/0012_normal_jog4,BioMotionLabNTroje/rub089/0012normaljog4
BioMotionLab_NTroje/rub089/0004_motorcycle,BioMotionLabNTroje/rub089/0004motorcycle
BioMotionLab_NTroje/rub089/0009_normal_jog1,BioMotionLabNTroje/rub089/0009normaljog1
BioMotionLab_NTroje/rub089/0021_catching_and_throwing,BioMotionLabNTroje/rub089/0021catchingandthrowing
BioMotionLab_NTroje/rub089/0005_normal_walk1,BioMotionLabNTroje/rub089/0005normalwalk1
BioMotionLab_NTroje/rub089/0022_throwing_hard1,BioMotionLabNTroje/rub089/0022throwinghard1
BioMotionLab_NTroje/rub089/0002_treadmill_slow,BioMotionLabNTroje/rub089/0002treadmillslow
BioMotionLab_NTroje/rub089/0016_sitting2,BioMotionLabNTroje/rub089/0016sitting2
BioMotionLab_NTroje/rub089/0015_sitting1,BioMotionLabNTroje/rub089/0015sitting1
BioMotionLab_NTroje/rub089/0008_normal_walk4,BioMotionLabNTroje/rub089/0008normalwalk4
BioMotionLab_NTroje/rub089/0025_kicking1,BioMotionLabNTroje/rub089/0025kicking1
BioMotionLab_NTroje/rub089/0006_normal_walk2,BioMotionLabNTroje/rub089/0006normalwalk2
BioMotionLab_NTroje/rub089/0000_treadmill_norm,BioMotionLabNTroje/rub089/0000treadmillnorm
BioMotionLab_NTroje/rub089/0017_lifting_light1,BioMotionLabNTroje/rub089/0017liftinglight1
BioMotionLab_NTroje/rub089/0029_jumping2,BioMotionLabNTroje/rub089/0029jumping2
BioMotionLab_NTroje/rub089/0026_kicking2,BioMotionLabNTroje/rub089/0026kicking2
BioMotionLab_NTroje/rub089/0007_normal_walk3,BioMotionLabNTroje/rub089/0007normalwalk3
BioMotionLab_NTroje/rub089/0010_normal_jog2,BioMotionLabNTroje/rub089/0010normaljog2
BioMotionLab_NTroje/rub089/0001_treadmill_fast,BioMotionLabNTroje/rub089/0001treadmillfast
BioMotionLab_NTroje/rub089/0011_normal_jog3,BioMotionLabNTroje/rub089/0011normaljog3
BioMotionLab_NTroje/rub094/0031_rom,BioMotionLabNTroje/rub094/0031rom
BioMotionLab_NTroje/rub094/0028_jumping1,BioMotionLabNTroje/rub094/0028jumping1
BioMotionLab_NTroje/rub094/0003_treadmill_jog,BioMotionLabNTroje/rub094/0003treadmilljog
BioMotionLab_NTroje/rub094/0013_knocking1,BioMotionLabNTroje/rub094/0013knocking1
BioMotionLab_NTroje/rub094/0018_lifting_light2,BioMotionLabNTroje/rub094/0018liftinglight2
BioMotionLab_NTroje/rub094/0023_throwing_hard2,BioMotionLabNTroje/rub094/0023throwinghard2
BioMotionLab_NTroje/rub094/0012_normal_jog4,BioMotionLabNTroje/rub094/0012normaljog4
BioMotionLab_NTroje/rub094/0004_motorcycle,BioMotionLabNTroje/rub094/0004motorcycle
BioMotionLab_NTroje/rub094/0009_normal_jog1,BioMotionLabNTroje/rub094/0009normaljog1
BioMotionLab_NTroje/rub094/0021_catching_and_throwing,BioMotionLabNTroje/rub094/0021catchingandthrowing
BioMotionLab_NTroje/rub094/0005_normal_walk1,BioMotionLabNTroje/rub094/0005normalwalk1
BioMotionLab_NTroje/rub094/0030_scamper,BioMotionLabNTroje/rub094/0030scamper
BioMotionLab_NTroje/rub094/0022_throwing_hard1,BioMotionLabNTroje/rub094/0022throwinghard1
BioMotionLab_NTroje/rub094/0002_treadmill_slow,BioMotionLabNTroje/rub094/0002treadmillslow
BioMotionLab_NTroje/rub094/0020_lifting_heavy2,BioMotionLabNTroje/rub094/0020liftingheavy2
BioMotionLab_NTroje/rub094/0016_sitting2,BioMotionLabNTroje/rub094/0016sitting2
BioMotionLab_NTroje/rub094/0015_sitting1,BioMotionLabNTroje/rub094/0015sitting1
BioMotionLab_NTroje/rub094/0008_normal_walk4,BioMotionLabNTroje/rub094/0008normalwalk4
BioMotionLab_NTroje/rub094/0025_kicking1,BioMotionLabNTroje/rub094/0025kicking1
BioMotionLab_NTroje/rub094/0000_treadmill_norm,BioMotionLabNTroje/rub094/0000treadmillnorm
BioMotionLab_NTroje/rub094/0014_knocking2,BioMotionLabNTroje/rub094/0014knocking2
BioMotionLab_NTroje/rub094/0024_throwing_hard3,BioMotionLabNTroje/rub094/0024throwinghard3
BioMotionLab_NTroje/rub094/0019_lifting_heavy1,BioMotionLabNTroje/rub094/0019liftingheavy1
BioMotionLab_NTroje/rub094/0017_lifting_light1,BioMotionLabNTroje/rub094/0017liftinglight1
BioMotionLab_NTroje/rub094/0029_jumping2,BioMotionLabNTroje/rub094/0029jumping2
BioMotionLab_NTroje/rub094/0007_normal_walk3,BioMotionLabNTroje/rub094/0007normalwalk3
BioMotionLab_NTroje/rub094/0010_normal_jog2,BioMotionLabNTroje/rub094/0010normaljog2
BioMotionLab_NTroje/rub094/0001_treadmill_fast,BioMotionLabNTroje/rub094/0001treadmillfast
BioMotionLab_NTroje/rub032/0016_sitting2,BioMotionLabNTroje/rub032/0016sitting2
BioMotionLab_NTroje/rub032/0001_treadmill_fast,BioMotionLabNTroje/rub032/0001treadmillfast
BioMotionLab_NTroje/rub056/0003_treadmill_jog,BioMotionLabNTroje/rub056/0003treadmilljog
BioMotionLab_NTroje/rub056/0013_knocking1,BioMotionLabNTroje/rub056/0013knocking1
BioMotionLab_NTroje/rub056/0012_normal_jog4,BioMotionLabNTroje/rub056/0012normaljog4
BioMotionLab_NTroje/rub056/0004_motorcycle,BioMotionLabNTroje/rub056/0004motorcycle
BioMotionLab_NTroje/rub056/0021_catching_and_throwing,BioMotionLabNTroje/rub056/0021catchingandthrowing
BioMotionLab_NTroje/rub056/0005_normal_walk1,BioMotionLabNTroje/rub056/0005normalwalk1
BioMotionLab_NTroje/rub056/0030_scamper,BioMotionLabNTroje/rub056/0030scamper
BioMotionLab_NTroje/rub056/0027_circle_walk,BioMotionLabNTroje/rub056/0027circlewalk
BioMotionLab_NTroje/rub056/0002_treadmill_slow,BioMotionLabNTroje/rub056/0002treadmillslow
BioMotionLab_NTroje/rub056/0016_sitting2,BioMotionLabNTroje/rub056/0016sitting2
BioMotionLab_NTroje/rub056/0015_sitting1,BioMotionLabNTroje/rub056/0015sitting1
BioMotionLab_NTroje/rub056/0006_normal_walk2,BioMotionLabNTroje/rub056/0006normalwalk2
BioMotionLab_NTroje/rub056/0014_knocking2,BioMotionLabNTroje/rub056/0014knocking2
BioMotionLab_NTroje/rub056/0024_throwing_hard3,BioMotionLabNTroje/rub056/0024throwinghard3
BioMotionLab_NTroje/rub056/0019_lifting_heavy1,BioMotionLabNTroje/rub056/0019liftingheavy1
BioMotionLab_NTroje/rub056/0007_normal_walk3,BioMotionLabNTroje/rub056/0007normalwalk3
BioMotionLab_NTroje/rub056/0011_normal_jog3,BioMotionLabNTroje/rub056/0011normaljog3
BioMotionLab_NTroje/rub061/0003_treadmill_jog,BioMotionLabNTroje/rub061/0003treadmilljog
BioMotionLab_NTroje/rub061/0013_knocking1,BioMotionLabNTroje/rub061/0013knocking1
BioMotionLab_NTroje/rub061/0018_lifting_light2,BioMotionLabNTroje/rub061/0018liftinglight2
BioMotionLab_NTroje/rub061/0012_normal_jog4,BioMotionLabNTroje/rub061/0012normaljog4
BioMotionLab_NTroje/rub061/0009_normal_jog1,BioMotionLabNTroje/rub061/0009normaljog1
BioMotionLab_NTroje/rub061/0021_catching_and_throwing,BioMotionLabNTroje/rub061/0021catchingandthrowing
BioMotionLab_NTroje/rub061/0005_normal_walk1,BioMotionLabNTroje/rub061/0005normalwalk1
BioMotionLab_NTroje/rub061/0027_circle_walk,BioMotionLabNTroje/rub061/0027circlewalk
BioMotionLab_NTroje/rub061/0002_treadmill_slow,BioMotionLabNTroje/rub061/0002treadmillslow
BioMotionLab_NTroje/rub061/0016_sitting2,BioMotionLabNTroje/rub061/0016sitting2
BioMotionLab_NTroje/rub061/0015_sitting1,BioMotionLabNTroje/rub061/0015sitting1
BioMotionLab_NTroje/rub061/0008_normal_walk4,BioMotionLabNTroje/rub061/0008normalwalk4
BioMotionLab_NTroje/rub061/0025_kicking1,BioMotionLabNTroje/rub061/0025kicking1
BioMotionLab_NTroje/rub061/0006_normal_walk2,BioMotionLabNTroje/rub061/0006normalwalk2
BioMotionLab_NTroje/rub061/0000_treadmill_norm,BioMotionLabNTroje/rub061/0000treadmillnorm
BioMotionLab_NTroje/rub061/0014_knocking2,BioMotionLabNTroje/rub061/0014knocking2
BioMotionLab_NTroje/rub061/0024_throwing_hard3,BioMotionLabNTroje/rub061/0024throwinghard3
BioMotionLab_NTroje/rub061/0019_lifting_heavy1,BioMotionLabNTroje/rub061/0019liftingheavy1
BioMotionLab_NTroje/rub061/0017_lifting_light1,BioMotionLabNTroje/rub061/0017liftinglight1
BioMotionLab_NTroje/rub061/0007_normal_walk3,BioMotionLabNTroje/rub061/0007normalwalk3
BioMotionLab_NTroje/rub061/0010_normal_jog2,BioMotionLabNTroje/rub061/0010normaljog2
BioMotionLab_NTroje/rub061/0001_treadmill_fast,BioMotionLabNTroje/rub061/0001treadmillfast
BioMotionLab_NTroje/rub061/0011_normal_jog3,BioMotionLabNTroje/rub061/0011normaljog3
BioMotionLab_NTroje/rub085/0031_rom,BioMotionLabNTroje/rub085/0031rom
BioMotionLab_NTroje/rub085/0028_jumping1,BioMotionLabNTroje/rub085/0028jumping1
BioMotionLab_NTroje/rub085/0003_treadmill_jog,BioMotionLabNTroje/rub085/0003treadmilljog
BioMotionLab_NTroje/rub085/0013_knocking1,BioMotionLabNTroje/rub085/0013knocking1
BioMotionLab_NTroje/rub085/0018_lifting_light2,BioMotionLabNTroje/rub085/0018liftinglight2
BioMotionLab_NTroje/rub085/0023_throwing_hard2,BioMotionLabNTroje/rub085/0023throwinghard2
BioMotionLab_NTroje/rub085/0012_normal_jog4,BioMotionLabNTroje/rub085/0012normaljog4
BioMotionLab_NTroje/rub085/0009_normal_jog1,BioMotionLabNTroje/rub085/0009normaljog1
BioMotionLab_NTroje/rub085/0005_normal_walk1,BioMotionLabNTroje/rub085/0005normalwalk1
BioMotionLab_NTroje/rub085/0030_scamper,BioMotionLabNTroje/rub085/0030scamper
BioMotionLab_NTroje/rub085/0022_throwing_hard1,BioMotionLabNTroje/rub085/0022throwinghard1
BioMotionLab_NTroje/rub085/0002_treadmill_slow,BioMotionLabNTroje/rub085/0002treadmillslow
BioMotionLab_NTroje/rub085/0020_lifting_heavy2,BioMotionLabNTroje/rub085/0020liftingheavy2
BioMotionLab_NTroje/rub085/0016_sitting2,BioMotionLabNTroje/rub085/0016sitting2
BioMotionLab_NTroje/rub085/0015_sitting1,BioMotionLabNTroje/rub085/0015sitting1
BioMotionLab_NTroje/rub085/0008_normal_walk4,BioMotionLabNTroje/rub085/0008normalwalk4
BioMotionLab_NTroje/rub085/0006_normal_walk2,BioMotionLabNTroje/rub085/0006normalwalk2
BioMotionLab_NTroje/rub085/0000_treadmill_norm,BioMotionLabNTroje/rub085/0000treadmillnorm
BioMotionLab_NTroje/rub085/0014_knocking2,BioMotionLabNTroje/rub085/0014knocking2
BioMotionLab_NTroje/rub085/0017_lifting_light1,BioMotionLabNTroje/rub085/0017liftinglight1
BioMotionLab_NTroje/rub085/0026_kicking2,BioMotionLabNTroje/rub085/0026kicking2
BioMotionLab_NTroje/rub085/0007_normal_walk3,BioMotionLabNTroje/rub085/0007normalwalk3
BioMotionLab_NTroje/rub085/0010_normal_jog2,BioMotionLabNTroje/rub085/0010normaljog2
BioMotionLab_NTroje/rub085/0001_treadmill_fast,BioMotionLabNTroje/rub085/0001treadmillfast
BioMotionLab_NTroje/rub085/0011_normal_jog3,BioMotionLabNTroje/rub085/0011normaljog3
BioMotionLab_NTroje/rub023/0003_treadmill_jog,BioMotionLabNTroje/rub023/0003treadmilljog
BioMotionLab_NTroje/rub023/0013_knocking1,BioMotionLabNTroje/rub023/0013knocking1
BioMotionLab_NTroje/rub023/0018_lifting_light2,BioMotionLabNTroje/rub023/0018liftinglight2
BioMotionLab_NTroje/rub023/0002_treadmill_slow,BioMotionLabNTroje/rub023/0002treadmillslow
BioMotionLab_NTroje/rub023/0026_kicking2,BioMotionLabNTroje/rub023/0026kicking2
BioMotionLab_NTroje/rub047/0004_motorcycle,BioMotionLabNTroje/rub047/0004motorcycle
BioMotionLab_NTroje/rub047/0020_lifting_heavy2,BioMotionLabNTroje/rub047/0020liftingheavy2
BioMotionLab_NTroje/rub047/0016_sitting2,BioMotionLabNTroje/rub047/0016sitting2
BioMotionLab_NTroje/rub047/0006_normal_walk2,BioMotionLabNTroje/rub047/0006normalwalk2
BioMotionLab_NTroje/rub047/0024_throwing_hard3,BioMotionLabNTroje/rub047/0024throwinghard3
BioMotionLab_NTroje/rub047/0019_lifting_heavy1,BioMotionLabNTroje/rub047/0019liftingheavy1
BioMotionLab_NTroje/rub047/0001_treadmill_fast,BioMotionLabNTroje/rub047/0001treadmillfast
BioMotionLab_NTroje/rub052/0003_treadmill_jog,BioMotionLabNTroje/rub052/0003treadmilljog
BioMotionLab_NTroje/rub052/0009_normal_jog1,BioMotionLabNTroje/rub052/0009normaljog1
BioMotionLab_NTroje/rub052/0022_throwing_hard1,BioMotionLabNTroje/rub052/0022throwinghard1
BioMotionLab_NTroje/rub052/0002_treadmill_slow,BioMotionLabNTroje/rub052/0002treadmillslow
BioMotionLab_NTroje/rub052/0006_normal_walk2,BioMotionLabNTroje/rub052/0006normalwalk2
BioMotionLab_NTroje/rub052/0007_normal_walk3,BioMotionLabNTroje/rub052/0007normalwalk3
BioMotionLab_NTroje/rub052/0001_treadmill_fast,BioMotionLabNTroje/rub052/0001treadmillfast
BioMotionLab_NTroje/rub076/0031_rom,BioMotionLabNTroje/rub076/0031rom
BioMotionLab_NTroje/rub076/0028_jumping1,BioMotionLabNTroje/rub076/0028jumping1
BioMotionLab_NTroje/rub076/0003_treadmill_jog,BioMotionLabNTroje/rub076/0003treadmilljog
BioMotionLab_NTroje/rub076/0013_knocking1,BioMotionLabNTroje/rub076/0013knocking1
BioMotionLab_NTroje/rub076/0018_lifting_light2,BioMotionLabNTroje/rub076/0018liftinglight2
BioMotionLab_NTroje/rub076/0023_throwing_hard2,BioMotionLabNTroje/rub076/0023throwinghard2
BioMotionLab_NTroje/rub076/0012_normal_jog4,BioMotionLabNTroje/rub076/0012normaljog4
BioMotionLab_NTroje/rub076/0004_motorcycle,BioMotionLabNTroje/rub076/0004motorcycle
BioMotionLab_NTroje/rub076/0022_throwing_hard1,BioMotionLabNTroje/rub076/0022throwinghard1
BioMotionLab_NTroje/rub076/0027_circle_walk,BioMotionLabNTroje/rub076/0027circlewalk
BioMotionLab_NTroje/rub076/0002_treadmill_slow,BioMotionLabNTroje/rub076/0002treadmillslow
BioMotionLab_NTroje/rub076/0020_lifting_heavy2,BioMotionLabNTroje/rub076/0020liftingheavy2
BioMotionLab_NTroje/rub076/0016_sitting2,BioMotionLabNTroje/rub076/0016sitting2
BioMotionLab_NTroje/rub076/0015_sitting1,BioMotionLabNTroje/rub076/0015sitting1
BioMotionLab_NTroje/rub076/0008_normal_walk4,BioMotionLabNTroje/rub076/0008normalwalk4
BioMotionLab_NTroje/rub076/0025_kicking1,BioMotionLabNTroje/rub076/0025kicking1
BioMotionLab_NTroje/rub076/0006_normal_walk2,BioMotionLabNTroje/rub076/0006normalwalk2
BioMotionLab_NTroje/rub076/0000_treadmill_norm,BioMotionLabNTroje/rub076/0000treadmillnorm
BioMotionLab_NTroje/rub076/0024_throwing_hard3,BioMotionLabNTroje/rub076/0024throwinghard3
BioMotionLab_NTroje/rub076/0019_lifting_heavy1,BioMotionLabNTroje/rub076/0019liftingheavy1
BioMotionLab_NTroje/rub076/0017_lifting_light1,BioMotionLabNTroje/rub076/0017liftinglight1
BioMotionLab_NTroje/rub076/0029_jumping2,BioMotionLabNTroje/rub076/0029jumping2
BioMotionLab_NTroje/rub076/0026_kicking2,BioMotionLabNTroje/rub076/0026kicking2
BioMotionLab_NTroje/rub076/0007_normal_walk3,BioMotionLabNTroje/rub076/0007normalwalk3
BioMotionLab_NTroje/rub076/0010_normal_jog2,BioMotionLabNTroje/rub076/0010normaljog2
BioMotionLab_NTroje/rub076/0001_treadmill_fast,BioMotionLabNTroje/rub076/0001treadmillfast
BioMotionLab_NTroje/rub076/0011_normal_jog3,BioMotionLabNTroje/rub076/0011normaljog3
BioMotionLab_NTroje/rub014/0028_jumping1,BioMotionLabNTroje/rub014/0028jumping1
BioMotionLab_NTroje/rub014/0023_throwing_hard2,BioMotionLabNTroje/rub014/0023throwinghard2
BioMotionLab_NTroje/rub014/0001_treadmill_norm,BioMotionLabNTroje/rub014/0001treadmillnorm
BioMotionLab_NTroje/rub014/0017_lifting_light1,BioMotionLabNTroje/rub014/0017liftinglight1
BioMotionLab_NTroje/rub014/0026_kicking2,BioMotionLabNTroje/rub014/0026kicking2
BioMotionLab_NTroje/rub014/0010_normal_jog2,BioMotionLabNTroje/rub014/0010normaljog2
BioMotionLab_NTroje/rub115/0028_jumping1,BioMotionLabNTroje/rub115/0028jumping1
BioMotionLab_NTroje/rub115/0012_normal_jog4,BioMotionLabNTroje/rub115/0012normaljog4
BioMotionLab_NTroje/rub115/0004_motorcycle,BioMotionLabNTroje/rub115/0004motorcycle
BioMotionLab_NTroje/rub115/0005_normal_walk1,BioMotionLabNTroje/rub115/0005normalwalk1
BioMotionLab_NTroje/rub115/0000_treadmill_norm,BioMotionLabNTroje/rub115/0000treadmillnorm
BioMotionLab_NTroje/rub115/0014_knocking2,BioMotionLabNTroje/rub115/0014knocking2
BioMotionLab_NTroje/rub115/0029_jumping2,BioMotionLabNTroje/rub115/0029jumping2
BioMotionLab_NTroje/rub115/0010_normal_jog2,BioMotionLabNTroje/rub115/0010normaljog2
BioMotionLab_NTroje/rub038/0003_treadmill_jog,BioMotionLabNTroje/rub038/0003treadmilljog
BioMotionLab_NTroje/rub038/0013_knocking1,BioMotionLabNTroje/rub038/0013knocking1
BioMotionLab_NTroje/rub038/0004_motorcycle,BioMotionLabNTroje/rub038/0004motorcycle
BioMotionLab_NTroje/rub038/0021_catching_and_throwing,BioMotionLabNTroje/rub038/0021catchingandthrowing
BioMotionLab_NTroje/rub038/0005_normal_walk1,BioMotionLabNTroje/rub038/0005normalwalk1
BioMotionLab_NTroje/rub038/0022_throwing_hard1,BioMotionLabNTroje/rub038/0022throwinghard1
BioMotionLab_NTroje/rub038/0020_lifting_heavy2,BioMotionLabNTroje/rub038/0020liftingheavy2
BioMotionLab_NTroje/rub038/0025_kicking1,BioMotionLabNTroje/rub038/0025kicking1
BioMotionLab_NTroje/rub038/0006_normal_walk2,BioMotionLabNTroje/rub038/0006normalwalk2
BioMotionLab_NTroje/rub038/0000_treadmill_norm,BioMotionLabNTroje/rub038/0000treadmillnorm
BioMotionLab_NTroje/rub038/0024_throwing_hard3,BioMotionLabNTroje/rub038/0024throwinghard3
BioMotionLab_NTroje/rub038/0007_normal_walk3,BioMotionLabNTroje/rub038/0007normalwalk3
BioMotionLab_NTroje/rub114/0028_jumping2,BioMotionLabNTroje/rub114/0028jumping2
BioMotionLab_NTroje/rub043/0003_treadmill_jog,BioMotionLabNTroje/rub043/0003treadmilljog
BioMotionLab_NTroje/rub043/0025_kicking2,BioMotionLabNTroje/rub043/0025kicking2
BioMotionLab_NTroje/rub043/0024_kicking1,BioMotionLabNTroje/rub043/0024kicking1
BioMotionLab_NTroje/rub043/0004_motorcycle,BioMotionLabNTroje/rub043/0004motorcycle
BioMotionLab_NTroje/rub043/0009_normal_jog1,BioMotionLabNTroje/rub043/0009normaljog1
BioMotionLab_NTroje/rub043/0005_normal_walk1,BioMotionLabNTroje/rub043/0005normalwalk1
BioMotionLab_NTroje/rub043/0021_throwing_hard1,BioMotionLabNTroje/rub043/0021throwinghard1
BioMotionLab_NTroje/rub043/0015_sitting1,BioMotionLabNTroje/rub043/0015sitting1
BioMotionLab_NTroje/rub043/0000_treadmill_norm,BioMotionLabNTroje/rub043/0000treadmillnorm
BioMotionLab_NTroje/rub043/0017_lifting_light1,BioMotionLabNTroje/rub043/0017liftinglight1
BioMotionLab_NTroje/rub043/0007_normal_walk3,BioMotionLabNTroje/rub043/0007normalwalk3
BioMotionLab_NTroje/rub043/0001_treadmill_fast,BioMotionLabNTroje/rub043/0001treadmillfast
BioMotionLab_NTroje/rub043/0011_normal_jog3,BioMotionLabNTroje/rub043/0011normaljog3
BioMotionLab_NTroje/rub067/0003_treadmill_jog,BioMotionLabNTroje/rub067/0003treadmilljog
BioMotionLab_NTroje/rub067/0013_knocking1,BioMotionLabNTroje/rub067/0013knocking1
BioMotionLab_NTroje/rub067/0012_normal_jog4,BioMotionLabNTroje/rub067/0012normaljog4
BioMotionLab_NTroje/rub067/0005_normal_walk1,BioMotionLabNTroje/rub067/0005normalwalk1
BioMotionLab_NTroje/rub067/0002_treadmill_slow,BioMotionLabNTroje/rub067/0002treadmillslow
BioMotionLab_NTroje/rub067/0016_sitting2,BioMotionLabNTroje/rub067/0016sitting2
BioMotionLab_NTroje/rub067/0008_normal_walk4,BioMotionLabNTroje/rub067/0008normalwalk4
BioMotionLab_NTroje/rub067/0025_kicking1,BioMotionLabNTroje/rub067/0025kicking1
BioMotionLab_NTroje/rub067/0000_treadmill_norm,BioMotionLabNTroje/rub067/0000treadmillnorm
BioMotionLab_NTroje/rub067/0014_knocking2,BioMotionLabNTroje/rub067/0014knocking2
BioMotionLab_NTroje/rub067/0019_lifting_heavy1,BioMotionLabNTroje/rub067/0019liftingheavy1
BioMotionLab_NTroje/rub067/0026_kicking2,BioMotionLabNTroje/rub067/0026kicking2
BioMotionLab_NTroje/rub067/0007_normal_walk3,BioMotionLabNTroje/rub067/0007normalwalk3
BioMotionLab_NTroje/rub067/0010_normal_jog2,BioMotionLabNTroje/rub067/0010normaljog2
BioMotionLab_NTroje/rub067/0001_treadmill_fast,BioMotionLabNTroje/rub067/0001treadmillfast
BioMotionLab_NTroje/rub067/0011_normal_jog3,BioMotionLabNTroje/rub067/0011normaljog3
BioMotionLab_NTroje/rub005/0019_kicking2,BioMotionLabNTroje/rub005/0019kicking2
BioMotionLab_NTroje/rub005/0005_normal_walk2,BioMotionLabNTroje/rub005/0005normalwalk2
BioMotionLab_NTroje/rub005/0009_knocking2,BioMotionLabNTroje/rub005/0009knocking2
BioMotionLab_NTroje/rub005/0000_treadmill_norm,BioMotionLabNTroje/rub005/0000treadmillnorm
BioMotionLab_NTroje/rub005/0018_kicking1,BioMotionLabNTroje/rub005/0018kicking1
BioMotionLab_NTroje/rub010/0024_kicking1,BioMotionLabNTroje/rub010/0024kicking1
BioMotionLab_NTroje/rub010/0005_normal_walk1,BioMotionLabNTroje/rub010/0005normalwalk1
BioMotionLab_NTroje/rub010/0021_throwing_hard1,BioMotionLabNTroje/rub010/0021throwinghard1
BioMotionLab_NTroje/rub010/0001_treadmill_fast,BioMotionLabNTroje/rub010/0001treadmillfast
BioMotionLab_NTroje/rub029/0031_rom,BioMotionLabNTroje/rub029/0031rom
BioMotionLab_NTroje/rub029/0018_lifting_light2,BioMotionLabNTroje/rub029/0018liftinglight2
BioMotionLab_NTroje/rub029/0012_normal_jog4,BioMotionLabNTroje/rub029/0012normaljog4
BioMotionLab_NTroje/rub029/0004_motorcycle,BioMotionLabNTroje/rub029/0004motorcycle
BioMotionLab_NTroje/rub029/0009_normal_jog1,BioMotionLabNTroje/rub029/0009normaljog1
BioMotionLab_NTroje/rub029/0002_treadmill_slow,BioMotionLabNTroje/rub029/0002treadmillslow
BioMotionLab_NTroje/rub029/0020_lifting_heavy2,BioMotionLabNTroje/rub029/0020liftingheavy2
BioMotionLab_NTroje/rub029/0008_normal_walk4,BioMotionLabNTroje/rub029/0008normalwalk4
BioMotionLab_NTroje/rub029/0006_normal_walk2,BioMotionLabNTroje/rub029/0006normalwalk2
BioMotionLab_NTroje/rub029/0017_lifting_light1,BioMotionLabNTroje/rub029/0017liftinglight1
BioMotionLab_NTroje/rub029/0001_treadmill_fast,BioMotionLabNTroje/rub029/0001treadmillfast
BioMotionLab_NTroje/rub029/0011_normal_jog3,BioMotionLabNTroje/rub029/0011normaljog3
BioMotionLab_NTroje/rub034/0012_normal_jog4,BioMotionLabNTroje/rub034/0012normaljog4
BioMotionLab_NTroje/rub034/0009_normal_jog1,BioMotionLabNTroje/rub034/0009normaljog1
BioMotionLab_NTroje/rub034/0027_circle_walk,BioMotionLabNTroje/rub034/0027circlewalk
BioMotionLab_NTroje/rub034/0002_treadmill_slow,BioMotionLabNTroje/rub034/0002treadmillslow
BioMotionLab_NTroje/rub034/0016_sitting2,BioMotionLabNTroje/rub034/0016sitting2
BioMotionLab_NTroje/rub034/0006_normal_walk2,BioMotionLabNTroje/rub034/0006normalwalk2
BioMotionLab_NTroje/rub034/0024_throwing_hard3,BioMotionLabNTroje/rub034/0024throwinghard3
BioMotionLab_NTroje/rub034/0030_scamper_rom,BioMotionLabNTroje/rub034/0030scamperrom
BioMotionLab_NTroje/rub034/0010_normal_jog2,BioMotionLabNTroje/rub034/0010normaljog2
BioMotionLab_NTroje/rub034/0011_normal_jog3,BioMotionLabNTroje/rub034/0011normaljog3
BioMotionLab_NTroje/rub058/0003_treadmill_jog,BioMotionLabNTroje/rub058/0003treadmilljog
BioMotionLab_NTroje/rub058/0013_knocking1,BioMotionLabNTroje/rub058/0013knocking1
BioMotionLab_NTroje/rub058/0018_lifting_light2,BioMotionLabNTroje/rub058/0018liftinglight2
BioMotionLab_NTroje/rub058/0012_normal_jog4,BioMotionLabNTroje/rub058/0012normaljog4
BioMotionLab_NTroje/rub058/0004_motorcycle,BioMotionLabNTroje/rub058/0004motorcycle
BioMotionLab_NTroje/rub058/0009_normal_jog1,BioMotionLabNTroje/rub058/0009normaljog1
BioMotionLab_NTroje/rub058/0021_catching_and_throwing,BioMotionLabNTroje/rub058/0021catchingandthrowing
BioMotionLab_NTroje/rub058/0005_normal_walk1,BioMotionLabNTroje/rub058/0005normalwalk1
BioMotionLab_NTroje/rub058/0030_scamper,BioMotionLabNTroje/rub058/0030scamper
BioMotionLab_NTroje/rub058/0027_circle_walk,BioMotionLabNTroje/rub058/0027circlewalk
BioMotionLab_NTroje/rub058/0020_lifting_heavy2,BioMotionLabNTroje/rub058/0020liftingheavy2
BioMotionLab_NTroje/rub058/0016_sitting2,BioMotionLabNTroje/rub058/0016sitting2
BioMotionLab_NTroje/rub058/0015_sitting1,BioMotionLabNTroje/rub058/0015sitting1
BioMotionLab_NTroje/rub058/0008_normal_walk4,BioMotionLabNTroje/rub058/0008normalwalk4
BioMotionLab_NTroje/rub058/0025_kicking1,BioMotionLabNTroje/rub058/0025kicking1
BioMotionLab_NTroje/rub058/0006_normal_walk2,BioMotionLabNTroje/rub058/0006normalwalk2
BioMotionLab_NTroje/rub058/0000_treadmill_norm,BioMotionLabNTroje/rub058/0000treadmillnorm
BioMotionLab_NTroje/rub058/0014_knocking2,BioMotionLabNTroje/rub058/0014knocking2
BioMotionLab_NTroje/rub058/0024_throwing_hard3,BioMotionLabNTroje/rub058/0024throwinghard3
BioMotionLab_NTroje/rub058/0019_lifting_heavy1,BioMotionLabNTroje/rub058/0019liftingheavy1
BioMotionLab_NTroje/rub058/0007_normal_walk3,BioMotionLabNTroje/rub058/0007normalwalk3
BioMotionLab_NTroje/rub058/0010_normal_jog2,BioMotionLabNTroje/rub058/0010normaljog2
BioMotionLab_NTroje/rub058/0001_treadmill_fast,BioMotionLabNTroje/rub058/0001treadmillfast
BioMotionLab_NTroje/rub095/0031_rom,BioMotionLabNTroje/rub095/0031rom
BioMotionLab_NTroje/rub095/0003_treadmill_jog,BioMotionLabNTroje/rub095/0003treadmilljog
BioMotionLab_NTroje/rub095/0013_knocking1,BioMotionLabNTroje/rub095/0013knocking1
BioMotionLab_NTroje/rub095/0018_lifting_light2,BioMotionLabNTroje/rub095/0018liftinglight2
BioMotionLab_NTroje/rub095/0023_throwing_hard2,BioMotionLabNTroje/rub095/0023throwinghard2
BioMotionLab_NTroje/rub095/0012_normal_jog4,BioMotionLabNTroje/rub095/0012normaljog4
BioMotionLab_NTroje/rub095/0004_motorcycle,BioMotionLabNTroje/rub095/0004motorcycle
BioMotionLab_NTroje/rub095/0009_normal_jog1,BioMotionLabNTroje/rub095/0009normaljog1
BioMotionLab_NTroje/rub095/0005_normal_walk1,BioMotionLabNTroje/rub095/0005normalwalk1
BioMotionLab_NTroje/rub095/0030_scamper,BioMotionLabNTroje/rub095/0030scamper
BioMotionLab_NTroje/rub095/0022_throwing_hard1,BioMotionLabNTroje/rub095/0022throwinghard1
BioMotionLab_NTroje/rub095/0027_circle_walk,BioMotionLabNTroje/rub095/0027circlewalk
BioMotionLab_NTroje/rub095/0002_treadmill_slow,BioMotionLabNTroje/rub095/0002treadmillslow
BioMotionLab_NTroje/rub095/0020_lifting_heavy2,BioMotionLabNTroje/rub095/0020liftingheavy2
BioMotionLab_NTroje/rub095/0016_sitting2,BioMotionLabNTroje/rub095/0016sitting2
BioMotionLab_NTroje/rub095/0015_sitting1,BioMotionLabNTroje/rub095/0015sitting1
BioMotionLab_NTroje/rub095/0008_normal_walk4,BioMotionLabNTroje/rub095/0008normalwalk4
BioMotionLab_NTroje/rub095/0006_normal_walk2,BioMotionLabNTroje/rub095/0006normalwalk2
BioMotionLab_NTroje/rub095/0000_treadmill_norm,BioMotionLabNTroje/rub095/0000treadmillnorm
BioMotionLab_NTroje/rub095/0014_knocking2,BioMotionLabNTroje/rub095/0014knocking2
BioMotionLab_NTroje/rub095/0024_throwing_hard3,BioMotionLabNTroje/rub095/0024throwinghard3
BioMotionLab_NTroje/rub095/0019_lifting_heavy1,BioMotionLabNTroje/rub095/0019liftingheavy1
BioMotionLab_NTroje/rub095/0017_lifting_light1,BioMotionLabNTroje/rub095/0017liftinglight1
BioMotionLab_NTroje/rub095/0029_jumping2,BioMotionLabNTroje/rub095/0029jumping2
BioMotionLab_NTroje/rub095/0007_normal_walk3,BioMotionLabNTroje/rub095/0007normalwalk3
BioMotionLab_NTroje/rub095/0010_normal_jog2,BioMotionLabNTroje/rub095/0010normaljog2
BioMotionLab_NTroje/rub095/0001_treadmill_fast,BioMotionLabNTroje/rub095/0001treadmillfast
BioMotionLab_NTroje/rub095/0011_normal_jog3,BioMotionLabNTroje/rub095/0011normaljog3
BioMotionLab_NTroje/rub001/0004_motorcycle,BioMotionLabNTroje/rub001/0004motorcycle
BioMotionLab_NTroje/rub001/0021_knocking2,BioMotionLabNTroje/rub001/0021knocking2
BioMotionLab_NTroje/rub025/0024_kicking1,BioMotionLabNTroje/rub025/0024kicking1
BioMotionLab_NTroje/rub025/0018_lifting_heavy1,BioMotionLabNTroje/rub025/0018liftingheavy1
BioMotionLab_NTroje/rub025/0008_normal_jog1,BioMotionLabNTroje/rub025/0008normaljog1
BioMotionLab_NTroje/rub025/0009_normal_jog2,BioMotionLabNTroje/rub025/0009normaljog2
BioMotionLab_NTroje/rub030/0018_lifting_light2,BioMotionLabNTroje/rub030/0018liftinglight2
BioMotionLab_NTroje/rub030/0004_motorcycle,BioMotionLabNTroje/rub030/0004motorcycle
BioMotionLab_NTroje/rub030/0009_normal_jog1,BioMotionLabNTroje/rub030/0009normaljog1
BioMotionLab_NTroje/rub030/0005_normal_walk1,BioMotionLabNTroje/rub030/0005normalwalk1
BioMotionLab_NTroje/rub030/0015_sitting1,BioMotionLabNTroje/rub030/0015sitting1
BioMotionLab_NTroje/rub030/0000_treadmill_norm,BioMotionLabNTroje/rub030/0000treadmillnorm
BioMotionLab_NTroje/rub030/0019_lifting_heavy1,BioMotionLabNTroje/rub030/0019liftingheavy1
BioMotionLab_NTroje/rub030/0017_lifting_light1,BioMotionLabNTroje/rub030/0017liftinglight1
BioMotionLab_NTroje/rub030/0007_normal_walk3,BioMotionLabNTroje/rub030/0007normalwalk3
BioMotionLab_NTroje/rub030/0001_treadmill_fast,BioMotionLabNTroje/rub030/0001treadmillfast
BioMotionLab_NTroje/rub049/0004_normal_walk2,BioMotionLabNTroje/rub049/0004normalwalk2
BioMotionLab_NTroje/rub049/0019_catching_and_throwing,BioMotionLabNTroje/rub049/0019catchingandthrowing
BioMotionLab_NTroje/rub049/0011_knocking1,BioMotionLabNTroje/rub049/0011knocking1
BioMotionLab_NTroje/rub049/0006_normal_walk4,BioMotionLabNTroje/rub049/0006normalwalk4
BioMotionLab_NTroje/rub049/0005_normal_walk3,BioMotionLabNTroje/rub049/0005normalwalk3
BioMotionLab_NTroje/rub049/0014_sitting2,BioMotionLabNTroje/rub049/0014sitting2
BioMotionLab_NTroje/rub049/0023_kicking1,BioMotionLabNTroje/rub049/0023kicking1
BioMotionLab_NTroje/rub049/0012_knocking2,BioMotionLabNTroje/rub049/0012knocking2
BioMotionLab_NTroje/rub049/0007_normal_jog1,BioMotionLabNTroje/rub049/0007normaljog1
BioMotionLab_NTroje/rub049/0027_jumping2,BioMotionLabNTroje/rub049/0027jumping2
BioMotionLab_NTroje/rub049/0017_lifting_heavy1,BioMotionLabNTroje/rub049/0017liftingheavy1
BioMotionLab_NTroje/rub049/0022_throwing_hard3,BioMotionLabNTroje/rub049/0022throwinghard3
BioMotionLab_NTroje/rub049/0018_lifting_heavy2,BioMotionLabNTroje/rub049/0018liftingheavy2
BioMotionLab_NTroje/rub086/0020_throwing_hard1,BioMotionLabNTroje/rub086/0020throwinghard1
BioMotionLab_NTroje/rub086/0003_treadmill_jog,BioMotionLabNTroje/rub086/0003treadmilljog
BioMotionLab_NTroje/rub086/0021_throwing_hard2,BioMotionLabNTroje/rub086/0021throwinghard2
BioMotionLab_NTroje/rub086/0013_knocking2,BioMotionLabNTroje/rub086/0013knocking2
BioMotionLab_NTroje/rub086/0004_motorcycle,BioMotionLabNTroje/rub086/0004motorcycle
BioMotionLab_NTroje/rub086/0009_normal_jog1,BioMotionLabNTroje/rub086/0009normaljog1
BioMotionLab_NTroje/rub086/0005_normal_walk1,BioMotionLabNTroje/rub086/0005normalwalk1
BioMotionLab_NTroje/rub086/0012_knocking1,BioMotionLabNTroje/rub086/0012knocking1
BioMotionLab_NTroje/rub086/0002_treadmill_slow,BioMotionLabNTroje/rub086/0002treadmillslow
BioMotionLab_NTroje/rub086/0016_lifting_light1,BioMotionLabNTroje/rub086/0016liftinglight1
BioMotionLab_NTroje/rub086/0027_rom,BioMotionLabNTroje/rub086/0027rom
BioMotionLab_NTroje/rub086/0018_lifting_heavy1,BioMotionLabNTroje/rub086/0018liftingheavy1
BioMotionLab_NTroje/rub086/0014_sitting1,BioMotionLabNTroje/rub086/0014sitting1
BioMotionLab_NTroje/rub086/0008_normal_walk4,BioMotionLabNTroje/rub086/0008normalwalk4
BioMotionLab_NTroje/rub086/0006_normal_walk2,BioMotionLabNTroje/rub086/0006normalwalk2
BioMotionLab_NTroje/rub086/0000_treadmill_norm,BioMotionLabNTroje/rub086/0000treadmillnorm
BioMotionLab_NTroje/rub086/0024_kicking2,BioMotionLabNTroje/rub086/0024kicking2
BioMotionLab_NTroje/rub086/0007_normal_walk3,BioMotionLabNTroje/rub086/0007normalwalk3
BioMotionLab_NTroje/rub086/0010_normal_jog2,BioMotionLabNTroje/rub086/0010normaljog2
BioMotionLab_NTroje/rub086/0015_sitting2,BioMotionLabNTroje/rub086/0015sitting2
BioMotionLab_NTroje/rub086/0001_treadmill_fast,BioMotionLabNTroje/rub086/0001treadmillfast
BioMotionLab_NTroje/rub086/0011_normal_jog3,BioMotionLabNTroje/rub086/0011normaljog3
BioMotionLab_NTroje/rub104/0012_normal_jog4,BioMotionLabNTroje/rub104/0012normaljog4
BioMotionLab_NTroje/rub104/0004_motorcycle,BioMotionLabNTroje/rub104/0004motorcycle
BioMotionLab_NTroje/rub104/0009_normal_jog1,BioMotionLabNTroje/rub104/0009normaljog1
BioMotionLab_NTroje/rub104/0002_treadmill_slow,BioMotionLabNTroje/rub104/0002treadmillslow
BioMotionLab_NTroje/rub104/0008_normal_walk4,BioMotionLabNTroje/rub104/0008normalwalk4
BioMotionLab_NTroje/rub104/0006_normal_walk2,BioMotionLabNTroje/rub104/0006normalwalk2
BioMotionLab_NTroje/rub104/0000_treadmill_norm,BioMotionLabNTroje/rub104/0000treadmillnorm
BioMotionLab_NTroje/rub104/0007_normal_walk3,BioMotionLabNTroje/rub104/0007normalwalk3
BioMotionLab_NTroje/rub104/0010_normal_jog2,BioMotionLabNTroje/rub104/0010normaljog2
BioMotionLab_NTroje/rub104/0001_treadmill_fast,BioMotionLabNTroje/rub104/0001treadmillfast
BioMotionLab_NTroje/rub104/0011_normal_jog3,BioMotionLabNTroje/rub104/0011normaljog3
BioMotionLab_NTroje/rub091/0031_rom,BioMotionLabNTroje/rub091/0031rom
BioMotionLab_NTroje/rub091/0013_knocking1,BioMotionLabNTroje/rub091/0013knocking1
BioMotionLab_NTroje/rub091/0018_lifting_light2,BioMotionLabNTroje/rub091/0018liftinglight2
BioMotionLab_NTroje/rub091/0023_throwing_hard2,BioMotionLabNTroje/rub091/0023throwinghard2
BioMotionLab_NTroje/rub091/0012_normal_jog4,BioMotionLabNTroje/rub091/0012normaljog4
BioMotionLab_NTroje/rub091/0004_motorcycle,BioMotionLabNTroje/rub091/0004motorcycle
BioMotionLab_NTroje/rub091/0009_normal_jog1,BioMotionLabNTroje/rub091/0009normaljog1
BioMotionLab_NTroje/rub091/0021_catching_and_throwing,BioMotionLabNTroje/rub091/0021catchingandthrowing
BioMotionLab_NTroje/rub091/0022_throwing_hard1,BioMotionLabNTroje/rub091/0022throwinghard1
BioMotionLab_NTroje/rub091/0027_circle_walk,BioMotionLabNTroje/rub091/0027circlewalk
BioMotionLab_NTroje/rub091/0002_treadmill_slow,BioMotionLabNTroje/rub091/0002treadmillslow
BioMotionLab_NTroje/rub091/0020_lifting_heavy2,BioMotionLabNTroje/rub091/0020liftingheavy2
BioMotionLab_NTroje/rub091/0015_sitting1,BioMotionLabNTroje/rub091/0015sitting1
BioMotionLab_NTroje/rub091/0008_normal_walk4,BioMotionLabNTroje/rub091/0008normalwalk4
BioMotionLab_NTroje/rub091/0006_normal_walk2,BioMotionLabNTroje/rub091/0006normalwalk2
BioMotionLab_NTroje/rub091/0000_treadmill_norm,BioMotionLabNTroje/rub091/0000treadmillnorm
BioMotionLab_NTroje/rub091/0014_knocking2,BioMotionLabNTroje/rub091/0014knocking2
BioMotionLab_NTroje/rub091/0024_throwing_hard3,BioMotionLabNTroje/rub091/0024throwinghard3
BioMotionLab_NTroje/rub091/0019_lifting_heavy1,BioMotionLabNTroje/rub091/0019liftingheavy1
BioMotionLab_NTroje/rub091/0017_lifting_light1,BioMotionLabNTroje/rub091/0017liftinglight1
BioMotionLab_NTroje/rub091/0029_jumping2,BioMotionLabNTroje/rub091/0029jumping2
BioMotionLab_NTroje/rub091/0007_normal_walk3,BioMotionLabNTroje/rub091/0007normalwalk3
BioMotionLab_NTroje/rub091/0010_normal_jog2,BioMotionLabNTroje/rub091/0010normaljog2
BioMotionLab_NTroje/rub103/0003_treadmill_jog,BioMotionLabNTroje/rub103/0003treadmilljog
BioMotionLab_NTroje/rub103/0013_knocking1,BioMotionLabNTroje/rub103/0013knocking1
BioMotionLab_NTroje/rub103/0018_lifting_light2,BioMotionLabNTroje/rub103/0018liftinglight2
BioMotionLab_NTroje/rub103/0012_normal_jog4,BioMotionLabNTroje/rub103/0012normaljog4
BioMotionLab_NTroje/rub103/0004_motorcycle,BioMotionLabNTroje/rub103/0004motorcycle
BioMotionLab_NTroje/rub103/0009_normal_jog1,BioMotionLabNTroje/rub103/0009normaljog1
BioMotionLab_NTroje/rub103/0005_normal_walk1,BioMotionLabNTroje/rub103/0005normalwalk1
BioMotionLab_NTroje/rub103/0030_scamper,BioMotionLabNTroje/rub103/0030scamper
BioMotionLab_NTroje/rub103/0027_circle_walk,BioMotionLabNTroje/rub103/0027circlewalk
BioMotionLab_NTroje/rub103/0002_treadmill_slow,BioMotionLabNTroje/rub103/0002treadmillslow
BioMotionLab_NTroje/rub103/0020_lifting_heavy2,BioMotionLabNTroje/rub103/0020liftingheavy2
BioMotionLab_NTroje/rub103/0016_sitting2,BioMotionLabNTroje/rub103/0016sitting2
BioMotionLab_NTroje/rub103/0015_sitting1,BioMotionLabNTroje/rub103/0015sitting1
BioMotionLab_NTroje/rub103/0008_normal_walk4,BioMotionLabNTroje/rub103/0008normalwalk4
BioMotionLab_NTroje/rub103/0006_normal_walk2,BioMotionLabNTroje/rub103/0006normalwalk2
BioMotionLab_NTroje/rub103/0000_treadmill_norm,BioMotionLabNTroje/rub103/0000treadmillnorm
BioMotionLab_NTroje/rub103/0014_knocking2,BioMotionLabNTroje/rub103/0014knocking2
BioMotionLab_NTroje/rub103/0019_lifting_heavy1,BioMotionLabNTroje/rub103/0019liftingheavy1
BioMotionLab_NTroje/rub103/0017_lifting_light1,BioMotionLabNTroje/rub103/0017liftinglight1
BioMotionLab_NTroje/rub103/0029_jumping2,BioMotionLabNTroje/rub103/0029jumping2
BioMotionLab_NTroje/rub103/0026_kicking2,BioMotionLabNTroje/rub103/0026kicking2
BioMotionLab_NTroje/rub103/0007_normal_walk3,BioMotionLabNTroje/rub103/0007normalwalk3
BioMotionLab_NTroje/rub103/0010_normal_jog2,BioMotionLabNTroje/rub103/0010normaljog2
BioMotionLab_NTroje/rub103/0011_normal_jog3,BioMotionLabNTroje/rub103/0011normaljog3
BioMotionLab_NTroje/rub016/0003_treadmill_jog,BioMotionLabNTroje/rub016/0003treadmilljog
BioMotionLab_NTroje/rub016/0018_lifting_light2,BioMotionLabNTroje/rub016/0018liftinglight2
BioMotionLab_NTroje/rub016/0023_throwing_hard2,BioMotionLabNTroje/rub016/0023throwinghard2
BioMotionLab_NTroje/rub016/0002_treadmill_slow,BioMotionLabNTroje/rub016/0002treadmillslow
BioMotionLab_NTroje/rub016/0015_sitting1,BioMotionLabNTroje/rub016/0015sitting1
BioMotionLab_NTroje/rub102/0031_rom,BioMotionLabNTroje/rub102/0031rom
BioMotionLab_NTroje/rub102/0028_jumping1,BioMotionLabNTroje/rub102/0028jumping1
BioMotionLab_NTroje/rub102/0003_treadmill_jog,BioMotionLabNTroje/rub102/0003treadmilljog
BioMotionLab_NTroje/rub102/0018_lifting_light2,BioMotionLabNTroje/rub102/0018liftinglight2
BioMotionLab_NTroje/rub102/0012_normal_jog4,BioMotionLabNTroje/rub102/0012normaljog4
BioMotionLab_NTroje/rub102/0004_motorcycle,BioMotionLabNTroje/rub102/0004motorcycle
BioMotionLab_NTroje/rub102/0009_normal_jog1,BioMotionLabNTroje/rub102/0009normaljog1
BioMotionLab_NTroje/rub102/0005_normal_walk1,BioMotionLabNTroje/rub102/0005normalwalk1
BioMotionLab_NTroje/rub102/0030_scamper,BioMotionLabNTroje/rub102/0030scamper
BioMotionLab_NTroje/rub102/0027_circle_walk,BioMotionLabNTroje/rub102/0027circlewalk
BioMotionLab_NTroje/rub102/0002_treadmill_slow,BioMotionLabNTroje/rub102/0002treadmillslow
BioMotionLab_NTroje/rub102/0016_sitting2,BioMotionLabNTroje/rub102/0016sitting2
BioMotionLab_NTroje/rub102/0015_sitting1,BioMotionLabNTroje/rub102/0015sitting1
BioMotionLab_NTroje/rub102/0008_normal_walk4,BioMotionLabNTroje/rub102/0008normalwalk4
BioMotionLab_NTroje/rub102/0006_normal_walk2,BioMotionLabNTroje/rub102/0006normalwalk2
BioMotionLab_NTroje/rub102/0014_knocking2,BioMotionLabNTroje/rub102/0014knocking2
BioMotionLab_NTroje/rub102/0024_throwing_hard3,BioMotionLabNTroje/rub102/0024throwinghard3
BioMotionLab_NTroje/rub102/0019_lifting_heavy1,BioMotionLabNTroje/rub102/0019liftingheavy1
BioMotionLab_NTroje/rub102/0017_lifting_light1,BioMotionLabNTroje/rub102/0017liftinglight1
BioMotionLab_NTroje/rub102/0026_kicking2,BioMotionLabNTroje/rub102/0026kicking2
BioMotionLab_NTroje/rub102/0007_normal_walk3,BioMotionLabNTroje/rub102/0007normalwalk3
BioMotionLab_NTroje/rub102/0001_treadmill_fast,BioMotionLabNTroje/rub102/0001treadmillfast
BioMotionLab_NTroje/rub102/0011_normal_jog3,BioMotionLabNTroje/rub102/0011normaljog3
BioMotionLab_NTroje/rub021/0022_throwing_hard1,BioMotionLabNTroje/rub021/0022throwinghard1
BioMotionLab_NTroje/rub021/0027_circle_walk,BioMotionLabNTroje/rub021/0027circlewalk
BioMotionLab_NTroje/rub021/0008_normal_walk4,BioMotionLabNTroje/rub021/0008normalwalk4
BioMotionLab_NTroje/rub021/0000_treadmill_norm,BioMotionLabNTroje/rub021/0000treadmillnorm
BioMotionLab_NTroje/rub021/0001_treadmill_fast,BioMotionLabNTroje/rub021/0001treadmillfast
BioMotionLab_NTroje/rub101/0010_normal_jog3,BioMotionLabNTroje/rub101/0010normaljog3
BioMotionLab_NTroje/rub101/0003_treadmill_jog,BioMotionLabNTroje/rub101/0003treadmilljog
BioMotionLab_NTroje/rub101/0030_rom,BioMotionLabNTroje/rub101/0030rom
BioMotionLab_NTroje/rub101/0013_knocking2,BioMotionLabNTroje/rub101/0013knocking2
BioMotionLab_NTroje/rub101/0017_lifting_light2,BioMotionLabNTroje/rub101/0017liftinglight2
BioMotionLab_NTroje/rub101/0012_knocking1,BioMotionLabNTroje/rub101/0012knocking1
BioMotionLab_NTroje/rub101/0007_normal_walk4,BioMotionLabNTroje/rub101/0007normalwalk4
BioMotionLab_NTroje/rub101/0005_normal_walk2,BioMotionLabNTroje/rub101/0005normalwalk2
BioMotionLab_NTroje/rub101/0002_treadmill_slow,BioMotionLabNTroje/rub101/0002treadmillslow
BioMotionLab_NTroje/rub101/0027_jumping1,BioMotionLabNTroje/rub101/0027jumping1
BioMotionLab_NTroje/rub101/0021_throwing_hard1,BioMotionLabNTroje/rub101/0021throwinghard1
BioMotionLab_NTroje/rub101/0016_lifting_light1,BioMotionLabNTroje/rub101/0016liftinglight1
BioMotionLab_NTroje/rub101/0018_lifting_heavy1,BioMotionLabNTroje/rub101/0018liftingheavy1
BioMotionLab_NTroje/rub101/0008_normal_jog1,BioMotionLabNTroje/rub101/0008normaljog1
BioMotionLab_NTroje/rub101/0014_sitting1,BioMotionLabNTroje/rub101/0014sitting1
BioMotionLab_NTroje/rub101/0006_normal_walk3,BioMotionLabNTroje/rub101/0006normalwalk3
BioMotionLab_NTroje/rub101/0019_lifting_heavy2,BioMotionLabNTroje/rub101/0019liftingheavy2
BioMotionLab_NTroje/rub101/0009_normal_jog2,BioMotionLabNTroje/rub101/0009normaljog2
BioMotionLab_NTroje/rub101/0000_treadmill_norm,BioMotionLabNTroje/rub101/0000treadmillnorm
BioMotionLab_NTroje/rub101/0011_normal_jog4,BioMotionLabNTroje/rub101/0011normaljog4
BioMotionLab_NTroje/rub101/0026_circle_walk,BioMotionLabNTroje/rub101/0026circlewalk
BioMotionLab_NTroje/rub101/0028_jumping2,BioMotionLabNTroje/rub101/0028jumping2
BioMotionLab_NTroje/rub101/0015_sitting2,BioMotionLabNTroje/rub101/0015sitting2
BioMotionLab_NTroje/rub101/0001_treadmill_fast,BioMotionLabNTroje/rub101/0001treadmillfast
BioMotionLab_NTroje/rub077/0031_rom,BioMotionLabNTroje/rub077/0031rom
BioMotionLab_NTroje/rub077/0013_knocking1,BioMotionLabNTroje/rub077/0013knocking1
BioMotionLab_NTroje/rub077/0023_throwing_hard2,BioMotionLabNTroje/rub077/0023throwinghard2
BioMotionLab_NTroje/rub077/0012_normal_jog4,BioMotionLabNTroje/rub077/0012normaljog4
BioMotionLab_NTroje/rub077/0004_motorcycle,BioMotionLabNTroje/rub077/0004motorcycle
BioMotionLab_NTroje/rub077/0009_normal_jog1,BioMotionLabNTroje/rub077/0009normaljog1
BioMotionLab_NTroje/rub077/0021_catching_and_throwing,BioMotionLabNTroje/rub077/0021catchingandthrowing
BioMotionLab_NTroje/rub077/0005_normal_walk1,BioMotionLabNTroje/rub077/0005normalwalk1
BioMotionLab_NTroje/rub077/0027_circle_walk,BioMotionLabNTroje/rub077/0027circlewalk
BioMotionLab_NTroje/rub077/0020_lifting_heavy2,BioMotionLabNTroje/rub077/0020liftingheavy2
BioMotionLab_NTroje/rub077/0016_sitting2,BioMotionLabNTroje/rub077/0016sitting2
BioMotionLab_NTroje/rub077/0015_sitting1,BioMotionLabNTroje/rub077/0015sitting1
BioMotionLab_NTroje/rub077/0008_normal_walk4,BioMotionLabNTroje/rub077/0008normalwalk4
BioMotionLab_NTroje/rub077/0025_kicking1,BioMotionLabNTroje/rub077/0025kicking1
BioMotionLab_NTroje/rub077/0006_normal_walk2,BioMotionLabNTroje/rub077/0006normalwalk2
BioMotionLab_NTroje/rub077/0024_throwing_hard3,BioMotionLabNTroje/rub077/0024throwinghard3
BioMotionLab_NTroje/rub077/0019_lifting_heavy1,BioMotionLabNTroje/rub077/0019liftingheavy1
BioMotionLab_NTroje/rub077/0017_lifting_light1,BioMotionLabNTroje/rub077/0017liftinglight1
BioMotionLab_NTroje/rub077/0029_jumping2,BioMotionLabNTroje/rub077/0029jumping2
BioMotionLab_NTroje/rub077/0026_kicking2,BioMotionLabNTroje/rub077/0026kicking2
BioMotionLab_NTroje/rub077/0007_normal_walk3,BioMotionLabNTroje/rub077/0007normalwalk3
BioMotionLab_NTroje/rub077/0010_normal_jog2,BioMotionLabNTroje/rub077/0010normaljog2
BioMotionLab_NTroje/rub077/0001_treadmill_fast,BioMotionLabNTroje/rub077/0001treadmillfast
BioMotionLab_NTroje/rub100/0003_treadmill_jog,BioMotionLabNTroje/rub100/0003treadmilljog
BioMotionLab_NTroje/rub100/0013_knocking1,BioMotionLabNTroje/rub100/0013knocking1
BioMotionLab_NTroje/rub100/0025_kicking2,BioMotionLabNTroje/rub100/0025kicking2
BioMotionLab_NTroje/rub100/0018_lifting_light2,BioMotionLabNTroje/rub100/0018liftinglight2
BioMotionLab_NTroje/rub100/0023_throwing_hard2,BioMotionLabNTroje/rub100/0023throwinghard2
BioMotionLab_NTroje/rub100/0012_normal_jog4,BioMotionLabNTroje/rub100/0012normaljog4
BioMotionLab_NTroje/rub100/0009_normal_jog1,BioMotionLabNTroje/rub100/0009normaljog1
BioMotionLab_NTroje/rub100/0021_catching_and_throwing,BioMotionLabNTroje/rub100/0021catchingandthrowing
BioMotionLab_NTroje/rub100/0005_normal_walk1,BioMotionLabNTroje/rub100/0005normalwalk1
BioMotionLab_NTroje/rub100/0002_treadmill_slow,BioMotionLabNTroje/rub100/0002treadmillslow
BioMotionLab_NTroje/rub100/0027_jumping1,BioMotionLabNTroje/rub100/0027jumping1
BioMotionLab_NTroje/rub100/0020_lifting_heavy2,BioMotionLabNTroje/rub100/0020liftingheavy2
BioMotionLab_NTroje/rub100/0016_sitting2,BioMotionLabNTroje/rub100/0016sitting2
BioMotionLab_NTroje/rub100/0015_sitting1,BioMotionLabNTroje/rub100/0015sitting1
BioMotionLab_NTroje/rub100/0008_normal_walk4,BioMotionLabNTroje/rub100/0008normalwalk4
BioMotionLab_NTroje/rub100/0006_normal_walk2,BioMotionLabNTroje/rub100/0006normalwalk2
BioMotionLab_NTroje/rub100/0000_treadmill_norm,BioMotionLabNTroje/rub100/0000treadmillnorm
BioMotionLab_NTroje/rub100/0014_knocking2,BioMotionLabNTroje/rub100/0014knocking2
BioMotionLab_NTroje/rub100/0019_lifting_heavy1,BioMotionLabNTroje/rub100/0019liftingheavy1
BioMotionLab_NTroje/rub100/0017_lifting_light1,BioMotionLabNTroje/rub100/0017liftinglight1
BioMotionLab_NTroje/rub100/0028_scamper,BioMotionLabNTroje/rub100/0028scamper
BioMotionLab_NTroje/rub100/0007_normal_walk3,BioMotionLabNTroje/rub100/0007normalwalk3
BioMotionLab_NTroje/rub100/0010_normal_jog2,BioMotionLabNTroje/rub100/0010normaljog2
BioMotionLab_NTroje/rub100/0001_treadmill_fast,BioMotionLabNTroje/rub100/0001treadmillfast
BioMotionLab_NTroje/rub100/0011_normal_jog3,BioMotionLabNTroje/rub100/0011normaljog3
BioMotionLab_NTroje/rub007/0004_motorcycle,BioMotionLabNTroje/rub007/0004motorcycle
BioMotionLab_NTroje/rub007/0013_lifting_light2,BioMotionLabNTroje/rub007/0013liftinglight2
BioMotionLab_NTroje/rub012/0004_normal_walk1,BioMotionLabNTroje/rub012/0004normalwalk1
BioMotionLab_NTroje/rub012/0012_normal_jog4,BioMotionLabNTroje/rub012/0012normaljog4
BioMotionLab_NTroje/rub012/0017_lifting_light1,BioMotionLabNTroje/rub012/0017liftinglight1
BioMotionLab_NTroje/rub012/0026_kicking2,BioMotionLabNTroje/rub012/0026kicking2
BioMotionLab_NTroje/rub012/0010_normal_jog2,BioMotionLabNTroje/rub012/0010normaljog2
BioMotionLab_NTroje/rub036/0031_jumping3,BioMotionLabNTroje/rub036/0031jumping3
BioMotionLab_NTroje/rub036/0013_knocking1,BioMotionLabNTroje/rub036/0013knocking1
BioMotionLab_NTroje/rub036/0019_lifting_light3,BioMotionLabNTroje/rub036/0019liftinglight3
BioMotionLab_NTroje/rub036/0033_rom,BioMotionLabNTroje/rub036/0033rom
BioMotionLab_NTroje/rub036/0012_normal_jog4,BioMotionLabNTroje/rub036/0012normaljog4
BioMotionLab_NTroje/rub036/0009_normal_jog1,BioMotionLabNTroje/rub036/0009normaljog1
BioMotionLab_NTroje/rub036/0021_lifting_heavy2,BioMotionLabNTroje/rub036/0021liftingheavy2
BioMotionLab_NTroje/rub036/0030_jumping2,BioMotionLabNTroje/rub036/0030jumping2
BioMotionLab_NTroje/rub036/0002_treadmill_slow,BioMotionLabNTroje/rub036/0002treadmillslow
BioMotionLab_NTroje/rub036/0008_normal_walk4,BioMotionLabNTroje/rub036/0008normalwalk4
BioMotionLab_NTroje/rub036/0006_normal_walk2,BioMotionLabNTroje/rub036/0006normalwalk2
BioMotionLab_NTroje/rub036/0000_treadmill_norm,BioMotionLabNTroje/rub036/0000treadmillnorm
BioMotionLab_NTroje/rub036/0014_knocking2,BioMotionLabNTroje/rub036/0014knocking2
BioMotionLab_NTroje/rub036/0017_lifting_light1,BioMotionLabNTroje/rub036/0017liftinglight1
BioMotionLab_NTroje/rub036/0007_normal_walk3,BioMotionLabNTroje/rub036/0007normalwalk3
BioMotionLab_NTroje/rub036/0010_normal_jog2,BioMotionLabNTroje/rub036/0010normaljog2
BioMotionLab_NTroje/rub036/0011_normal_jog3,BioMotionLabNTroje/rub036/0011normaljog3
BioMotionLab_NTroje/rub068/0031_rom,BioMotionLabNTroje/rub068/0031rom
BioMotionLab_NTroje/rub068/0003_treadmill_jog,BioMotionLabNTroje/rub068/0003treadmilljog
BioMotionLab_NTroje/rub068/0018_lifting_light2,BioMotionLabNTroje/rub068/0018liftinglight2
BioMotionLab_NTroje/rub068/0012_normal_jog4,BioMotionLabNTroje/rub068/0012normaljog4
BioMotionLab_NTroje/rub068/0004_motorcycle,BioMotionLabNTroje/rub068/0004motorcycle
BioMotionLab_NTroje/rub068/0009_normal_jog1,BioMotionLabNTroje/rub068/0009normaljog1
BioMotionLab_NTroje/rub068/0021_catching_and_throwing,BioMotionLabNTroje/rub068/0021catchingandthrowing
BioMotionLab_NTroje/rub068/0005_normal_walk1,BioMotionLabNTroje/rub068/0005normalwalk1
BioMotionLab_NTroje/rub068/0027_circle_walk,BioMotionLabNTroje/rub068/0027circlewalk
BioMotionLab_NTroje/rub068/0002_treadmill_slow,BioMotionLabNTroje/rub068/0002treadmillslow
BioMotionLab_NTroje/rub068/0020_lifting_heavy2,BioMotionLabNTroje/rub068/0020liftingheavy2
BioMotionLab_NTroje/rub068/0025_kicking1,BioMotionLabNTroje/rub068/0025kicking1
BioMotionLab_NTroje/rub068/0006_normal_walk2,BioMotionLabNTroje/rub068/0006normalwalk2
BioMotionLab_NTroje/rub068/0000_treadmill_norm,BioMotionLabNTroje/rub068/0000treadmillnorm
BioMotionLab_NTroje/rub068/0014_knocking2,BioMotionLabNTroje/rub068/0014knocking2
BioMotionLab_NTroje/rub068/0024_throwing_hard3,BioMotionLabNTroje/rub068/0024throwinghard3
BioMotionLab_NTroje/rub068/0019_lifting_heavy1,BioMotionLabNTroje/rub068/0019liftingheavy1
BioMotionLab_NTroje/rub068/0017_lifting_light1,BioMotionLabNTroje/rub068/0017liftinglight1
BioMotionLab_NTroje/rub068/0029_jumping2,BioMotionLabNTroje/rub068/0029jumping2
BioMotionLab_NTroje/rub068/0026_kicking2,BioMotionLabNTroje/rub068/0026kicking2
BioMotionLab_NTroje/rub068/0010_normal_jog2,BioMotionLabNTroje/rub068/0010normaljog2
BioMotionLab_NTroje/rub068/0011_normal_jog3,BioMotionLabNTroje/rub068/0011normaljog3
BioMotionLab_NTroje/rub073/0031_rom,BioMotionLabNTroje/rub073/0031rom
BioMotionLab_NTroje/rub073/0018_lifting_light2,BioMotionLabNTroje/rub073/0018liftinglight2
BioMotionLab_NTroje/rub073/0012_normal_jog4,BioMotionLabNTroje/rub073/0012normaljog4
BioMotionLab_NTroje/rub073/0004_motorcycle,BioMotionLabNTroje/rub073/0004motorcycle
BioMotionLab_NTroje/rub073/0021_catching_and_throwing,BioMotionLabNTroje/rub073/0021catchingandthrowing
BioMotionLab_NTroje/rub073/0030_scamper,BioMotionLabNTroje/rub073/0030scamper
BioMotionLab_NTroje/rub073/0027_circle_walk,BioMotionLabNTroje/rub073/0027circlewalk
BioMotionLab_NTroje/rub073/0002_treadmill_slow,BioMotionLabNTroje/rub073/0002treadmillslow
BioMotionLab_NTroje/rub073/0015_sitting1,BioMotionLabNTroje/rub073/0015sitting1
BioMotionLab_NTroje/rub073/0000_treadmill_norm,BioMotionLabNTroje/rub073/0000treadmillnorm
BioMotionLab_NTroje/rub073/0014_knocking2,BioMotionLabNTroje/rub073/0014knocking2
BioMotionLab_NTroje/rub073/0019_lifting_heavy1,BioMotionLabNTroje/rub073/0019liftingheavy1
BioMotionLab_NTroje/rub073/0017_lifting_light1,BioMotionLabNTroje/rub073/0017liftinglight1
BioMotionLab_NTroje/rub073/0001_treadmill_fast,BioMotionLabNTroje/rub073/0001treadmillfast
BioMotionLab_NTroje/rub097/0003_treadmill_jog,BioMotionLabNTroje/rub097/0003treadmilljog
BioMotionLab_NTroje/rub097/0018_lifting_light2,BioMotionLabNTroje/rub097/0018liftinglight2
BioMotionLab_NTroje/rub097/0012_normal_jog4,BioMotionLabNTroje/rub097/0012normaljog4
BioMotionLab_NTroje/rub097/0004_motorcycle,BioMotionLabNTroje/rub097/0004motorcycle
BioMotionLab_NTroje/rub097/0005_normal_walk1,BioMotionLabNTroje/rub097/0005normalwalk1
BioMotionLab_NTroje/rub097/0029_scamper,BioMotionLabNTroje/rub097/0029scamper
BioMotionLab_NTroje/rub097/0002_treadmill_slow,BioMotionLabNTroje/rub097/0002treadmillslow
BioMotionLab_NTroje/rub097/0020_lifting_heavy2,BioMotionLabNTroje/rub097/0020liftingheavy2
BioMotionLab_NTroje/rub097/0008_normal_walk4,BioMotionLabNTroje/rub097/0008normalwalk4
BioMotionLab_NTroje/rub097/0006_normal_walk2,BioMotionLabNTroje/rub097/0006normalwalk2
BioMotionLab_NTroje/rub097/0000_treadmill_norm,BioMotionLabNTroje/rub097/0000treadmillnorm
BioMotionLab_NTroje/rub097/0014_knocking2,BioMotionLabNTroje/rub097/0014knocking2
BioMotionLab_NTroje/rub097/0026_circle_walk,BioMotionLabNTroje/rub097/0026circlewalk
BioMotionLab_NTroje/rub097/0017_lifting_light1,BioMotionLabNTroje/rub097/0017liftinglight1
BioMotionLab_NTroje/rub097/0028_jumping2,BioMotionLabNTroje/rub097/0028jumping2
BioMotionLab_NTroje/rub097/0007_normal_walk3,BioMotionLabNTroje/rub097/0007normalwalk3
BioMotionLab_NTroje/rub097/0010_normal_jog2,BioMotionLabNTroje/rub097/0010normaljog2
BioMotionLab_NTroje/rub097/0001_treadmill_fast,BioMotionLabNTroje/rub097/0001treadmillfast
BioMotionLab_NTroje/rub003/0008_normal_jog2,BioMotionLabNTroje/rub003/0008normaljog2
BioMotionLab_NTroje/rub003/0000_treadmill_norm,BioMotionLabNTroje/rub003/0000treadmillnorm
BioMotionLab_NTroje/rub027/0003_treadmill_jog,BioMotionLabNTroje/rub027/0003treadmilljog
BioMotionLab_NTroje/rub027/0023_throwing_hard2,BioMotionLabNTroje/rub027/0023throwinghard2
BioMotionLab_NTroje/rub027/0021_catching_and_throwing,BioMotionLabNTroje/rub027/0021catchingandthrowing
BioMotionLab_NTroje/rub027/0030_scamper,BioMotionLabNTroje/rub027/0030scamper
BioMotionLab_NTroje/rub027/0019_lifting_heavy1,BioMotionLabNTroje/rub027/0019liftingheavy1
BioMotionLab_NTroje/rub027/0029_jumping2,BioMotionLabNTroje/rub027/0029jumping2
BioMotionLab_NTroje/rub027/0011_normal_jog3,BioMotionLabNTroje/rub027/0011normaljog3
BioMotionLab_NTroje/rub059/0003_treadmill_jog,BioMotionLabNTroje/rub059/0003treadmilljog
BioMotionLab_NTroje/rub059/0032_rom,BioMotionLabNTroje/rub059/0032rom
BioMotionLab_NTroje/rub059/0018_lifting_light2,BioMotionLabNTroje/rub059/0018liftinglight2
BioMotionLab_NTroje/rub059/0023_throwing_hard2,BioMotionLabNTroje/rub059/0023throwinghard2
BioMotionLab_NTroje/rub059/0012_normal_jog4,BioMotionLabNTroje/rub059/0012normaljog4
BioMotionLab_NTroje/rub059/0004_motorcycle,BioMotionLabNTroje/rub059/0004motorcycle
BioMotionLab_NTroje/rub059/0009_normal_jog1,BioMotionLabNTroje/rub059/0009normaljog1
BioMotionLab_NTroje/rub059/0020_lifting_heavy2,BioMotionLabNTroje/rub059/0020liftingheavy2
BioMotionLab_NTroje/rub059/0016_sitting2,BioMotionLabNTroje/rub059/0016sitting2
BioMotionLab_NTroje/rub059/0015_sitting1,BioMotionLabNTroje/rub059/0015sitting1
BioMotionLab_NTroje/rub059/0008_normal_walk4,BioMotionLabNTroje/rub059/0008normalwalk4
BioMotionLab_NTroje/rub059/0025_kicking1,BioMotionLabNTroje/rub059/0025kicking1
BioMotionLab_NTroje/rub059/0006_normal_walk2,BioMotionLabNTroje/rub059/0006normalwalk2
BioMotionLab_NTroje/rub059/0000_treadmill_norm,BioMotionLabNTroje/rub059/0000treadmillnorm
BioMotionLab_NTroje/rub059/0024_throwing_hard3,BioMotionLabNTroje/rub059/0024throwinghard3
BioMotionLab_NTroje/rub059/0007_normal_walk3,BioMotionLabNTroje/rub059/0007normalwalk3
BioMotionLab_NTroje/rub059/0010_normal_jog2,BioMotionLabNTroje/rub059/0010normaljog2
BioMotionLab_NTroje/rub059/0011_normal_jog3,BioMotionLabNTroje/rub059/0011normaljog3
BioMotionLab_NTroje/rub064/0028_jumping1,BioMotionLabNTroje/rub064/0028jumping1
BioMotionLab_NTroje/rub064/0013_knocking1,BioMotionLabNTroje/rub064/0013knocking1
BioMotionLab_NTroje/rub064/0018_lifting_light2,BioMotionLabNTroje/rub064/0018liftinglight2
BioMotionLab_NTroje/rub064/0004_motorcycle,BioMotionLabNTroje/rub064/0004motorcycle
BioMotionLab_NTroje/rub064/0009_normal_jog1,BioMotionLabNTroje/rub064/0009normaljog1
BioMotionLab_NTroje/rub064/0005_normal_walk1,BioMotionLabNTroje/rub064/0005normalwalk1
BioMotionLab_NTroje/rub064/0030_scamper,BioMotionLabNTroje/rub064/0030scamper
BioMotionLab_NTroje/rub064/0022_throwing_hard1,BioMotionLabNTroje/rub064/0022throwinghard1
BioMotionLab_NTroje/rub064/0027_circle_walk,BioMotionLabNTroje/rub064/0027circlewalk
BioMotionLab_NTroje/rub064/0002_treadmill_slow,BioMotionLabNTroje/rub064/0002treadmillslow
BioMotionLab_NTroje/rub064/0020_lifting_heavy2,BioMotionLabNTroje/rub064/0020liftingheavy2
BioMotionLab_NTroje/rub064/0008_normal_walk4,BioMotionLabNTroje/rub064/0008normalwalk4
BioMotionLab_NTroje/rub064/0006_normal_walk2,BioMotionLabNTroje/rub064/0006normalwalk2
BioMotionLab_NTroje/rub064/0000_treadmill_norm,BioMotionLabNTroje/rub064/0000treadmillnorm
BioMotionLab_NTroje/rub064/0024_throwing_hard3,BioMotionLabNTroje/rub064/0024throwinghard3
BioMotionLab_NTroje/rub064/0017_lifting_light1,BioMotionLabNTroje/rub064/0017liftinglight1
BioMotionLab_NTroje/rub064/0026_kicking2,BioMotionLabNTroje/rub064/0026kicking2
BioMotionLab_NTroje/rub064/0010_normal_jog2,BioMotionLabNTroje/rub064/0010normaljog2
BioMotionLab_NTroje/rub064/0001_treadmill_fast,BioMotionLabNTroje/rub064/0001treadmillfast
BioMotionLab_NTroje/rub088/0031_rom,BioMotionLabNTroje/rub088/0031rom
BioMotionLab_NTroje/rub088/0028_jumping1,BioMotionLabNTroje/rub088/0028jumping1
BioMotionLab_NTroje/rub088/0003_treadmill_jog,BioMotionLabNTroje/rub088/0003treadmilljog
BioMotionLab_NTroje/rub088/0013_knocking1,BioMotionLabNTroje/rub088/0013knocking1
BioMotionLab_NTroje/rub088/0018_lifting_light2,BioMotionLabNTroje/rub088/0018liftinglight2
BioMotionLab_NTroje/rub088/0023_throwing_hard2,BioMotionLabNTroje/rub088/0023throwinghard2
BioMotionLab_NTroje/rub088/0012_normal_jog4,BioMotionLabNTroje/rub088/0012normaljog4
BioMotionLab_NTroje/rub088/0004_motorcycle,BioMotionLabNTroje/rub088/0004motorcycle
BioMotionLab_NTroje/rub088/0009_normal_jog1,BioMotionLabNTroje/rub088/0009normaljog1
BioMotionLab_NTroje/rub088/0005_normal_walk1,BioMotionLabNTroje/rub088/0005normalwalk1
BioMotionLab_NTroje/rub088/0022_throwing_hard1,BioMotionLabNTroje/rub088/0022throwinghard1
BioMotionLab_NTroje/rub088/0002_treadmill_slow,BioMotionLabNTroje/rub088/0002treadmillslow
BioMotionLab_NTroje/rub088/0016_sitting2,BioMotionLabNTroje/rub088/0016sitting2
BioMotionLab_NTroje/rub088/0015_sitting1,BioMotionLabNTroje/rub088/0015sitting1
BioMotionLab_NTroje/rub088/0008_normal_walk4,BioMotionLabNTroje/rub088/0008normalwalk4
BioMotionLab_NTroje/rub088/0006_normal_walk2,BioMotionLabNTroje/rub088/0006normalwalk2
BioMotionLab_NTroje/rub088/0000_treadmill_norm,BioMotionLabNTroje/rub088/0000treadmillnorm
BioMotionLab_NTroje/rub088/0017_lifting_light1,BioMotionLabNTroje/rub088/0017liftinglight1
BioMotionLab_NTroje/rub088/0029_jumping2,BioMotionLabNTroje/rub088/0029jumping2
BioMotionLab_NTroje/rub088/0007_normal_walk3,BioMotionLabNTroje/rub088/0007normalwalk3
BioMotionLab_NTroje/rub088/0010_normal_jog2,BioMotionLabNTroje/rub088/0010normaljog2
BioMotionLab_NTroje/rub088/0001_treadmill_fast,BioMotionLabNTroje/rub088/0001treadmillfast
BioMotionLab_NTroje/rub088/0011_normal_jog3,BioMotionLabNTroje/rub088/0011normaljog3
BioMotionLab_NTroje/rub093/0028_jumping1,BioMotionLabNTroje/rub093/0028jumping1
BioMotionLab_NTroje/rub093/0003_treadmill_jog,BioMotionLabNTroje/rub093/0003treadmilljog
BioMotionLab_NTroje/rub093/0013_knocking1,BioMotionLabNTroje/rub093/0013knocking1
BioMotionLab_NTroje/rub093/0012_normal_jog4,BioMotionLabNTroje/rub093/0012normaljog4
BioMotionLab_NTroje/rub093/0004_motorcycle,BioMotionLabNTroje/rub093/0004motorcycle
BioMotionLab_NTroje/rub093/0009_normal_jog1,BioMotionLabNTroje/rub093/0009normaljog1
BioMotionLab_NTroje/rub093/0005_normal_walk1,BioMotionLabNTroje/rub093/0005normalwalk1
BioMotionLab_NTroje/rub093/0030_scamper,BioMotionLabNTroje/rub093/0030scamper
BioMotionLab_NTroje/rub093/0020_lifting_heavy2,BioMotionLabNTroje/rub093/0020liftingheavy2
BioMotionLab_NTroje/rub093/0015_sitting1,BioMotionLabNTroje/rub093/0015sitting1
BioMotionLab_NTroje/rub093/0008_normal_walk4,BioMotionLabNTroje/rub093/0008normalwalk4
BioMotionLab_NTroje/rub093/0025_kicking1,BioMotionLabNTroje/rub093/0025kicking1
BioMotionLab_NTroje/rub093/0006_normal_walk2,BioMotionLabNTroje/rub093/0006normalwalk2
BioMotionLab_NTroje/rub093/0000_treadmill_norm,BioMotionLabNTroje/rub093/0000treadmillnorm
BioMotionLab_NTroje/rub093/0014_knocking2,BioMotionLabNTroje/rub093/0014knocking2
BioMotionLab_NTroje/rub093/0019_lifting_heavy1,BioMotionLabNTroje/rub093/0019liftingheavy1
BioMotionLab_NTroje/rub093/0017_lifting_light1,BioMotionLabNTroje/rub093/0017liftinglight1
BioMotionLab_NTroje/rub093/0029_jumping2,BioMotionLabNTroje/rub093/0029jumping2
BioMotionLab_NTroje/rub093/0026_kicking2,BioMotionLabNTroje/rub093/0026kicking2
BioMotionLab_NTroje/rub093/0007_normal_walk3,BioMotionLabNTroje/rub093/0007normalwalk3
BioMotionLab_NTroje/rub093/0010_normal_jog2,BioMotionLabNTroje/rub093/0010normaljog2
BioMotionLab_NTroje/rub093/0001_treadmill_fast,BioMotionLabNTroje/rub093/0001treadmillfast
BioMotionLab_NTroje/rub093/0011_normal_jog3,BioMotionLabNTroje/rub093/0011normaljog3
BioMotionLab_NTroje/rub018/0012_normal_jog4,BioMotionLabNTroje/rub018/0012normaljog4
BioMotionLab_NTroje/rub018/0004_motorcycle,BioMotionLabNTroje/rub018/0004motorcycle
BioMotionLab_NTroje/rub018/0021_catching_and_throwing,BioMotionLabNTroje/rub018/0021catchingandthrowing
BioMotionLab_NTroje/rub018/0020_lifting_heavy2,BioMotionLabNTroje/rub018/0020liftingheavy2
BioMotionLab_NTroje/rub018/0000_treadmill_norm,BioMotionLabNTroje/rub018/0000treadmillnorm
BioMotionLab_NTroje/rub018/0017_lifting_light1,BioMotionLabNTroje/rub018/0017liftinglight1
BioMotionLab_NTroje/rub055/0031_rom,BioMotionLabNTroje/rub055/0031rom
BioMotionLab_NTroje/rub055/0023_throwing_hard2,BioMotionLabNTroje/rub055/0023throwinghard2
BioMotionLab_NTroje/rub055/0004_motorcycle,BioMotionLabNTroje/rub055/0004motorcycle
BioMotionLab_NTroje/rub055/0009_normal_jog1,BioMotionLabNTroje/rub055/0009normaljog1
BioMotionLab_NTroje/rub055/0021_catching_and_throwing,BioMotionLabNTroje/rub055/0021catchingandthrowing
BioMotionLab_NTroje/rub055/0022_throwing_hard1,BioMotionLabNTroje/rub055/0022throwinghard1
BioMotionLab_NTroje/rub055/0008_normal_walk4,BioMotionLabNTroje/rub055/0008normalwalk4
BioMotionLab_NTroje/rub055/0025_kicking1,BioMotionLabNTroje/rub055/0025kicking1
BioMotionLab_NTroje/rub055/0006_normal_walk2,BioMotionLabNTroje/rub055/0006normalwalk2
BioMotionLab_NTroje/rub055/0000_treadmill_norm,BioMotionLabNTroje/rub055/0000treadmillnorm
BioMotionLab_NTroje/rub055/0014_knocking2,BioMotionLabNTroje/rub055/0014knocking2
BioMotionLab_NTroje/rub055/0019_lifting_heavy1,BioMotionLabNTroje/rub055/0019liftingheavy1
BioMotionLab_NTroje/rub055/0017_lifting_light1,BioMotionLabNTroje/rub055/0017liftinglight1
BioMotionLab_NTroje/rub055/0026_kicking2,BioMotionLabNTroje/rub055/0026kicking2
BioMotionLab_NTroje/rub055/0007_normal_walk3,BioMotionLabNTroje/rub055/0007normalwalk3
BioMotionLab_NTroje/rub055/0010_normal_jog2,BioMotionLabNTroje/rub055/0010normaljog2
BioMotionLab_NTroje/rub055/0001_treadmill_fast,BioMotionLabNTroje/rub055/0001treadmillfast
BioMotionLab_NTroje/rub060/0031_scamper1,BioMotionLabNTroje/rub060/0031scamper1
BioMotionLab_NTroje/rub060/0003_treadmill_jog,BioMotionLabNTroje/rub060/0003treadmilljog
BioMotionLab_NTroje/rub060/0013_knocking1,BioMotionLabNTroje/rub060/0013knocking1
BioMotionLab_NTroje/rub060/0032_rom,BioMotionLabNTroje/rub060/0032rom
BioMotionLab_NTroje/rub060/0018_lifting_light2,BioMotionLabNTroje/rub060/0018liftinglight2
BioMotionLab_NTroje/rub060/0023_throwing_hard2,BioMotionLabNTroje/rub060/0023throwinghard2
BioMotionLab_NTroje/rub060/0004_motorcycle,BioMotionLabNTroje/rub060/0004motorcycle
BioMotionLab_NTroje/rub060/0009_normal_jog1,BioMotionLabNTroje/rub060/0009normaljog1
BioMotionLab_NTroje/rub060/0022_throwing_hard1,BioMotionLabNTroje/rub060/0022throwinghard1
BioMotionLab_NTroje/rub060/0020_lifting_heavy2,BioMotionLabNTroje/rub060/0020liftingheavy2
BioMotionLab_NTroje/rub060/0016_sitting2,BioMotionLabNTroje/rub060/0016sitting2
BioMotionLab_NTroje/rub060/0015_sitting1,BioMotionLabNTroje/rub060/0015sitting1
BioMotionLab_NTroje/rub060/0008_normal_walk4,BioMotionLabNTroje/rub060/0008normalwalk4
BioMotionLab_NTroje/rub060/0006_normal_walk2,BioMotionLabNTroje/rub060/0006normalwalk2
BioMotionLab_NTroje/rub060/0000_treadmill_norm,BioMotionLabNTroje/rub060/0000treadmillnorm
BioMotionLab_NTroje/rub060/0014_knocking2,BioMotionLabNTroje/rub060/0014knocking2
BioMotionLab_NTroje/rub060/0028_circle_walk2,BioMotionLabNTroje/rub060/0028circlewalk2
BioMotionLab_NTroje/rub060/0029_jumping1,BioMotionLabNTroje/rub060/0029jumping1
BioMotionLab_NTroje/rub060/0010_normal_jog2,BioMotionLabNTroje/rub060/0010normaljog2
BioMotionLab_NTroje/rub060/0001_treadmill_fast,BioMotionLabNTroje/rub060/0001treadmillfast
BioMotionLab_NTroje/rub060/0011_normal_jog3,BioMotionLabNTroje/rub060/0011normaljog3
BioMotionLab_NTroje/rub079/0003_treadmill_jog,BioMotionLabNTroje/rub079/0003treadmilljog
BioMotionLab_NTroje/rub079/0013_knocking1,BioMotionLabNTroje/rub079/0013knocking1
BioMotionLab_NTroje/rub079/0025_kicking2,BioMotionLabNTroje/rub079/0025kicking2
BioMotionLab_NTroje/rub079/0020_catching_and_throwing,BioMotionLabNTroje/rub079/0020catchingandthrowing
BioMotionLab_NTroje/rub079/0017_lifting_light2,BioMotionLabNTroje/rub079/0017liftinglight2
BioMotionLab_NTroje/rub079/0004_motorcycle,BioMotionLabNTroje/rub079/0004motorcycle
BioMotionLab_NTroje/rub079/0009_normal_jog1,BioMotionLabNTroje/rub079/0009normaljog1
BioMotionLab_NTroje/rub079/0027_scamper,BioMotionLabNTroje/rub079/0027scamper
BioMotionLab_NTroje/rub079/0028_rom,BioMotionLabNTroje/rub079/0028rom
BioMotionLab_NTroje/rub079/0005_normal_walk1,BioMotionLabNTroje/rub079/0005normalwalk1
BioMotionLab_NTroje/rub079/0022_throwing_hard2,BioMotionLabNTroje/rub079/0022throwinghard2
BioMotionLab_NTroje/rub079/0002_treadmill_slow,BioMotionLabNTroje/rub079/0002treadmillslow
BioMotionLab_NTroje/rub079/0021_throwing_hard1,BioMotionLabNTroje/rub079/0021throwinghard1
BioMotionLab_NTroje/rub079/0016_lifting_light1,BioMotionLabNTroje/rub079/0016liftinglight1
BioMotionLab_NTroje/rub079/0018_lifting_heavy1,BioMotionLabNTroje/rub079/0018liftingheavy1
BioMotionLab_NTroje/rub079/0008_normal_walk4,BioMotionLabNTroje/rub079/0008normalwalk4
BioMotionLab_NTroje/rub079/0006_normal_walk2,BioMotionLabNTroje/rub079/0006normalwalk2
BioMotionLab_NTroje/rub079/0019_lifting_heavy2,BioMotionLabNTroje/rub079/0019liftingheavy2
BioMotionLab_NTroje/rub079/0014_knocking2,BioMotionLabNTroje/rub079/0014knocking2
BioMotionLab_NTroje/rub079/0026_circle_walk,BioMotionLabNTroje/rub079/0026circlewalk
BioMotionLab_NTroje/rub079/0007_normal_walk3,BioMotionLabNTroje/rub079/0007normalwalk3
BioMotionLab_NTroje/rub079/0023_throwing_hard3,BioMotionLabNTroje/rub079/0023throwinghard3
BioMotionLab_NTroje/rub079/0015_sitting2,BioMotionLabNTroje/rub079/0015sitting2
BioMotionLab_NTroje/rub079/0001_treadmill_fast,BioMotionLabNTroje/rub079/0001treadmillfast
BioMotionLab_NTroje/rub084/0031_rom,BioMotionLabNTroje/rub084/0031rom
BioMotionLab_NTroje/rub084/0028_jumping1,BioMotionLabNTroje/rub084/0028jumping1
BioMotionLab_NTroje/rub084/0003_treadmill_jog,BioMotionLabNTroje/rub084/0003treadmilljog
BioMotionLab_NTroje/rub084/0013_knocking1,BioMotionLabNTroje/rub084/0013knocking1
BioMotionLab_NTroje/rub084/0018_lifting_light2,BioMotionLabNTroje/rub084/0018liftinglight2
BioMotionLab_NTroje/rub084/0012_normal_jog4,BioMotionLabNTroje/rub084/0012normaljog4
BioMotionLab_NTroje/rub084/0004_motorcycle,BioMotionLabNTroje/rub084/0004motorcycle
BioMotionLab_NTroje/rub084/0009_normal_jog1,BioMotionLabNTroje/rub084/0009normaljog1
BioMotionLab_NTroje/rub084/0021_catching_and_throwing,BioMotionLabNTroje/rub084/0021catchingandthrowing
BioMotionLab_NTroje/rub084/0005_normal_walk1,BioMotionLabNTroje/rub084/0005normalwalk1
BioMotionLab_NTroje/rub084/0027_circle_walk,BioMotionLabNTroje/rub084/0027circlewalk
BioMotionLab_NTroje/rub084/0002_treadmill_slow,BioMotionLabNTroje/rub084/0002treadmillslow
BioMotionLab_NTroje/rub084/0020_lifting_heavy2,BioMotionLabNTroje/rub084/0020liftingheavy2
BioMotionLab_NTroje/rub084/0016_sitting2,BioMotionLabNTroje/rub084/0016sitting2
BioMotionLab_NTroje/rub084/0015_sitting1,BioMotionLabNTroje/rub084/0015sitting1
BioMotionLab_NTroje/rub084/0006_normal_walk2,BioMotionLabNTroje/rub084/0006normalwalk2
BioMotionLab_NTroje/rub084/0000_treadmill_norm,BioMotionLabNTroje/rub084/0000treadmillnorm
BioMotionLab_NTroje/rub084/0014_knocking2,BioMotionLabNTroje/rub084/0014knocking2
BioMotionLab_NTroje/rub084/0024_throwing_hard3,BioMotionLabNTroje/rub084/0024throwinghard3
BioMotionLab_NTroje/rub084/0019_lifting_heavy1,BioMotionLabNTroje/rub084/0019liftingheavy1
BioMotionLab_NTroje/rub084/0017_lifting_light1,BioMotionLabNTroje/rub084/0017liftinglight1
BioMotionLab_NTroje/rub084/0029_jumping2,BioMotionLabNTroje/rub084/0029jumping2
BioMotionLab_NTroje/rub084/0007_normal_walk3,BioMotionLabNTroje/rub084/0007normalwalk3
BioMotionLab_NTroje/rub084/0001_treadmill_fast,BioMotionLabNTroje/rub084/0001treadmillfast
BioMotionLab_NTroje/rub084/0011_normal_jog3,BioMotionLabNTroje/rub084/0011normaljog3
SFU/0007/0007_Balance001,SFU/0007/0007Balance001
SFU/0007/0007_Crawling001,SFU/0007/0007Crawling001
SFU/0008/0008_Walking001,SFU/0008/0008Walking001
SFU/0008/0008_ChaCha001,SFU/0008/0008ChaCha001
SFU/0008/0008_Walking002,SFU/0008/0008Walking002
SFU/0017/0017_SpeedVault002,SFU/0017/0017SpeedVault002
SFU/0017/0017_ParkourRoll001,SFU/0017/0017ParkourRoll001
SFU/0017/0017_RunningOnBench002,SFU/0017/0017RunningOnBench002
SFU/0017/0017_SpeedVault001,SFU/0017/0017SpeedVault001
SFU/0017/0017_MonkeyVault001,SFU/0017/0017MonkeyVault001
SFU/0018/0018_TraditionalChineseDance001,SFU/0018/0018TraditionalChineseDance001
SFU/0018/0018_Moonwalk001,SFU/0018/0018Moonwalk001
SFU/0018/0018_Catwalk001,SFU/0018/0018Catwalk001
SFU/0018/0018_XinJiang003,SFU/0018/0018XinJiang003
SFU/0018/0018_DanceTurns001,SFU/0018/0018DanceTurns001
SFU/0018/0018_Walking001,SFU/0018/0018Walking001
SFU/0018/0018_XinJiang002,SFU/0018/0018XinJiang002
SFU/0018/0018_DanceTurns002,SFU/0018/0018DanceTurns002
SFU/0005/0005_BackwardsWalk001,SFU/0005/0005BackwardsWalk001
SFU/0005/0005_JumpRope001,SFU/0005/0005JumpRope001
SFU/0005/0005_Walking001,SFU/0005/0005Walking001
SFU/0005/0005_SlowTrot001,SFU/0005/0005SlowTrot001
SFU/0005/0005_Stomping001,SFU/0005/0005Stomping001
SFU/0005/0005_2FeetJump001,SFU/0005/00052FeetJump001
SFU/0015/0015_KendoKata001,SFU/0015/0015KendoKata001
SFU/0015/0015_BasicKendo001,SFU/0015/0015BasicKendo001
SFU/0012/0012_JumpAndRoll001,SFU/0012/0012JumpAndRoll001
SFU/0012/0012_SpeedVault002,SFU/0012/0012SpeedVault002
SFU/0012/0012_SpeedVault001,SFU/0012/0012SpeedVault001
CMU/37/37_01,CMU/37/3701
CMU/85/85_12,CMU/85/8512
CMU/85/85_02,CMU/85/8502
CMU/85/85_03,CMU/85/8503
CMU/85/85_11,CMU/85/8511
CMU/85/85_07,CMU/85/8507
CMU/85/85_04,CMU/85/8504
CMU/85/85_01,CMU/85/8501
CMU/85/85_08,CMU/85/8508
CMU/85/85_14,CMU/85/8514
CMU/85/85_05,CMU/85/8505
CMU/85/85_09,CMU/85/8509
CMU/85/85_06,CMU/85/8506
CMU/85/85_13,CMU/85/8513
CMU/02/02_02,CMU/02/0202
CMU/02/02_03,CMU/02/0203
CMU/02/02_08,CMU/02/0208
CMU/02/02_01,CMU/02/0201
CMU/02/02_09,CMU/02/0209
CMU/02/02_10,CMU/02/0210
CMU/80/80_23,CMU/80/8023
CMU/80/80_52,CMU/80/8052
CMU/80/80_24,CMU/80/8024
CMU/80/80_65,CMU/80/8065
CMU/80/80_50,CMU/80/8050
CMU/80/80_39,CMU/80/8039
CMU/80/80_01,CMU/80/8001
CMU/80/80_16,CMU/80/8016
CMU/80/80_07,CMU/80/8007
CMU/80/80_10,CMU/80/8010
CMU/80/80_64,CMU/80/8064
CMU/80/80_34,CMU/80/8034
CMU/80/80_53,CMU/80/8053
CMU/80/80_03,CMU/80/8003
CMU/80/80_36,CMU/80/8036
CMU/80/80_09,CMU/80/8009
CMU/80/80_47,CMU/80/8047
CMU/80/80_44,CMU/80/8044
CMU/80/80_60,CMU/80/8060
CMU/80/80_69,CMU/80/8069
CMU/80/80_12,CMU/80/8012
CMU/80/80_29,CMU/80/8029
CMU/80/80_45,CMU/80/8045
CMU/80/80_42,CMU/80/8042
CMU/80/80_20,CMU/80/8020
CMU/80/80_68,CMU/80/8068
CMU/80/80_56,CMU/80/8056
CMU/80/80_72,CMU/80/8072
CMU/80/80_33,CMU/80/8033
CMU/80/80_35,CMU/80/8035
CMU/80/80_70,CMU/80/8070
CMU/80/80_59,CMU/80/8059
CMU/80/80_06,CMU/80/8006
CMU/80/80_57,CMU/80/8057
CMU/80/80_30,CMU/80/8030
CMU/80/80_19,CMU/80/8019
CMU/80/80_63,CMU/80/8063
CMU/80/80_13,CMU/80/8013
CMU/80/80_02,CMU/80/8002
CMU/80/80_25,CMU/80/8025
CMU/80/80_32,CMU/80/8032
CMU/80/80_26,CMU/80/8026
CMU/80/80_08,CMU/80/8008
CMU/80/80_27,CMU/80/8027
CMU/80/80_62,CMU/80/8062
CMU/80/80_28,CMU/80/8028
CMU/80/80_48,CMU/80/8048
CMU/80/80_71,CMU/80/8071
CMU/80/80_04,CMU/80/8004
CMU/80/80_61,CMU/80/8061
CMU/80/80_46,CMU/80/8046
CMU/80/80_43,CMU/80/8043
CMU/80/80_40,CMU/80/8040
CMU/80/80_51,CMU/80/8051
CMU/80/80_67,CMU/80/8067
CMU/80/80_41,CMU/80/8041
CMU/80/80_14,CMU/80/8014
CMU/80/80_31,CMU/80/8031
CMU/80/80_66,CMU/80/8066
CMU/80/80_05,CMU/80/8005
CMU/80/80_37,CMU/80/8037
CMU/80/80_21,CMU/80/8021
CMU/88/88_11,CMU/88/8811
CMU/88/88_08,CMU/88/8808
CMU/88/88_05,CMU/88/8805
CMU/88/88_03,CMU/88/8803
CMU/88/88_09,CMU/88/8809
CMU/88/88_07,CMU/88/8807
CMU/88/88_06,CMU/88/8806
CMU/107/107_01,CMU/107/10701
CMU/107/107_02,CMU/107/10702
CMU/107/107_11,CMU/107/10711
CMU/107/107_12,CMU/107/10712
CMU/107/107_13,CMU/107/10713
CMU/107/107_04,CMU/107/10704
CMU/107/107_06,CMU/107/10706
CMU/107/107_08,CMU/107/10708
CMU/05/05_09,CMU/05/0509
CMU/05/05_17,CMU/05/0517
CMU/05/05_04,CMU/05/0504
CMU/05/05_01,CMU/05/0501
CMU/05/05_15,CMU/05/0515
CMU/05/05_14,CMU/05/0514
CMU/83/83_24,CMU/83/8324
CMU/83/83_63,CMU/83/8363
CMU/83/83_55,CMU/83/8355
CMU/83/83_39,CMU/83/8339
CMU/83/83_34,CMU/83/8334
CMU/83/83_57,CMU/83/8357
CMU/83/83_20,CMU/83/8320
CMU/83/83_46,CMU/83/8346
CMU/83/83_45,CMU/83/8345
CMU/83/83_44,CMU/83/8344
CMU/83/83_27,CMU/83/8327
CMU/83/83_22,CMU/83/8322
CMU/83/83_29,CMU/83/8329
CMU/83/83_66,CMU/83/8366
CMU/83/83_54,CMU/83/8354
CMU/83/83_23,CMU/83/8323
CMU/83/83_64,CMU/83/8364
CMU/83/83_16,CMU/83/8316
CMU/83/83_25,CMU/83/8325
CMU/83/83_59,CMU/83/8359
CMU/83/83_51,CMU/83/8351
CMU/83/83_12,CMU/83/8312
CMU/83/83_19,CMU/83/8319
CMU/83/83_42,CMU/83/8342
CMU/83/83_41,CMU/83/8341
CMU/83/83_03,CMU/83/8303
CMU/83/83_36,CMU/83/8336
CMU/83/83_04,CMU/83/8304
CMU/83/83_11,CMU/83/8311
CMU/83/83_56,CMU/83/8356
CMU/83/83_18,CMU/83/8318
CMU/83/83_28,CMU/83/8328
CMU/83/83_49,CMU/83/8349
CMU/83/83_47,CMU/83/8347
CMU/83/83_58,CMU/83/8358
CMU/83/83_33,CMU/83/8333
CMU/83/83_68,CMU/83/8368
CMU/83/83_05,CMU/83/8305
CMU/83/83_09,CMU/83/8309
CMU/83/83_65,CMU/83/8365
CMU/83/83_02,CMU/83/8302
CMU/83/83_10,CMU/83/8310
CMU/83/83_06,CMU/83/8306
CMU/103/103_05,CMU/103/10305
CMU/103/103_01,CMU/103/10301
CMU/103/103_02,CMU/103/10302
CMU/103/103_07,CMU/103/10307
CMU/103/103_03,CMU/103/10303
CMU/103/103_08,CMU/103/10308
CMU/137/137_28,CMU/137/13728
CMU/137/137_16,CMU/137/13716
CMU/137/137_34,CMU/137/13734
CMU/137/137_19,CMU/137/13719
CMU/08/08_09,CMU/08/0809
CMU/08/08_07,CMU/08/0807
CMU/08/08_03,CMU/08/0803
CMU/08/08_01,CMU/08/0801
CMU/08/08_04,CMU/08/0804
CMU/08/08_08,CMU/08/0808
CMU/08/08_06,CMU/08/0806
CMU/133/133_22,CMU/133/13322
CMU/133/133_20,CMU/133/13320
CMU/56/56_05,CMU/56/5605
CMU/56/56_07,CMU/56/5607
CMU/56/56_06,CMU/56/5606
CMU/56/56_08,CMU/56/5608
CMU/56/56_01,CMU/56/5601
CMU/56/56_03,CMU/56/5603
CMU/56/56_02,CMU/56/5602
CMU/56/56_04,CMU/56/5604
CMU/24/24_01,CMU/24/2401
CMU/27/27_08,CMU/27/2708
CMU/27/27_02,CMU/27/2702
CMU/27/27_09,CMU/27/2709
CMU/27/27_10,CMU/27/2710
CMU/27/27_03,CMU/27/2703
CMU/75/75_11,CMU/75/7511
CMU/75/75_01,CMU/75/7501
CMU/75/75_07,CMU/75/7507
CMU/75/75_20,CMU/75/7520
CMU/75/75_17,CMU/75/7517
CMU/75/75_08,CMU/75/7508
CMU/75/75_18,CMU/75/7518
CMU/75/75_12,CMU/75/7512
CMU/75/75_13,CMU/75/7513
CMU/75/75_09,CMU/75/7509
CMU/75/75_16,CMU/75/7516
CMU/70/70_09,CMU/70/7009
CMU/70/70_04,CMU/70/7004
CMU/78/78_18,CMU/78/7818
CMU/78/78_28,CMU/78/7828
CMU/78/78_14,CMU/78/7814
CMU/78/78_03,CMU/78/7803
CMU/78/78_07,CMU/78/7807
CMU/78/78_19,CMU/78/7819
CMU/78/78_24,CMU/78/7824
CMU/78/78_02,CMU/78/7802
CMU/78/78_15,CMU/78/7815
CMU/78/78_32,CMU/78/7832
CMU/78/78_33,CMU/78/7833
CMU/78/78_34,CMU/78/7834
CMU/78/78_21,CMU/78/7821
CMU/78/78_11,CMU/78/7811
CMU/78/78_26,CMU/78/7826
CMU/78/78_13,CMU/78/7813
CMU/78/78_22,CMU/78/7822
CMU/78/78_30,CMU/78/7830
CMU/78/78_27,CMU/78/7827
CMU/78/78_16,CMU/78/7816
CMU/78/78_29,CMU/78/7829
CMU/78/78_23,CMU/78/7823
CMU/78/78_12,CMU/78/7812
CMU/78/78_35,CMU/78/7835
CMU/73/73_10,CMU/73/7310
CMU/73/73_01,CMU/73/7301
CMU/73/73_06,CMU/73/7306
CMU/73/73_08,CMU/73/7308
CMU/73/73_02,CMU/73/7302
CMU/73/73_09,CMU/73/7309
CMU/73/73_03,CMU/73/7303
CMU/43/43_02,CMU/43/4302
CMU/43/43_01,CMU/43/4301
CMU/108/108_08,CMU/108/10808
CMU/46/46_01,CMU/46/4601
CMU/41/41_04,CMU/41/4104
CMU/41/41_10,CMU/41/4110
CMU/41/41_06,CMU/41/4106
CMU/41/41_02,CMU/41/4102
CMU/41/41_09,CMU/41/4109
CMU/41/41_05,CMU/41/4105
CMU/138/138_23,CMU/138/13823
CMU/138/138_09,CMU/138/13809
CMU/49/49_15,CMU/49/4915
CMU/49/49_12,CMU/49/4912
CMU/49/49_10,CMU/49/4910
CMU/49/49_05,CMU/49/4905
CMU/49/49_03,CMU/49/4903
CMU/49/49_02,CMU/49/4902
CMU/49/49_08,CMU/49/4908
CMU/49/49_07,CMU/49/4907
CMU/49/49_22,CMU/49/4922
CMU/49/49_17,CMU/49/4917
CMU/122/122_65,CMU/122/12265
CMU/122/122_59,CMU/122/12259
CMU/122/122_17,CMU/122/12217
CMU/122/122_34,CMU/122/12234
CMU/18_19_rory/18_11,CMU/1819rory/1811
CMU/18_19_rory/18_13,CMU/1819rory/1813
CMU/18_19_rory/18_01,CMU/1819rory/1801
CMU/18_19_rory/18_07,CMU/1819rory/1807
CMU/18_19_rory/18_15,CMU/1819rory/1815
CMU/18_19_rory/18_06,CMU/1819rory/1806
CMU/18_19_rory/18_03,CMU/1819rory/1803
CMU/18_19_rory/18_14,CMU/1819rory/1814
CMU/114/114_08,CMU/114/11408
CMU/17/17_09,CMU/17/1709
CMU/17/17_04,CMU/17/1704
CMU/17/17_08,CMU/17/1708
CMU/17/17_03,CMU/17/1703
CMU/17/17_10,CMU/17/1710
CMU/60/60_09,CMU/60/6009
CMU/60/60_08,CMU/60/6008
CMU/60/60_13,CMU/60/6013
CMU/60/60_06,CMU/60/6006
CMU/60/60_15,CMU/60/6015
CMU/60/60_05,CMU/60/6005
CMU/60/60_03,CMU/60/6003
CMU/60/60_02,CMU/60/6002
CMU/60/60_11,CMU/60/6011
CMU/60/60_14,CMU/60/6014
CMU/60/60_01,CMU/60/6001
CMU/140/140_07,CMU/140/14007
CMU/63/63_07,CMU/63/6307
CMU/63/63_05,CMU/63/6305
CMU/63/63_16,CMU/63/6316
CMU/63/63_18,CMU/63/6318
CMU/63/63_28,CMU/63/6328
CMU/63/63_10,CMU/63/6310
CMU/63/63_19,CMU/63/6319
CMU/63/63_03,CMU/63/6303
CMU/63/63_01,CMU/63/6301
CMU/63/63_06,CMU/63/6306
CMU/63/63_09,CMU/63/6309
CMU/63/63_12,CMU/63/6312
CMU/63/63_30,CMU/63/6330
CMU/63/63_24,CMU/63/6324
CMU/63/63_13,CMU/63/6313
CMU/63/63_15,CMU/63/6315
CMU/36/36_06,CMU/36/3606
CMU/36/36_02,CMU/36/3602
CMU/36/36_24,CMU/36/3624
CMU/36/36_10,CMU/36/3610
CMU/36/36_26,CMU/36/3626
CMU/36/36_03,CMU/36/3603
CMU/36/36_31,CMU/36/3631
CMU/36/36_20,CMU/36/3620
CMU/36/36_21,CMU/36/3621
CMU/36/36_05,CMU/36/3605
CMU/36/36_11,CMU/36/3611
CMU/36/36_13,CMU/36/3613
CMU/36/36_36,CMU/36/3636
CMU/36/36_12,CMU/36/3612
CMU/36/36_27,CMU/36/3627
CMU/36/36_08,CMU/36/3608
CMU/36/36_28,CMU/36/3628
CMU/36/36_04,CMU/36/3604
CMU/36/36_17,CMU/36/3617
CMU/36/36_35,CMU/36/3635
CMU/36/36_14,CMU/36/3614
CMU/31/31_14,CMU/31/3114
CMU/31/31_21,CMU/31/3121
CMU/31/31_11,CMU/31/3111
CMU/31/31_10,CMU/31/3110
CMU/31/31_20,CMU/31/3120
CMU/31/31_18,CMU/31/3118
CMU/31/31_09,CMU/31/3109
CMU/31/31_15,CMU/31/3115
CMU/01/01_10,CMU/01/0110
CMU/01/01_03,CMU/01/0103
CMU/01/01_11,CMU/01/0111
CMU/01/01_01,CMU/01/0101
CMU/01/01_06,CMU/01/0106
CMU/39/39_06,CMU/39/3906
CMU/39/39_03,CMU/39/3903
CMU/39/39_07,CMU/39/3907
CMU/39/39_04,CMU/39/3904
CMU/39/39_08,CMU/39/3908
CMU/39/39_14,CMU/39/3914
CMU/39/39_09,CMU/39/3909
CMU/39/39_13,CMU/39/3913
CMU/39/39_11,CMU/39/3911
CMU/39/39_01,CMU/39/3901
CMU/09/09_02,CMU/09/0902
CMU/09/09_11,CMU/09/0911
CMU/09/09_03,CMU/09/0903
CMU/09/09_01,CMU/09/0901
CMU/09/09_07,CMU/09/0907
CMU/09/09_05,CMU/09/0905
CMU/87/87_01,CMU/87/8701
CMU/82/82_16,CMU/82/8216
CMU/82/82_03,CMU/82/8203
CMU/82/82_12,CMU/82/8212
CMU/82/82_08,CMU/82/8208
CMU/82/82_18,CMU/82/8218
CMU/82/82_04,CMU/82/8204
CMU/82/82_17,CMU/82/8217
CMU/82/82_14,CMU/82/8214
CMU/82/82_06,CMU/82/8206
CMU/82/82_13,CMU/82/8213
CMU/82/82_02,CMU/82/8202
CMU/82/82_10,CMU/82/8210
CMU/82/82_15,CMU/82/8215
CMU/82/82_11,CMU/82/8211
CMU/82/82_09,CMU/82/8209
CMU/82/82_05,CMU/82/8205
CMU/82/82_01,CMU/82/8201
CMU/139/139_31,CMU/139/13931
CMU/139/139_17,CMU/139/13917
CMU/139/139_13,CMU/139/13913
CMU/139/139_10,CMU/139/13910
CMU/135/135_03,CMU/135/13503
CMU/20_21_Justin1/20_12,CMU/2021Justin1/2012
CMU/20_21_Justin1/20_07,CMU/2021Justin1/2007
CMU/127/127_09,CMU/127/12709
CMU/07/07_10,CMU/07/0710
CMU/07/07_07,CMU/07/0707
CMU/07/07_04,CMU/07/0704
CMU/07/07_08,CMU/07/0708
CMU/07/07_11,CMU/07/0711
CMU/07/07_01,CMU/07/0701
CMU/07/07_05,CMU/07/0705
CMU/07/07_12,CMU/07/0712
CMU/55/55_26,CMU/55/5526
CMU/55/55_05,CMU/55/5505
CMU/55/55_13,CMU/55/5513
CMU/55/55_04,CMU/55/5504
CMU/55/55_20,CMU/55/5520
CMU/55/55_09,CMU/55/5509
CMU/55/55_21,CMU/55/5521
CMU/55/55_11,CMU/55/5511
CMU/55/55_01,CMU/55/5501
CMU/55/55_22,CMU/55/5522
CMU/55/55_17,CMU/55/5517
CMU/55/55_25,CMU/55/5525
CMU/55/55_06,CMU/55/5506
CMU/55/55_18,CMU/55/5518
CMU/55/55_28,CMU/55/5528
CMU/115/115_08,CMU/115/11508
CMU/141/141_06,CMU/141/14106
CMU/141/141_24,CMU/141/14124
CMU/141/141_30,CMU/141/14130
CMU/141/141_05,CMU/141/14105
CMU/141/141_01,CMU/141/14101
CMU/26/26_03,CMU/26/2603
CMU/26/26_05,CMU/26/2605
CMU/26/26_02,CMU/26/2602
CMU/74/74_08,CMU/74/7408
CMU/74/74_18,CMU/74/7418
CMU/74/74_11,CMU/74/7411
CMU/74/74_14,CMU/74/7414
CMU/74/74_03,CMU/74/7403
CMU/74/74_10,CMU/74/7410
CMU/74/74_07,CMU/74/7407
CMU/74/74_13,CMU/74/7413
CMU/74/74_20,CMU/74/7420
CMU/74/74_09,CMU/74/7409
CMU/74/74_02,CMU/74/7402
CMU/74/74_05,CMU/74/7405
CMU/29/29_18,CMU/29/2918
CMU/29/29_19,CMU/29/2919
CMU/29/29_04,CMU/29/2904
CMU/29/29_12,CMU/29/2912
CMU/29/29_14,CMU/29/2914
CMU/29/29_09,CMU/29/2909
CMU/29/29_06,CMU/29/2906
CMU/29/29_10,CMU/29/2910
CMU/29/29_01,CMU/29/2901
CMU/29/29_20,CMU/29/2920
CMU/29/29_22,CMU/29/2922
CMU/29/29_16,CMU/29/2916
CMU/29/29_17,CMU/29/2917
CMU/77/77_20,CMU/77/7720
CMU/77/77_07,CMU/77/7707
CMU/77/77_03,CMU/77/7703
CMU/77/77_22,CMU/77/7722
CMU/77/77_30,CMU/77/7730
CMU/77/77_29,CMU/77/7729
CMU/77/77_31,CMU/77/7731
CMU/77/77_16,CMU/77/7716
CMU/77/77_33,CMU/77/7733
CMU/77/77_21,CMU/77/7721
CMU/77/77_17,CMU/77/7717
CMU/77/77_11,CMU/77/7711
CMU/77/77_08,CMU/77/7708
CMU/77/77_18,CMU/77/7718
CMU/77/77_01,CMU/77/7701
CMU/77/77_04,CMU/77/7704
CMU/77/77_25,CMU/77/7725
CMU/77/77_19,CMU/77/7719
CMU/77/77_13,CMU/77/7713
CMU/77/77_14,CMU/77/7714
CMU/77/77_27,CMU/77/7727
CMU/77/77_24,CMU/77/7724
CMU/77/77_10,CMU/77/7710
CMU/77/77_06,CMU/77/7706
CMU/77/77_32,CMU/77/7732
CMU/77/77_34,CMU/77/7734
CMU/77/77_26,CMU/77/7726
CMU/45/45_01,CMU/45/4501
CMU/40/40_03,CMU/40/4003
CMU/40/40_08,CMU/40/4008
CMU/40/40_04,CMU/40/4004
CMU/40/40_12,CMU/40/4012
CMU/40/40_05,CMU/40/4005
CMU/22_23_justin/22_01,CMU/2223justin/2201
CMU/128/128_03,CMU/128/12803
CMU/128/128_07,CMU/128/12807
CMU/124/124_06,CMU/124/12406
CMU/124/124_12,CMU/124/12412
CMU/124/124_13,CMU/124/12413
CMU/13/13_15,CMU/13/1315
CMU/13/13_08,CMU/13/1308
CMU/13/13_05,CMU/13/1305
CMU/13/13_06,CMU/13/1306
CMU/13/13_27,CMU/13/1327
CMU/13/13_22,CMU/13/1322
CMU/13/13_19,CMU/13/1319
CMU/13/13_31,CMU/13/1331
CMU/13/13_35,CMU/13/1335
CMU/13/13_39,CMU/13/1339
CMU/13/13_26,CMU/13/1326
CMU/13/13_21,CMU/13/1321
CMU/13/13_33,CMU/13/1333
CMU/13/13_37,CMU/13/1337
CMU/13/13_10,CMU/13/1310
CMU/13/13_07,CMU/13/1307
CMU/13/13_13,CMU/13/1313
CMU/13/13_16,CMU/13/1316
CMU/13/13_14,CMU/13/1314
CMU/13/13_02,CMU/13/1302
CMU/13/13_36,CMU/13/1336
CMU/13/13_29,CMU/13/1329
CMU/91/91_43,CMU/91/9143
CMU/91/91_14,CMU/91/9114
CMU/91/91_18,CMU/91/9118
CMU/91/91_60,CMU/91/9160
CMU/91/91_28,CMU/91/9128
CMU/91/91_48,CMU/91/9148
CMU/91/91_58,CMU/91/9158
CMU/91/91_45,CMU/91/9145
CMU/91/91_39,CMU/91/9139
CMU/91/91_12,CMU/91/9112
CMU/91/91_20,CMU/91/9120
CMU/91/91_23,CMU/91/9123
CMU/91/91_16,CMU/91/9116
CMU/91/91_34,CMU/91/9134
CMU/91/91_35,CMU/91/9135
CMU/91/91_61,CMU/91/9161
CMU/91/91_51,CMU/91/9151
CMU/91/91_53,CMU/91/9153
CMU/91/91_44,CMU/91/9144
CMU/91/91_03,CMU/91/9103
CMU/91/91_30,CMU/91/9130
CMU/91/91_37,CMU/91/9137
CMU/91/91_29,CMU/91/9129
CMU/91/91_08,CMU/91/9108
CMU/91/91_31,CMU/91/9131
CMU/91/91_25,CMU/91/9125
CMU/91/91_02,CMU/91/9102
CMU/91/91_56,CMU/91/9156
CMU/91/91_32,CMU/91/9132
CMU/91/91_11,CMU/91/9111
CMU/91/91_07,CMU/91/9107
CMU/91/91_33,CMU/91/9133
CMU/91/91_01,CMU/91/9101
CMU/91/91_15,CMU/91/9115
CMU/91/91_40,CMU/91/9140
CMU/91/91_59,CMU/91/9159
CMU/91/91_06,CMU/91/9106
CMU/91/91_19,CMU/91/9119
CMU/91/91_47,CMU/91/9147
CMU/91/91_13,CMU/91/9113
CMU/91/91_05,CMU/91/9105
CMU/91/91_26,CMU/91/9126
CMU/91/91_22,CMU/91/9122
CMU/91/91_17,CMU/91/9117
CMU/91/91_50,CMU/91/9150
CMU/91/91_52,CMU/91/9152
CMU/91/91_04,CMU/91/9104
CMU/91/91_10,CMU/91/9110
CMU/20_21_rory1/20_05,CMU/2021rory1/2005
CMU/16/16_34,CMU/16/1634
CMU/16/16_35,CMU/16/1635
CMU/94/94_07,CMU/94/9407
CMU/94/94_13,CMU/94/9413
CMU/94/94_04,CMU/94/9404
CMU/94/94_01,CMU/94/9401
CMU/94/94_16,CMU/94/9416
CMU/94/94_05,CMU/94/9405
CMU/142/142_06,CMU/142/14206
CMU/142/142_22,CMU/142/14222
CMU/64/64_06,CMU/64/6406
CMU/64/64_04,CMU/64/6404
CMU/64/64_03,CMU/64/6403
CMU/64/64_29,CMU/64/6429
CMU/64/64_30,CMU/64/6430
CMU/64/64_26,CMU/64/6426
CMU/64/64_14,CMU/64/6414
CMU/64/64_11,CMU/64/6411
CMU/64/64_02,CMU/64/6402
CMU/64/64_01,CMU/64/6401
CMU/64/64_13,CMU/64/6413
CMU/64/64_16,CMU/64/6416
CMU/64/64_08,CMU/64/6408
CMU/64/64_15,CMU/64/6415
CMU/64/64_20,CMU/64/6420
CMU/62/62_13,CMU/62/6213
CMU/62/62_15,CMU/62/6215
CMU/62/62_08,CMU/62/6208
CMU/62/62_18,CMU/62/6218
CMU/62/62_06,CMU/62/6206
CMU/62/62_20,CMU/62/6220
CMU/62/62_05,CMU/62/6205
CMU/62/62_12,CMU/62/6212
CMU/62/62_17,CMU/62/6217
CMU/62/62_19,CMU/62/6219
CMU/62/62_23,CMU/62/6223
CMU/62/62_24,CMU/62/6224
CMU/62/62_21,CMU/62/6221
CMU/62/62_03,CMU/62/6203
CMU/62/62_02,CMU/62/6202
CMU/62/62_16,CMU/62/6216
CMU/62/62_10,CMU/62/6210
CMU/32/32_12,CMU/32/3212
CMU/32/32_20,CMU/32/3220
CMU/32/32_06,CMU/32/3206
CMU/32/32_18,CMU/32/3218
CMU/32/32_13,CMU/32/3213
CMU/32/32_04,CMU/32/3204
CMU/32/32_19,CMU/32/3219
CMU/32/32_14,CMU/32/3214
CMU/32/32_16,CMU/32/3216
CMU/32/32_22,CMU/32/3222
CMU/32/32_21,CMU/32/3221
CMU/32/32_11,CMU/32/3211
CMU/32/32_01,CMU/32/3201
CMU/32/32_15,CMU/32/3215
CMU/32/32_10,CMU/32/3210
CMU/32/32_17,CMU/32/3217
CMU/35/35_13,CMU/35/3513
CMU/35/35_16,CMU/35/3516
CMU/35/35_19,CMU/35/3519
CMU/35/35_25,CMU/35/3525
CMU/35/35_30,CMU/35/3530
CMU/35/35_08,CMU/35/3508
CMU/35/35_12,CMU/35/3512
CMU/35/35_28,CMU/35/3528
CMU/35/35_09,CMU/35/3509
CMU/35/35_04,CMU/35/3504
CMU/35/35_31,CMU/35/3531
CMU/35/35_05,CMU/35/3505
CMU/35/35_23,CMU/35/3523
CMU/35/35_11,CMU/35/3511
CMU/35/35_14,CMU/35/3514
CMU/35/35_06,CMU/35/3506
CMU/35/35_02,CMU/35/3502
CMU/35/35_32,CMU/35/3532
CMU/35/35_03,CMU/35/3503
CMU/35/35_10,CMU/35/3510
CMU/35/35_34,CMU/35/3534
CMU/35/35_29,CMU/35/3529
CMU/35/35_33,CMU/35/3533
CMU/35/35_17,CMU/35/3517
CMU/35/35_20,CMU/35/3520
CMU/35/35_22,CMU/35/3522
CMU/30/30_16,CMU/30/3016
CMU/30/30_08,CMU/30/3008
CMU/30/30_18,CMU/30/3018
CMU/30/30_20,CMU/30/3020
CMU/30/30_11,CMU/30/3011
CMU/30/30_01,CMU/30/3001
CMU/30/30_13,CMU/30/3013
CMU/30/30_02,CMU/30/3002
CMU/30/30_04,CMU/30/3004
CMU/30/30_06,CMU/30/3006
CMU/30/30_14,CMU/30/3014
CMU/30/30_09,CMU/30/3009
CMU/30/30_23,CMU/30/3023
CMU/30/30_22,CMU/30/3022
CMU/30/30_15,CMU/30/3015
CMU/30/30_17,CMU/30/3017
CMU/30/30_03,CMU/30/3003
CMU/38/38_01,CMU/38/3801
CMU/38/38_02,CMU/38/3802
CMU/86/86_06,CMU/86/8606
CMU/86/86_04,CMU/86/8604
CMU/86/86_10,CMU/86/8610
CMU/86/86_14,CMU/86/8614
CMU/86/86_08,CMU/86/8608
CMU/86/86_03,CMU/86/8603
CMU/86/86_15,CMU/86/8615
CMU/86/86_07,CMU/86/8607
CMU/86/86_05,CMU/86/8605
CMU/86/86_02,CMU/86/8602
CMU/86/86_13,CMU/86/8613
CMU/89/89_01,CMU/89/8901
CMU/89/89_02,CMU/89/8902
CMU/06/06_09,CMU/06/0609
CMU/06/06_12,CMU/06/0612
CMU/06/06_11,CMU/06/0611
CMU/06/06_01,CMU/06/0601
CMU/06/06_15,CMU/06/0615
CMU/06/06_10,CMU/06/0610
CMU/06/06_14,CMU/06/0614
CMU/06/06_05,CMU/06/0605
CMU/06/06_03,CMU/06/0603
CMU/84/84_13,CMU/84/8413
CMU/84/84_16,CMU/84/8416
CMU/84/84_12,CMU/84/8412
CMU/84/84_08,CMU/84/8408
CMU/84/84_18,CMU/84/8418
CMU/84/84_14,CMU/84/8414
CMU/84/84_02,CMU/84/8402
CMU/84/84_06,CMU/84/8406
CMU/84/84_03,CMU/84/8403
CMU/84/84_20,CMU/84/8420
CMU/84/84_19,CMU/84/8419
CMU/84/84_07,CMU/84/8407
CMU/84/84_11,CMU/84/8411
CMU/84/84_01,CMU/84/8401
CMU/84/84_05,CMU/84/8405
CMU/84/84_09,CMU/84/8409
CMU/84/84_17,CMU/84/8417
CMU/113/113_26,CMU/113/11326
CMU/54/54_23,CMU/54/5423
CMU/54/54_15,CMU/54/5415
CMU/54/54_20,CMU/54/5420
CMU/54/54_14,CMU/54/5414
CMU/54/54_03,CMU/54/5403
CMU/54/54_24,CMU/54/5424
CMU/54/54_08,CMU/54/5408
CMU/54/54_18,CMU/54/5418
CMU/54/54_06,CMU/54/5406
CMU/54/54_07,CMU/54/5407
CMU/54/54_13,CMU/54/5413
CMU/54/54_21,CMU/54/5421
CMU/54/54_11,CMU/54/5411
CMU/54/54_25,CMU/54/5425
CMU/54/54_16,CMU/54/5416
CMU/105/105_04,CMU/105/10504
CMU/105/105_26,CMU/105/10526
CMU/105/105_25,CMU/105/10525
CMU/105/105_56,CMU/105/10556
CMU/105/105_16,CMU/105/10516
CMU/105/105_47,CMU/105/10547
CMU/105/105_46,CMU/105/10546
CMU/105/105_37,CMU/105/10537
CMU/105/105_50,CMU/105/10550
CMU/105/105_19,CMU/105/10519
CMU/105/105_41,CMU/105/10541
CMU/105/105_18,CMU/105/10518
CMU/105/105_31,CMU/105/10531
CMU/105/105_62,CMU/105/10562
CMU/105/105_22,CMU/105/10522
CMU/105/105_39,CMU/105/10539
CMU/105/105_13,CMU/105/10513
CMU/105/105_52,CMU/105/10552
CMU/105/105_43,CMU/105/10543
CMU/105/105_03,CMU/105/10503
CMU/105/105_34,CMU/105/10534
CMU/105/105_24,CMU/105/10524
CMU/105/105_55,CMU/105/10555
CMU/105/105_15,CMU/105/10515
CMU/105/105_06,CMU/105/10506
CMU/105/105_45,CMU/105/10545
CMU/105/105_36,CMU/105/10536
CMU/105/105_40,CMU/105/10540
CMU/105/105_17,CMU/105/10517
CMU/105/105_30,CMU/105/10530
CMU/105/105_61,CMU/105/10561
CMU/105/105_38,CMU/105/10538
CMU/105/105_60,CMU/105/10560
CMU/105/105_12,CMU/105/10512
CMU/105/105_29,CMU/105/10529
CMU/105/105_51,CMU/105/10551
CMU/105/105_11,CMU/105/10511
CMU/105/105_42,CMU/105/10542
CMU/105/105_59,CMU/105/10559
CMU/105/105_02,CMU/105/10502
CMU/105/105_33,CMU/105/10533
CMU/105/105_23,CMU/105/10523
CMU/105/105_54,CMU/105/10554
CMU/105/105_14,CMU/105/10514
CMU/143/143_23,CMU/143/14323
CMU/143/143_07,CMU/143/14307
CMU/143/143_24,CMU/143/14324
CMU/143/143_16,CMU/143/14316
CMU/143/143_01,CMU/143/14301
CMU/143/143_10,CMU/143/14310
CMU/143/143_40,CMU/143/14340
CMU/143/143_35,CMU/143/14335
CMU/143/143_20,CMU/143/14320
CMU/143/143_12,CMU/143/14312
CMU/143/143_30,CMU/143/14330
CMU/131/131_09,CMU/131/13109
CMU/131/131_10,CMU/131/13110
CMU/28/28_19,CMU/28/2819
CMU/28/28_02,CMU/28/2802
CMU/28/28_09,CMU/28/2809
CMU/28/28_13,CMU/28/2813
CMU/28/28_15,CMU/28/2815
CMU/28/28_05,CMU/28/2805
CMU/28/28_07,CMU/28/2807
CMU/28/28_14,CMU/28/2814
CMU/28/28_03,CMU/28/2803
CMU/76/76_07,CMU/76/7607
CMU/76/76_06,CMU/76/7606
CMU/76/76_02,CMU/76/7602
CMU/76/76_09,CMU/76/7609
CMU/76/76_05,CMU/76/7605
CMU/76/76_11,CMU/76/7611
CMU/76/76_01,CMU/76/7601
CMU/22_23_Rory/22_14,CMU/2223Rory/2214
CMU/79/79_81,CMU/79/7981
CMU/79/79_37,CMU/79/7937
CMU/79/79_84,CMU/79/7984
CMU/79/79_71,CMU/79/7971
CMU/79/79_87,CMU/79/7987
CMU/79/79_53,CMU/79/7953
CMU/79/79_22,CMU/79/7922
CMU/79/79_03,CMU/79/7903
CMU/79/79_90,CMU/79/7990
CMU/79/79_61,CMU/79/7961
CMU/79/79_25,CMU/79/7925
CMU/79/79_52,CMU/79/7952
CMU/79/79_82,CMU/79/7982
CMU/79/79_51,CMU/79/7951
CMU/79/79_59,CMU/79/7959
CMU/79/79_38,CMU/79/7938
CMU/79/79_94,CMU/79/7994
CMU/79/79_48,CMU/79/7948
CMU/79/79_77,CMU/79/7977
CMU/79/79_50,CMU/79/7950
CMU/79/79_58,CMU/79/7958
CMU/79/79_85,CMU/79/7985
CMU/79/79_68,CMU/79/7968
CMU/79/79_14,CMU/79/7914
CMU/79/79_41,CMU/79/7941
CMU/79/79_78,CMU/79/7978
CMU/79/79_19,CMU/79/7919
CMU/79/79_88,CMU/79/7988
CMU/79/79_31,CMU/79/7931
CMU/79/79_10,CMU/79/7910
CMU/79/79_15,CMU/79/7915
CMU/79/79_83,CMU/79/7983
CMU/79/79_21,CMU/79/7921
CMU/79/79_33,CMU/79/7933
CMU/79/79_47,CMU/79/7947
CMU/79/79_24,CMU/79/7924
CMU/79/79_86,CMU/79/7986
CMU/79/79_11,CMU/79/7911
CMU/79/79_75,CMU/79/7975
CMU/79/79_16,CMU/79/7916
CMU/79/79_89,CMU/79/7989
CMU/79/79_60,CMU/79/7960
CMU/79/79_49,CMU/79/7949
CMU/79/79_05,CMU/79/7905
CMU/79/79_17,CMU/79/7917
CMU/79/79_34,CMU/79/7934
CMU/79/79_42,CMU/79/7942
CMU/79/79_04,CMU/79/7904
CMU/79/79_72,CMU/79/7972
CMU/79/79_20,CMU/79/7920
CMU/79/79_36,CMU/79/7936
CMU/79/79_63,CMU/79/7963
CMU/79/79_65,CMU/79/7965
CMU/79/79_13,CMU/79/7913
CMU/79/79_08,CMU/79/7908
CMU/79/79_18,CMU/79/7918
CMU/79/79_56,CMU/79/7956
CMU/79/79_54,CMU/79/7954
CMU/79/79_39,CMU/79/7939
CMU/79/79_93,CMU/79/7993
CMU/79/79_43,CMU/79/7943
CMU/79/79_30,CMU/79/7930
CMU/79/79_27,CMU/79/7927
CMU/79/79_02,CMU/79/7902
CMU/79/79_32,CMU/79/7932
CMU/79/79_06,CMU/79/7906
CMU/79/79_64,CMU/79/7964
CMU/79/79_92,CMU/79/7992
CMU/79/79_80,CMU/79/7980
CMU/79/79_67,CMU/79/7967
CMU/79/79_73,CMU/79/7973
CMU/79/79_96,CMU/79/7996
CMU/79/79_74,CMU/79/7974
CMU/79/79_40,CMU/79/7940
CMU/79/79_29,CMU/79/7929
CMU/79/79_91,CMU/79/7991
CMU/79/79_35,CMU/79/7935
CMU/118/118_10,CMU/118/11810
CMU/118/118_06,CMU/118/11806
CMU/118/118_20,CMU/118/11820
CMU/118/118_02,CMU/118/11802
CMU/106/106_24,CMU/106/10624
CMU/106/106_21,CMU/106/10621
CMU/106/106_19,CMU/106/10619
CMU/106/106_17,CMU/106/10617
CMU/106/106_01,CMU/106/10601
CMU/106/106_34,CMU/106/10634
CMU/106/106_07,CMU/106/10607
CMU/106/106_22,CMU/106/10622
CMU/106/106_04,CMU/106/10604
CMU/106/106_02,CMU/106/10602
CMU/106/106_32,CMU/106/10632
CMU/106/106_30,CMU/106/10630
CMU/106/106_28,CMU/106/10628
CMU/106/106_12,CMU/106/10612
CMU/106/106_08,CMU/106/10608
CMU/106/106_25,CMU/106/10625
CMU/106/106_03,CMU/106/10603
CMU/106/106_20,CMU/106/10620
CMU/106/106_18,CMU/106/10618
CMU/106/106_16,CMU/106/10616
CMU/106/106_33,CMU/106/10633
CMU/106/106_31,CMU/106/10631
CMU/106/106_29,CMU/106/10629
CMU/106/106_13,CMU/106/10613
CMU/106/106_09,CMU/106/10609
CMU/12/12_04,CMU/12/1204
CMU/12/12_03,CMU/12/1203
CMU/90/90_30,CMU/90/9030
CMU/90/90_02,CMU/90/9002
CMU/90/90_24,CMU/90/9024
CMU/90/90_32,CMU/90/9032
CMU/90/90_06,CMU/90/9006
CMU/90/90_23,CMU/90/9023
CMU/90/90_35,CMU/90/9035
CMU/90/90_22,CMU/90/9022
CMU/90/90_29,CMU/90/9029
CMU/90/90_03,CMU/90/9003
CMU/90/90_25,CMU/90/9025
CMU/90/90_31,CMU/90/9031
CMU/90/90_11,CMU/90/9011
CMU/90/90_01,CMU/90/9001
CMU/90/90_19,CMU/90/9019
CMU/90/90_12,CMU/90/9012
CMU/90/90_16,CMU/90/9016
CMU/90/90_34,CMU/90/9034
CMU/90/90_05,CMU/90/9005
CMU/90/90_04,CMU/90/9004
CMU/90/90_13,CMU/90/9013
CMU/90/90_36,CMU/90/9036
CMU/90/90_14,CMU/90/9014
CMU/90/90_08,CMU/90/9008
CMU/90/90_18,CMU/90/9018
CMU/90/90_28,CMU/90/9028
CMU/102/102_04,CMU/102/10204
CMU/102/102_12,CMU/102/10212
CMU/102/102_32,CMU/102/10232
CMU/102/102_28,CMU/102/10228
CMU/102/102_02,CMU/102/10202
CMU/102/102_10,CMU/102/10210
CMU/102/102_22,CMU/102/10222
CMU/102/102_30,CMU/102/10230
CMU/102/102_19,CMU/102/10219
CMU/102/102_05,CMU/102/10205
CMU/102/102_21,CMU/102/10221
CMU/102/102_09,CMU/102/10209
CMU/102/102_17,CMU/102/10217
CMU/102/102_33,CMU/102/10233
CMU/102/102_29,CMU/102/10229
CMU/102/102_11,CMU/102/10211
CMU/102/102_23,CMU/102/10223
CMU/102/102_31,CMU/102/10231
CMU/102/102_01,CMU/102/10201
CMU/102/102_06,CMU/102/10206
CMU/102/102_14,CMU/102/10214
CMU/102/102_18,CMU/102/10218
CMU/102/102_26,CMU/102/10226
CMU/144/144_17,CMU/144/14417
CMU/144/144_01,CMU/144/14401
CMU/144/144_09,CMU/144/14409
CMU/144/144_34,CMU/144/14434
CMU/144/144_27,CMU/144/14427
CMU/144/144_19,CMU/144/14419
CMU/144/144_32,CMU/144/14432
CMU/144/144_23,CMU/144/14423
CMU/144/144_18,CMU/144/14418
CMU/136/136_01,CMU/136/13601
CMU/136/136_31,CMU/136/13631
CMU/136/136_09,CMU/136/13609
CMU/15/15_10,CMU/15/1510
CMU/15/15_08,CMU/15/1508
CMU/15/15_03,CMU/15/1503
CMU/15/15_11,CMU/15/1511
CMU/15/15_01,CMU/15/1501
CMU/15/15_13,CMU/15/1513
CMU/15/15_05,CMU/15/1505
CMU/93/93_02,CMU/93/9302
CMU/93/93_01,CMU/93/9301
CMU/93/93_07,CMU/93/9307
CMU/93/93_06,CMU/93/9306
CMU/93/93_05,CMU/93/9305
CMU/93/93_03,CMU/93/9303
CMU/132/132_52,CMU/132/13252
CMU/132/132_38,CMU/132/13238
CMU/132/132_10,CMU/132/13210
CMU/10/10_05,CMU/10/1005
CMU/10/10_04,CMU/10/1004
CMU/120/120_13,CMU/120/12013
CMU/61/61_02,CMU/61/6102
CMU/61/61_03,CMU/61/6103
CMU/61/61_12,CMU/61/6112
EKUT/125/WSUF1,EKUT/125/WSUF1
EKUT/125/WSD2,EKUT/125/WSD2
EKUT/125/WSDB3,EKUT/125/WSDB3
EKUT/125/WCA1,EKUT/125/WCA1
EKUT/125/WSU4,EKUT/125/WSU4
EKUT/125/WSDB1,EKUT/125/WSDB1
EKUT/125/WSU5,EKUT/125/WSU5
EKUT/125/SOFT3,EKUT/125/SOFT3
EKUT/125/SLP203,EKUT/125/SLP203
EKUT/125/SLPD203,EKUT/125/SLPD203
EKUT/125/SLPD205,EKUT/125/SLPD205
EKUT/125/SLP202,EKUT/125/SLP202
EKUT/125/WSD5,EKUT/125/WSD5
EKUT/234/SLPD103,EKUT/234/SLPD103
EKUT/234/SLP204,EKUT/234/SLP204
EKUT/234/SLPD207,EKUT/234/SLPD207
EKUT/234/SLPD204,EKUT/234/SLPD204
EKUT/234/SS2D103,EKUT/234/SS2D103
EKUT/234/SLP208,EKUT/234/SLP208
EKUT/234/MTR05,EKUT/234/MTR05
EKUT/234/SLP210,EKUT/234/SLP210
EKUT/234/SLPD206,EKUT/234/SLPD206
EKUT/234/SLP203,EKUT/234/SLP203
EKUT/234/SLPD205,EKUT/234/SLPD205
EKUT/234/SLPD202,EKUT/234/SLPD202
EKUT/234/WSUF01,EKUT/234/WSUF01
EKUT/234/Tpose,EKUT/234/Tpose
EKUT/234/SS2D102,EKUT/234/SS2D102
EKUT/234/SLP201,EKUT/234/SLP201
EKUT/265/SLP205,EKUT/265/SLP205
EKUT/265/WSUF02,EKUT/265/WSUF02
EKUT/265/BEAMN01,EKUT/265/BEAMN01
EKUT/265/SLP302,EKUT/265/SLP302
EKUT/265/WSUF04,EKUT/265/WSUF04
EKUT/265/SS1D103,EKUT/265/SS1D103
EKUT/265/BEAMN03,EKUT/265/BEAMN03
EKUT/265/BEAMN04,EKUT/265/BEAMN04
EKUT/265/SLP203,EKUT/265/SLP203
EKUT/265/WSDF01,EKUT/265/WSDF01
EKUT/265/SLP103,EKUT/265/SLP103
EKUT/265/BEAMN02,EKUT/265/BEAMN02
EKUT/265/MTR01,EKUT/265/MTR01
EKUT/265/SS2D102,EKUT/265/SS2D102
EKUT/265/SLP201,EKUT/265/SLP201
EKUT/300/PushBeam_08,EKUT/300/PushBeam08
EKUT/300/PushBK_05,EKUT/300/PushBK05
EKUT/300/PushBeamPedar_10,EKUT/300/PushBeamPedar10
EKUT/300/PushStandStraight_03,EKUT/300/PushStandStraight03
EKUT/300/PushBeamPedar_06,EKUT/300/PushBeamPedar06
EKUT/300/PushStandOpen_04,EKUT/300/PushStandOpen04
EKUT/300/PushStandOpen_17,EKUT/300/PushStandOpen17
EKUT/300/PushBK_20,EKUT/300/PushBK20
EKUT/300/PushStandOpen_10,EKUT/300/PushStandOpen10
EKUT/300/PushStandTransPedar_10,EKUT/300/PushStandTransPedar10
EKUT/300/PushStandStraightPedar_05,EKUT/300/PushStandStraightPedar05
EKUT/300/PushStandClosed_06,EKUT/300/PushStandClosed06
EKUT/300/PushBeam_09,EKUT/300/PushBeam09
EKUT/300/PushBK_22,EKUT/300/PushBK22
EKUT/300/PushStandStraightPedar_04,EKUT/300/PushStandStraightPedar04
EKUT/300/PushStandTrans_06,EKUT/300/PushStandTrans06
EKUT/300/PushStandTrans_02,EKUT/300/PushStandTrans02
EKUT/300/PushStandTransPedar_08,EKUT/300/PushStandTransPedar08
EKUT/300/PushBeamPedar_04,EKUT/300/PushBeamPedar04
EKUT/300/PushStandOpen_13,EKUT/300/PushStandOpen13
EKUT/300/PushStandStraightPedar_02,EKUT/300/PushStandStraightPedar02
EKUT/300/PushBeam_04,EKUT/300/PushBeam04
EKUT/300/PushBK_13,EKUT/300/PushBK13
EKUT/300/PushBeam_17,EKUT/300/PushBeam17
EKUT/300/Tpose,EKUT/300/Tpose
EKUT/300/PushStandTrans_09,EKUT/300/PushStandTrans09
EKUT/300/PushBeamPedar_16,EKUT/300/PushBeamPedar16
EKUT/300/PushStandClosed_02,EKUT/300/PushStandClosed02
MPI_HDM05/tr/HDM_tr_05_-_02_01_120,MPIHDM05/tr/HDMtr05-0201120
MPI_HDM05/tr/HDM_tr_01_-_02_03_120,MPIHDM05/tr/HDMtr01-0203120
MPI_HDM05/tr/HDM_tr_05_-_03_02_120,MPIHDM05/tr/HDMtr05-0302120
MPI_HDM05/tr/HDM_tr_06_-_01_01_120,MPIHDM05/tr/HDMtr06-0101120
MPI_HDM05/tr/HDM_tr_05_-_01_02_120,MPIHDM05/tr/HDMtr05-0102120
MPI_HDM05/tr/HDM_tr_05_-_03_03_120,MPIHDM05/tr/HDMtr05-0303120
MPI_HDM05/tr/HDM_tr_02_-_03_02_120,MPIHDM05/tr/HDMtr02-0302120
MPI_HDM05/tr/HDM_tr_03_-_04_01_120,MPIHDM05/tr/HDMtr03-0401120
MPI_HDM05/tr/HDM_tr_01_-_02_01_120,MPIHDM05/tr/HDMtr01-0201120
MPI_HDM05/tr/HDM_tr_03_-_11_03_120,MPIHDM05/tr/HDMtr03-1103120
MPI_HDM05/tr/HDM_tr_02_-_02_02_120,MPIHDM05/tr/HDMtr02-0202120
MPI_HDM05/tr/HDM_tr_03_-_04_02_120,MPIHDM05/tr/HDMtr03-0402120
MPI_HDM05/tr/HDM_tr_03_-_11_01_120,MPIHDM05/tr/HDMtr03-1101120
MPI_HDM05/tr/HDM_tr_02_-_02_03_120,MPIHDM05/tr/HDMtr02-0203120
MPI_HDM05/tr/HDM_tr_05_-_02_03_120,MPIHDM05/tr/HDMtr05-0203120
MPI_HDM05/tr/HDM_tr_03_-_05_01_120,MPIHDM05/tr/HDMtr03-0501120
MPI_HDM05/tr/HDM_tr_03_-_04_03_120,MPIHDM05/tr/HDMtr03-0403120
MPI_HDM05/tr/HDM_tr_02_-_01_01_120,MPIHDM05/tr/HDMtr02-0101120
MPI_HDM05/tr/HDM_tr_01_-_03_03_120,MPIHDM05/tr/HDMtr01-0303120
MPI_HDM05/tr/HDM_tr_02_-_03_03_120,MPIHDM05/tr/HDMtr02-0303120
MPI_HDM05/tr/HDM_tr_02_-_02_04_120,MPIHDM05/tr/HDMtr02-0204120
MPI_HDM05/tr/HDM_tr_03_-_03_01_120,MPIHDM05/tr/HDMtr03-0301120
MPI_HDM05/tr/HDM_tr_01_-_03_01_120,MPIHDM05/tr/HDMtr01-0301120
MPI_HDM05/tr/HDM_tr_03_-_01_03_120,MPIHDM05/tr/HDMtr03-0103120
MPI_HDM05/tr/HDM_tr_01_-_01_03_120,MPIHDM05/tr/HDMtr01-0103120
MPI_HDM05/tr/HDM_tr_05_-_02_02_120,MPIHDM05/tr/HDMtr05-0202120
MPI_HDM05/tr/HDM_tr_03_-_03_02_120,MPIHDM05/tr/HDMtr03-0302120
MPI_HDM05/tr/HDM_tr_03_-_10_03_120,MPIHDM05/tr/HDMtr03-1003120
MPI_HDM05/tr/HDM_tr_01_-_02_02_120,MPIHDM05/tr/HDMtr01-0202120
MPI_HDM05/tr/HDM_tr_01_-_01_01_120,MPIHDM05/tr/HDMtr01-0101120
MPI_HDM05/tr/HDM_tr_05_-_03_01_120,MPIHDM05/tr/HDMtr05-0301120
MPI_HDM05/mm/HDM_mm_04_-_01_01_120,MPIHDM05/mm/HDMmm04-0101120
MPI_HDM05/mm/HDM_mm_03_-_02_02_120,MPIHDM05/mm/HDMmm03-0202120
MPI_HDM05/mm/HDM_mm_02_-_02_02_120,MPIHDM05/mm/HDMmm02-0202120
MPI_HDM05/mm/HDM_mm_08_-_01_01_120,MPIHDM05/mm/HDMmm08-0101120
MPI_HDM05/mm/HDM_mm_01_-_01_02_120,MPIHDM05/mm/HDMmm01-0102120
MPI_HDM05/mm/HDM_mm_02_-_01_04_120,MPIHDM05/mm/HDMmm02-0104120
MPI_HDM05/mm/HDM_mm_02_-_01_03_120,MPIHDM05/mm/HDMmm02-0103120
MPI_HDM05/mm/HDM_mm_01_-_03_01_120,MPIHDM05/mm/HDMmm01-0301120
MPI_HDM05/mm/HDM_mm_01_-_03_03_120,MPIHDM05/mm/HDMmm01-0303120
MPI_HDM05/mm/HDM_mm_05_-_03_02_120,MPIHDM05/mm/HDMmm05-0302120
MPI_HDM05/mm/HDM_mm_03_-_01_03_120,MPIHDM05/mm/HDMmm03-0103120
MPI_HDM05/mm/HDM_mm_02_-_01_02_120,MPIHDM05/mm/HDMmm02-0102120
MPI_HDM05/mm/HDM_mm_02_-_02_03_120,MPIHDM05/mm/HDMmm02-0203120
MPI_HDM05/mm/HDM_mm_02_-_03_01_120,MPIHDM05/mm/HDMmm02-0301120
MPI_HDM05/mm/HDM_mm_03_-_01_01_120,MPIHDM05/mm/HDMmm03-0101120
MPI_HDM05/mm/HDM_mm_01_-_02_03_120,MPIHDM05/mm/HDMmm01-0203120
MPI_HDM05/mm/HDM_mm_04_-_01_02_120,MPIHDM05/mm/HDMmm04-0102120
MPI_HDM05/mm/HDM_mm_01_-_01_03_120,MPIHDM05/mm/HDMmm01-0103120
MPI_HDM05/mm/HDM_mm_02_-_01_01_120,MPIHDM05/mm/HDMmm02-0101120
MPI_HDM05/mm/HDM_mm_05_-_03_01_120,MPIHDM05/mm/HDMmm05-0301120
MPI_HDM05/mm/HDM_mm_01_-_03_02_120,MPIHDM05/mm/HDMmm01-0302120
MPI_HDM05/mm/HDM_mm_03_-_10_07_120,MPIHDM05/mm/HDMmm03-1007120
MPI_HDM05/mm/HDM_mm_01_-_04_01_120,MPIHDM05/mm/HDMmm01-0401120
MPI_HDM05/mm/HDM_mm_03_-_03_02_120,MPIHDM05/mm/HDMmm03-0302120
MPI_HDM05/mm/HDM_mm_03_-_05_01_120,MPIHDM05/mm/HDMmm03-0501120
MPI_HDM05/mm/HDM_mm_03_-_03_01_120,MPIHDM05/mm/HDMmm03-0301120
MPI_HDM05/mm/HDM_mm_01_-_02_02_120,MPIHDM05/mm/HDMmm01-0202120
MPI_HDM05/mm/HDM_mm_01_-_04_03_120,MPIHDM05/mm/HDMmm01-0403120
MPI_HDM05/bk/HDM_bk_01_-_03_02_120,MPIHDM05/bk/HDMbk01-0302120
MPI_HDM05/bk/HDM_bk_01_-_03_03_120,MPIHDM05/bk/HDMbk01-0303120
MPI_HDM05/bk/HDM_bk_01_-_02_01_120,MPIHDM05/bk/HDMbk01-0201120
MPI_HDM05/bk/HDM_bk_03_-_03_01_120,MPIHDM05/bk/HDMbk03-0301120
MPI_HDM05/bk/HDM_bk_03_-_04_04_120,MPIHDM05/bk/HDMbk03-0404120
MPI_HDM05/bk/HDM_bk_05_-_02_02_120,MPIHDM05/bk/HDMbk05-0202120
MPI_HDM05/bk/HDM_bk_05_-_02_01_120,MPIHDM05/bk/HDMbk05-0201120
MPI_HDM05/bk/HDM_bk_03_-_04_02_120,MPIHDM05/bk/HDMbk03-0402120
MPI_HDM05/bk/HDM_bk_03_-_11_01_120,MPIHDM05/bk/HDMbk03-1101120
MPI_HDM05/bk/HDM_bk_01_-_03_01_120,MPIHDM05/bk/HDMbk01-0301120
MPI_HDM05/bk/HDM_bk_05_-_03_03_120,MPIHDM05/bk/HDMbk05-0303120
MPI_HDM05/bk/HDM_bk_05_-_01_01_120,MPIHDM05/bk/HDMbk05-0101120
MPI_HDM05/bk/HDM_bk_05_-_03_02_120,MPIHDM05/bk/HDMbk05-0302120
MPI_HDM05/bk/HDM_bk_03_-_11_02_120,MPIHDM05/bk/HDMbk03-1102120
MPI_HDM05/bk/HDM_bk_02_-_01_01_120,MPIHDM05/bk/HDMbk02-0101120
MPI_HDM05/bk/HDM_bk_04_-_01_01_120,MPIHDM05/bk/HDMbk04-0101120
MPI_HDM05/bk/HDM_bk_02_-_01_02_120,MPIHDM05/bk/HDMbk02-0102120
MPI_HDM05/bk/HDM_bk_02_-_02_03_120,MPIHDM05/bk/HDMbk02-0203120
MPI_HDM05/bk/HDM_bk_01_-_01_02_120,MPIHDM05/bk/HDMbk01-0102120
MPI_HDM05/bk/HDM_bk_04_-_01_03_120,MPIHDM05/bk/HDMbk04-0103120
MPI_HDM05/bk/HDM_bk_02_-_03_02_120,MPIHDM05/bk/HDMbk02-0302120
MPI_HDM05/bk/HDM_bk_01_-_04_03_120,MPIHDM05/bk/HDMbk01-0403120
MPI_HDM05/bk/HDM_bk_02_-_01_03_120,MPIHDM05/bk/HDMbk02-0103120
MPI_HDM05/bk/HDM_bk_02_-_03_04_120,MPIHDM05/bk/HDMbk02-0304120
MPI_HDM05/bk/HDM_bk_01_-_02_03_120,MPIHDM05/bk/HDMbk01-0203120
MPI_HDM05/bk/HDM_bk_02_-_03_03_120,MPIHDM05/bk/HDMbk02-0303120
MPI_HDM05/bk/HDM_bk_04_-_01_02_120,MPIHDM05/bk/HDMbk04-0102120
MPI_HDM05/dg/HDM_dg_06_-_01_01_120,MPIHDM05/dg/HDMdg06-0101120
MPI_HDM05/dg/HDM_dg_03_-_01_01_120,MPIHDM05/dg/HDMdg03-0101120
MPI_HDM05/dg/HDM_dg_02_-_03_03_120,MPIHDM05/dg/HDMdg02-0303120
MPI_HDM05/dg/HDM_dg_07_-_01_03_120,MPIHDM05/dg/HDMdg07-0103120
MPI_HDM05/dg/HDM_dg_05_-_02_01_120,MPIHDM05/dg/HDMdg05-0201120
MPI_HDM05/dg/HDM_dg_05_-_03_02_120,MPIHDM05/dg/HDMdg05-0302120
MPI_HDM05/dg/HDM_dg_05_-_02_03_120,MPIHDM05/dg/HDMdg05-0203120
MPI_HDM05/dg/HDM_dg_02_-_03_01_120,MPIHDM05/dg/HDMdg02-0301120
MPI_HDM05/dg/HDM_dg_01_-_01_04_120,MPIHDM05/dg/HDMdg01-0104120
MPI_HDM05/dg/HDM_dg_03_-_03_03_120,MPIHDM05/dg/HDMdg03-0303120
MPI_HDM05/dg/HDM_dg_03_-_04_01_120,MPIHDM05/dg/HDMdg03-0401120
MPI_HDM05/dg/HDM_dg_01_-_02_01_120,MPIHDM05/dg/HDMdg01-0201120
MPI_HDM05/dg/HDM_dg_05_-_02_02_120,MPIHDM05/dg/HDMdg05-0202120
MPI_HDM05/dg/HDM_dg_06_-_03_03_120,MPIHDM05/dg/HDMdg06-0303120
MPI_HDM05/dg/HDM_dg_04_-_01_02_120,MPIHDM05/dg/HDMdg04-0102120
MPI_HDM05/dg/HDM_dg_01_-_02_03_120,MPIHDM05/dg/HDMdg01-0203120
MPI_HDM05/dg/HDM_dg_01_-_04_03_120,MPIHDM05/dg/HDMdg01-0403120
MPI_HDM05/dg/HDM_dg_03_-_05_02_120,MPIHDM05/dg/HDMdg03-0502120
MPI_HDM05/dg/HDM_dg_03_-_11_01_120,MPIHDM05/dg/HDMdg03-1101120
MPI_HDM05/dg/HDM_dg_05_-_01_02_120,MPIHDM05/dg/HDMdg05-0102120
MPI_HDM05/dg/HDM_dg_03_-_02_03_120,MPIHDM05/dg/HDMdg03-0203120
MPI_HDM05/dg/HDM_dg_01_-_01_01_120,MPIHDM05/dg/HDMdg01-0101120
MPI_HDM05/dg/HDM_dg_02_-_02_04_120,MPIHDM05/dg/HDMdg02-0204120
MPI_HDM05/dg/HDM_dg_05_-_01_03_120,MPIHDM05/dg/HDMdg05-0103120
MPI_HDM05/dg/HDM_dg_03_-_11_04_120,MPIHDM05/dg/HDMdg03-1104120
MPI_HDM05/dg/HDM_dg_07_-_01_07_120,MPIHDM05/dg/HDMdg07-0107120
MPI_HDM05/dg/HDM_dg_01_-_01_02_120,MPIHDM05/dg/HDMdg01-0102120
MPI_HDM05/dg/HDM_dg_01_-_02_02_120,MPIHDM05/dg/HDMdg01-0202120
MPI_HDM05/dg/HDM_dg_07_-_01_06_120,MPIHDM05/dg/HDMdg07-0106120
MPI_HDM05/dg/HDM_dg_01_-_04_02_120,MPIHDM05/dg/HDMdg01-0402120
MPI_HDM05/dg/HDM_dg_06_-_04_01_120,MPIHDM05/dg/HDMdg06-0401120
MPI_HDM05/dg/HDM_dg_01_-_03_03_120,MPIHDM05/dg/HDMdg01-0303120
MPI_HDM05/dg/HDM_dg_06_-_03_04_120,MPIHDM05/dg/HDMdg06-0304120
MPI_HDM05/dg/HDM_dg_07_-_01_05_120,MPIHDM05/dg/HDMdg07-0105120
MPI_HDM05/dg/HDM_dg_02_-_02_01_120,MPIHDM05/dg/HDMdg02-0201120
MPI_HDM05/dg/HDM_dg_07_-_01_04_120,MPIHDM05/dg/HDMdg07-0104120
MPI_HDM05/dg/HDM_dg_01_-_03_01_120,MPIHDM05/dg/HDMdg01-0301120
MPI_HDM05/dg/HDM_dg_07_-_01_01_120,MPIHDM05/dg/HDMdg07-0101120
MPI_HDM05/dg/HDM_dg_07_-_01_08_120,MPIHDM05/dg/HDMdg07-0108120
MPI_HDM05/dg/HDM_dg_03_-_11_02_120,MPIHDM05/dg/HDMdg03-1102120
MPI_HDM05/dg/HDM_dg_01_-_03_02_120,MPIHDM05/dg/HDMdg01-0302120
MPI_HDM05/dg/HDM_dg_02_-_03_02_120,MPIHDM05/dg/HDMdg02-0302120
MPI_HDM05/dg/HDM_dg_03_-_09_02_120,MPIHDM05/dg/HDMdg03-0902120
MPI_HDM05/dg/HDM_dg_03_-_01_02_120,MPIHDM05/dg/HDMdg03-0102120
ACCAD/Female1Running_c3d/C8_-_run_backwards_to_stand,ACCAD/Female1Runningc3d/C8-runbackwardstostand
ACCAD/s007/QkWalk1,ACCAD/s007/QkWalk1
ACCAD/s008/Run1,ACCAD/s008/Run1
ACCAD/Male2Running_c3d/C20_-_run_to_pickup_box,ACCAD/Male2Runningc3d/C20-runtopickupbox
ACCAD/Male2Running_c3d/C14_-_run_turn_right_90,ACCAD/Male2Runningc3d/C14-runturnright90
ACCAD/Male2Running_c3d/C8_-_run_backwards_to_stand,ACCAD/Male2Runningc3d/C8-runbackwardstostand
ACCAD/Male2MartialArtsPunches_c3d/E11_-_backfist_left,ACCAD/Male2MartialArtsPunchesc3d/E11-backfistleft
ACCAD/MartialArtsWalksTurns_c3d/E5_-_retreat,ACCAD/MartialArtsWalksTurnsc3d/E5-retreat
ACCAD/Male2Walking_c3d/B21_-_put_down_box_to_walk,ACCAD/Male2Walkingc3d/B21-putdownboxtowalk
ACCAD/Male1General_c3d/General_A3_-_Swing_Arms_While_Stand,ACCAD/Male1Generalc3d/GeneralA3-SwingArmsWhileStand
ACCAD/Male1General_c3d/General_A8_-_Crourch_to_Lie_(forward),ACCAD/Male1Generalc3d/GeneralA8-CrourchtoLie(forward)
Transitions_mocap/mazen_c3d/JOOF_walk,Transitionsmocap/mazenc3d/JOOFwalk
Transitions_mocap/mazen_c3d/walksideways_jumpinplace,Transitionsmocap/mazenc3d/walksidewaysjumpinplace
Transitions_mocap/mazen_c3d/twistdance_jumpingtwist360,Transitionsmocap/mazenc3d/twistdancejumpingtwist360
Transitions_mocap/mazen_c3d/jumpinplace_jumpingtwist360,Transitionsmocap/mazenc3d/jumpinplacejumpingtwist360
Transitions_mocap/mazen_c3d/kick_jumpinplace,Transitionsmocap/mazenc3d/kickjumpinplace
Transitions_mocap/mazen_c3d/walkbackwards_jumpinplace,Transitionsmocap/mazenc3d/walkbackwardsjumpinplace
Transitions_mocap/mazen_c3d/devishdance_kick,Transitionsmocap/mazenc3d/devishdancekick
Transitions_mocap/mazen_c3d/turntwist_stand,Transitionsmocap/mazenc3d/turntwiststand
Transitions_mocap/mazen_c3d/punchkarate_walk,Transitionsmocap/mazenc3d/punchkaratewalk
Transitions_mocap/mazen_c3d/crouchwalk_stand2,Transitionsmocap/mazenc3d/crouchwalkstand2
Transitions_mocap/mazen_c3d/walksideways_turntwist180,Transitionsmocap/mazenc3d/walksidewaysturntwist180
Transitions_mocap/mazen_c3d/airkick_walkbackwards,Transitionsmocap/mazenc3d/airkickwalkbackwards
Transitions_mocap/mazen_c3d/crawl_push,Transitionsmocap/mazenc3d/crawlpush
Transitions_mocap/mazen_c3d/jumpingtwist_stand,Transitionsmocap/mazenc3d/jumpingtwiststand
Transitions_mocap/mazen_c3d/punchboxing_push,Transitionsmocap/mazenc3d/punchboxingpush
Transitions_mocap/mazen_c3d/punchboxing_running,Transitionsmocap/mazenc3d/punchboxingrunning
Transitions_mocap/mazen_c3d/crouchwalk_kick,Transitionsmocap/mazenc3d/crouchwalkkick
Transitions_mocap/mazen_c3d/jumpingjacks_kick,Transitionsmocap/mazenc3d/jumpingjackskick
Transitions_mocap/mazen_c3d/devishdance_walkbackwards,Transitionsmocap/mazenc3d/devishdancewalkbackwards
Transitions_mocap/mazen_c3d/dance_jumpinplace,Transitionsmocap/mazenc3d/dancejumpinplace
Transitions_mocap/mazen_c3d/punchkarate_push,Transitionsmocap/mazenc3d/punchkaratepush
Transitions_mocap/mazen_c3d/dance_longjump,Transitionsmocap/mazenc3d/dancelongjump
Transitions_mocap/mazen_c3d/punchkarate_stand,Transitionsmocap/mazenc3d/punchkaratestand
Transitions_mocap/mazen_c3d/walksideways_walk,Transitionsmocap/mazenc3d/walksidewayswalk
Transitions_mocap/mazen_c3d/crawl_stand,Transitionsmocap/mazenc3d/crawlstand
Transitions_mocap/mazen_c3d/crouchwalk_stand,Transitionsmocap/mazenc3d/crouchwalkstand
Transitions_mocap/mazen_c3d/punchkarate_jumpingtwist360,Transitionsmocap/mazenc3d/punchkaratejumpingtwist360
Transitions_mocap/mazen_c3d/sit_stand,Transitionsmocap/mazenc3d/sitstand
Transitions_mocap/mazen_c3d/JOOF_longjump,Transitionsmocap/mazenc3d/JOOFlongjump
Transitions_mocap/mazen_c3d/walkbackwards_stand,Transitionsmocap/mazenc3d/walkbackwardsstand
Transitions_mocap/mazen_c3d/turntwist_jumpingtwist3602,Transitionsmocap/mazenc3d/turntwistjumpingtwist3602
Transitions_mocap/mazen_c3d/kick_walk,Transitionsmocap/mazenc3d/kickwalk
Transitions_mocap/mazen_c3d/twistdance_walk,Transitionsmocap/mazenc3d/twistdancewalk
Transitions_mocap/mazen_c3d/LOB_turntwist180,Transitionsmocap/mazenc3d/LOBturntwist180
Transitions_mocap/mazen_c3d/walksideways_kick,Transitionsmocap/mazenc3d/walksidewayskick
Transitions_mocap/mazen_c3d/run_longjump,Transitionsmocap/mazenc3d/runlongjump
Transitions_mocap/mazen_c3d/turntwist_kick,Transitionsmocap/mazenc3d/turntwistkick
Transitions_mocap/mazen_c3d/jumpingjacks_jumpinplace,Transitionsmocap/mazenc3d/jumpingjacksjumpinplace
Transitions_mocap/mazen_c3d/crawl_walkbackwards,Transitionsmocap/mazenc3d/crawlwalkbackwards
Transitions_mocap/mazen_c3d/punchboxing_walk,Transitionsmocap/mazenc3d/punchboxingwalk
Transitions_mocap/mazen_c3d/crawl_runbackwards,Transitionsmocap/mazenc3d/crawlrunbackwards
Transitions_mocap/mazen_c3d/punchkarate_kick,Transitionsmocap/mazenc3d/punchkaratekick
Transitions_mocap/mazen_c3d/crouchwalk_running,Transitionsmocap/mazenc3d/crouchwalkrunning
Transitions_mocap/mazen_c3d/airkick_running,Transitionsmocap/mazenc3d/airkickrunning
Transitions_mocap/mazen_c3d/airkick_jumpinplace,Transitionsmocap/mazenc3d/airkickjumpinplace
Transitions_mocap/mazen_c3d/GUS_kick,Transitionsmocap/mazenc3d/GUSkick
Transitions_mocap/mazen_c3d/punchkarate_longjump,Transitionsmocap/mazenc3d/punchkaratelongjump
Transitions_mocap/mazen_c3d/airkick_jumpingtwist360,Transitionsmocap/mazenc3d/airkickjumpingtwist360
Transitions_mocap/mazen_c3d/crouchwalk_turntwist180,Transitionsmocap/mazenc3d/crouchwalkturntwist180
Transitions_mocap/mazen_c3d/twistdance_kick,Transitionsmocap/mazenc3d/twistdancekick
Transitions_mocap/mazen_c3d/jumpingtwist_running,Transitionsmocap/mazenc3d/jumpingtwistrunning
Transitions_mocap/mazen_c3d/jumpingjacks_walk,Transitionsmocap/mazenc3d/jumpingjackswalk
Transitions_mocap/mazen_c3d/jumpingjacks_push,Transitionsmocap/mazenc3d/jumpingjackspush
Transitions_mocap/mazen_c3d/crouchwalk_runbackwards,Transitionsmocap/mazenc3d/crouchwalkrunbackwards
Transitions_mocap/mazen_c3d/JOOF_runbackwards,Transitionsmocap/mazenc3d/JOOFrunbackwards
Transitions_mocap/mazen_c3d/jumpingjacks_jumpingtwist360,Transitionsmocap/mazenc3d/jumpingjacksjumpingtwist360
Transitions_mocap/mazen_c3d/turntwist_jumpingtwist360,Transitionsmocap/mazenc3d/turntwistjumpingtwist360
DFaust_67/50021/50021_running_on_spot,DFaust67/50021/50021runningonspot
DFaust_67/50027/50027_shake_shoulders,DFaust67/50027/50027shakeshoulders
DFaust_67/50027/50027_hips,DFaust67/50027/50027hips
DFaust_67/50022/50022_punching,DFaust67/50022/50022punching
DFaust_67/50022/50022_one_leg_jump,DFaust67/50022/50022onelegjump
DFaust_67/50025/50025_one_leg_loose,DFaust67/50025/50025onelegloose
DFaust_67/50025/50025_hips,DFaust67/50025/50025hips
DFaust_67/50025/50025_shake_shoulders,DFaust67/50025/50025shakeshoulders
DFaust_67/50020/50020_shake_hips,DFaust67/50020/50020shakehips
DFaust_67/50020/50020_shake_arms,DFaust67/50020/50020shakearms
DFaust_67/50020/50020_punching,DFaust67/50020/50020punching
DFaust_67/50009/50009_light_hopping_stiff,DFaust67/50009/50009lighthoppingstiff
DFaust_67/50009/50009_running_on_spot,DFaust67/50009/50009runningonspot
DFaust_67/50026/50026_hips,DFaust67/50026/50026hips
DFaust_67/50026/50026_running_on_spot,DFaust67/50026/50026runningonspot
DFaust_67/50026/50026_one_leg_loose,DFaust67/50026/50026onelegloose
DFaust_67/50002/50002_shake_hips,DFaust67/50002/50002shakehips
DFaust_67/50002/50002_hips,DFaust67/50002/50002hips
DFaust_67/50004/50004_light_hopping_loose,DFaust67/50004/50004lighthoppingloose
DFaust_67/50004/50004_light_hopping_stiff,DFaust67/50004/50004lighthoppingstiff
MPI_Limits/03099/op7,MPILimits/03099/op7
MPI_Limits/03099/op3,MPILimits/03099/op3
MPI_Limits/03099/op8,MPILimits/03099/op8
MPI_Limits/03099/lar4,MPILimits/03099/lar4
MPI_Limits/03099/lar1,MPILimits/03099/lar1
MPI_Limits/03099/lar2,MPILimits/03099/lar2
MPI_Limits/03099/lar3,MPILimits/03099/lar3
MPI_Limits/03099/op2,MPILimits/03099/op2
MPI_Limits/03101/ulr1a001,MPILimits/03101/ulr1a001
MPI_Limits/03101/ulr5,MPILimits/03101/ulr5
MPI_Limits/03101/ulr1a,MPILimits/03101/ulr1a
MPI_Limits/03101/ulr1d,MPILimits/03101/ulr1d
MPI_Limits/03101/uar3,MPILimits/03101/uar3
MPI_Limits/03101/ulr3,MPILimits/03101/ulr3
MPI_Limits/03101/ulr1c,MPILimits/03101/ulr1c
MPI_Limits/03101/ROM2,MPILimits/03101/ROM2
MPI_Limits/03100/lar4,MPILimits/03100/lar4
MPI_Limits/03100/rom4,MPILimits/03100/rom4
MPI_Limits/03100/uar3,MPILimits/03100/uar3
MPI_Limits/03100/uar4,MPILimits/03100/uar4
MPI_Limits/03100/lar1,MPILimits/03100/lar1
MPI_Limits/03100/uar5,MPILimits/03100/uar5
MPI_Limits/03100/lar2,MPILimits/03100/lar2
KIT/1347/Experiment3a_subject1347_legs_01,KIT/1347/Experiment3asubject1347legs01
KIT/1347/Experiment3_subject1347_wash_leg_position_smallcircles_01,KIT/1347/Experiment3subject1347washlegpositionsmallcircles01
KIT/1347/Experiment3a_subject1347_legs_03,KIT/1347/Experiment3asubject1347legs03
KIT/1347/Experiment3_subject1347_random_01,KIT/1347/Experiment3subject1347random01
KIT/1347/Experiment3_subject1347_wash_leg_position_smallcircles_02,KIT/1347/Experiment3subject1347washlegpositionsmallcircles02
KIT/1347/Experiment3a_subject1347_back_01,KIT/1347/Experiment3asubject1347back01
KIT/1347/Experiment3b_subject1347_legs_01,KIT/1347/Experiment3bsubject1347legs01
KIT/314/turn_right10,KIT/314/turnright10
KIT/314/walking_slow10,KIT/314/walkingslow10
KIT/314/step_over_gap07,KIT/314/stepovergap07
KIT/314/walking_medium04,KIT/314/walkingmedium04
KIT/423/upstairs10,KIT/423/upstairs10
KIT/423/downstairs07,KIT/423/downstairs07
KIT/423/upstairs_downstairs03,KIT/423/upstairsdownstairs03
KIT/423/upstairs07,KIT/423/upstairs07
KIT/423/downstairs03,KIT/423/downstairs03
KIT/423/go_over_beam09,KIT/423/gooverbeam09
KIT/441/castBox03,KIT/441/castBox03
KIT/441/synchron04,KIT/441/synchron04
KIT/441/PizzaDelivery01,KIT/441/PizzaDelivery01
KIT/441/castBox05,KIT/441/castBox05
KIT/441/conversation03,KIT/441/conversation03
KIT/441/drinking05,KIT/441/drinking05
KIT/441/drinking02,KIT/441/drinking02
KIT/441/drinking03,KIT/441/drinking03
KIT/441/PizzaDelivery03,KIT/441/PizzaDelivery03
KIT/1297/wipe03,KIT/1297/wipe03
KIT/1297/wipe02,KIT/1297/wipe02
KIT/1297/wipe11,KIT/1297/wipe11
KIT/1297/wipe10,KIT/1297/wipe10
KIT/1297/wipe05,KIT/1297/wipe05
KIT/1297/wipe15,KIT/1297/wipe15
KIT/1297/wipe14,KIT/1297/wipe14
KIT/1297/wipe01,KIT/1297/wipe01
KIT/7/WalkingStraightBackwards03,KIT/7/WalkingStraightBackwards03
KIT/7/WalkingStraightForwards08,KIT/7/WalkingStraightForwards08
KIT/7/WalkingStraightBackwards05,KIT/7/WalkingStraightBackwards05
KIT/7/WalkingStraightBackwards09,KIT/7/WalkingStraightBackwards09
KIT/7/WalkingStraightForwards10,KIT/7/WalkingStraightForwards10
KIT/7/WalkInClockwiseCircle10,KIT/7/WalkInClockwiseCircle10
KIT/7/WalkingStraightForwards09,KIT/7/WalkingStraightForwards09
KIT/7/WalkingStraightBackwards07,KIT/7/WalkingStraightBackwards07
KIT/7/WalkInCounterClockwiseCircle02,KIT/7/WalkInCounterClockwiseCircle02
KIT/7/LeftTurn02,KIT/7/LeftTurn02
KIT/7/WalkInCounterClockwiseCircle10,KIT/7/WalkInCounterClockwiseCircle10
KIT/7/RightTurn09,KIT/7/RightTurn09
KIT/7/WalkInClockwiseCircle07,KIT/7/WalkInClockwiseCircle07
KIT/7/LeftTurn09,KIT/7/LeftTurn09
KIT/7/WalkInClockwiseCircle08,KIT/7/WalkInClockwiseCircle08
KIT/7/LeftTurn08,KIT/7/LeftTurn08
KIT/7/LeftTurn06,KIT/7/LeftTurn06
KIT/7/WalkInCounterClockwiseCircle03,KIT/7/WalkInCounterClockwiseCircle03
KIT/7/RightTurn01,KIT/7/RightTurn01
KIT/7/RightTurn07,KIT/7/RightTurn07
KIT/7/LeftTurn05,KIT/7/LeftTurn05
KIT/7/WalkingStraightForwards02,KIT/7/WalkingStraightForwards02
KIT/7/WalkingStraightForwards05,KIT/7/WalkingStraightForwards05
KIT/7/WalkInCounterClockwiseCircle06,KIT/7/WalkInCounterClockwiseCircle06
KIT/7/WalkingStraightForwards07,KIT/7/WalkingStraightForwards07
KIT/7/WalkInClockwiseCircle06,KIT/7/WalkInClockwiseCircle06
KIT/7/LeftTurn07,KIT/7/LeftTurn07
KIT/7/RightTurn06,KIT/7/RightTurn06
KIT/7/WalkInCounterClockwiseCircle07,KIT/7/WalkInCounterClockwiseCircle07
KIT/7/WalkingStraightForwards01,KIT/7/WalkingStraightForwards01
KIT/7/WalkingStraightBackwards02,KIT/7/WalkingStraightBackwards02
KIT/7/WalkInClockwiseCircle02,KIT/7/WalkInClockwiseCircle02
KIT/7/WalkInClockwiseCircle04,KIT/7/WalkInClockwiseCircle04
KIT/7/RightTurn02,KIT/7/RightTurn02
KIT/7/WalkingStraightBackwards01,KIT/7/WalkingStraightBackwards01
KIT/7/WalkInClockwiseCircle01,KIT/7/WalkInClockwiseCircle01
KIT/7/WalkingStraightForwards03,KIT/7/WalkingStraightForwards03
KIT/7/RightTurn10,KIT/7/RightTurn10
KIT/7/WalkingStraightBackwards08,KIT/7/WalkingStraightBackwards08
KIT/1721/RecoveryStepping_50_60_03,KIT/1721/RecoveryStepping506003
KIT/1721/RecoveryStepping_50_30_02,KIT/1721/RecoveryStepping503002
KIT/1721/RecoveryStepping_80_180_02,KIT/1721/RecoveryStepping8018002
KIT/1721/RecoveryStepping_50_90_01,KIT/1721/RecoveryStepping509001
KIT/1721/RecoveryStepping_50_180_03,KIT/1721/RecoveryStepping5018003
KIT/1721/RecoveryStepping_50_150_01,KIT/1721/RecoveryStepping5015001
KIT/1721/RecoveryStepping_50_60_01,KIT/1721/RecoveryStepping506001
KIT/1721/RecoveryStepping_50_150_02,KIT/1721/RecoveryStepping5015002
KIT/1721/RecoveryStepping_30_150_03,KIT/1721/RecoveryStepping3015003
KIT/1721/RecoveryStepping_50_135_02,KIT/1721/RecoveryStepping5013502
KIT/1721/RecoveryStepping_30_0_03,KIT/1721/RecoveryStepping30003
KIT/1721/RecoveryStepping_30_45_01,KIT/1721/RecoveryStepping304501
KIT/1721/RecoveryStepping_50_30_03,KIT/1721/RecoveryStepping503003
KIT/1721/RecoveryStepping_30_60_04,KIT/1721/RecoveryStepping306004
KIT/1721/RecoveryStepping_30_150_02,KIT/1721/RecoveryStepping3015002
KIT/1721/RecoveryStepping_30_120_02,KIT/1721/RecoveryStepping3012002
KIT/1721/RecoveryStepping_30_30_01,KIT/1721/RecoveryStepping303001
KIT/1721/RecoveryStepping_30_135_02,KIT/1721/RecoveryStepping3013502
KIT/1721/RecoveryStepping_50_120_02,KIT/1721/RecoveryStepping5012002
KIT/1721/RecoveryStepping_30_45_02,KIT/1721/RecoveryStepping304502
KIT/1721/RecoveryStepping_50_135_03,KIT/1721/RecoveryStepping5013503
KIT/1721/RecoveryStepping_30_60_03,KIT/1721/RecoveryStepping306003
KIT/1721/RecoveryStepping_50_120_01,KIT/1721/RecoveryStepping5012001
KIT/1721/RecoveryStepping_50_0_01,KIT/1721/RecoveryStepping50001
KIT/1721/RecoveryStepping_50_45_03,KIT/1721/RecoveryStepping504503
KIT/1721/RecoveryStepping_50_180_04,KIT/1721/RecoveryStepping5018004
KIT/1721/RecoveryStepping_30_45_03,KIT/1721/RecoveryStepping304503
KIT/1721/RecoveryStepping_30_0_04,KIT/1721/RecoveryStepping30004
KIT/1721/RecoveryStepping_30_60_01,KIT/1721/RecoveryStepping306001
KIT/1721/RecoveryStepping_30_180_03,KIT/1721/RecoveryStepping3018003
KIT/1721/RecoveryStepping_30_90_02,KIT/1721/RecoveryStepping309002
KIT/1721/RecoveryStepping_30_45_04,KIT/1721/RecoveryStepping304504
KIT/1721/RecoveryStepping_30_120_01,KIT/1721/RecoveryStepping3012001
KIT/1721/RecoveryStepping_50_30_01,KIT/1721/RecoveryStepping503001
KIT/1721/RecoveryStepping_50_180_01,KIT/1721/RecoveryStepping5018001
KIT/1721/RecoveryStepping_30_180_01,KIT/1721/RecoveryStepping3018001
KIT/1721/RecoveryStepping_80_0_02,KIT/1721/RecoveryStepping80002
KIT/1721/RecoveryStepping_30_60_02,KIT/1721/RecoveryStepping306002
KIT/1721/RecoveryStepping_50_60_02,KIT/1721/RecoveryStepping506002
KIT/1721/RecoveryStepping_30_120_04,KIT/1721/RecoveryStepping3012004
KIT/471/Push_Medium01,KIT/471/PushMedium01
KIT/955/wipe_head_horizontal01,KIT/955/wipeheadhorizontal01
KIT/955/wipe_arm_vertical01,KIT/955/wipearmvertical01
KIT/955/wipe_head_smallcircles01,KIT/955/wipeheadsmallcircles01
KIT/955/wipe_back_dabbing03,KIT/955/wipebackdabbing03
KIT/955/wipe_leg_dabbing01,KIT/955/wipelegdabbing01
KIT/955/wipe_back_vertical02,KIT/955/wipebackvertical02
KIT/955/wipe_leg_smallcircles01,KIT/955/wipelegsmallcircles01
KIT/955/wipe_arm_smallcircles02,KIT/955/wipearmsmallcircles02
KIT/955/wipe_arm_dabbing01,KIT/955/wipearmdabbing01
KIT/955/wipe_back_bigcircles02,KIT/955/wipebackbigcircles02
KIT/955/wipe_head_smallcircles02,KIT/955/wipeheadsmallcircles02
KIT/955/wipe_arm_smallcircles01,KIT/955/wipearmsmallcircles01
KIT/955/wipe_back_bigcircles03,KIT/955/wipebackbigcircles03
KIT/955/wipe_leg_vertical01,KIT/955/wipelegvertical01
KIT/955/wipe_back_smallcircles02,KIT/955/wipebacksmallcircles02
KIT/955/wipe_head_bigcircles01,KIT/955/wipeheadbigcircles01
KIT/955/wipe_leg_smallcircles02,KIT/955/wipelegsmallcircles02
KIT/572/kick_low_right01,KIT/572/kicklowright01
KIT/572/tennis_forehand_right04,KIT/572/tennisforehandright04
KIT/572/stir_left15,KIT/572/stirleft15
KIT/572/stir_left11,KIT/572/stirleft11
KIT/572/wipe_circular_left05,KIT/572/wipecircularleft05
KIT/572/wipe_circular_left02,KIT/572/wipecircularleft02
KIT/572/violin_right10,KIT/572/violinright10
KIT/572/guitar_left05,KIT/572/guitarleft05
KIT/572/dance_waltz13,KIT/572/dancewaltz13
KIT/572/wave_left11,KIT/572/waveleft11
KIT/572/jump_up02,KIT/572/jumpup02
KIT/572/dance_waltz08,KIT/572/dancewaltz08
KIT/572/squat03,KIT/572/squat03
KIT/572/stir_left09,KIT/572/stirleft09
KIT/572/throw_left05,KIT/572/throwleft05
KIT/572/golf_putting05,KIT/572/golfputting05
KIT/572/wipe_circular_right05,KIT/572/wipecircularright05
KIT/572/guitar_right02,KIT/572/guitarright02
KIT/572/wave_right08,KIT/572/waveright08
KIT/572/golf_drive02,KIT/572/golfdrive02
KIT/572/stir_left08,KIT/572/stirleft08
KIT/572/dance_chacha08,KIT/572/dancechacha08
KIT/572/stomp_left02,KIT/572/stompleft02
KIT/572/violin_left04,KIT/572/violinleft04
KIT/572/wave_left07,KIT/572/waveleft07
KIT/572/golf_putting04,KIT/572/golfputting04
KIT/572/guitar_right07,KIT/572/guitarright07
KIT/572/wave_both13,KIT/572/waveboth13
KIT/572/stir_left01,KIT/572/stirleft01
KIT/572/squat05,KIT/572/squat05
KIT/572/wave_left08,KIT/572/waveleft08
KIT/572/violin_right09,KIT/572/violinright09
KIT/572/jump_forward03,KIT/572/jumpforward03
KIT/572/stir_left04,KIT/572/stirleft04
KIT/572/throw_left03,KIT/572/throwleft03
KIT/572/guitar_left15,KIT/572/guitarleft15
KIT/572/guitar_left08,KIT/572/guitarleft08
KIT/572/punch_right03,KIT/572/punchright03
KIT/572/kick_low_left02,KIT/572/kicklowleft02
KIT/572/wave_both11,KIT/572/waveboth11
KIT/572/stir_right10,KIT/572/stirright10
KIT/572/golf_drive03,KIT/572/golfdrive03
KIT/572/wave_both09,KIT/572/waveboth09
KIT/572/stir_right08,KIT/572/stirright08
KIT/572/stir_right06,KIT/572/stirright06
KIT/572/violin_left02,KIT/572/violinleft02
KIT/572/wipe_circular_left11,KIT/572/wipecircularleft11
KIT/572/wave_right11,KIT/572/waveright11
KIT/572/stomp_left05,KIT/572/stompleft05
KIT/572/tennis_smash_right03,KIT/572/tennissmashright03
KIT/572/dance_chacha04,KIT/572/dancechacha04
KIT/572/jump_left01,KIT/572/jumpleft01
KIT/572/wipe_circular_left01,KIT/572/wipecircularleft01
KIT/572/wipe_circular_left08,KIT/572/wipecircularleft08
KIT/572/violin_right05,KIT/572/violinright05
KIT/572/kick_high_left05,KIT/572/kickhighleft05
KIT/572/stir_right02,KIT/572/stirright02
KIT/572/violin_right01,KIT/572/violinright01
KIT/572/dance_waltz04,KIT/572/dancewaltz04
KIT/572/stir_left16,KIT/572/stirleft16
KIT/572/dance_waltz15,KIT/572/dancewaltz15
KIT/572/stir_left13,KIT/572/stirleft13
KIT/572/wave_left10,KIT/572/waveleft10
KIT/572/tennis_smash_left05,KIT/572/tennissmashleft05
KIT/572/wipe_circular_right10,KIT/572/wipecircularright10
KIT/572/violin_right15,KIT/572/violinright15
KIT/572/dance_waltz14,KIT/572/dancewaltz14
KIT/572/kick_low_right03,KIT/572/kicklowright03
KIT/572/dance_waltz10,KIT/572/dancewaltz10
KIT/572/guitar_left13,KIT/572/guitarleft13
KIT/572/punch_left02,KIT/572/punchleft02
KIT/572/violin_left10,KIT/572/violinleft10
KIT/572/jump_left03,KIT/572/jumpleft03
KIT/572/stir_right03,KIT/572/stirright03
KIT/572/guitar_right14,KIT/572/guitarright14
KIT/572/golf_drive01,KIT/572/golfdrive01
KIT/572/bow_slight04,KIT/572/bowslight04
KIT/572/tennis_smash_right01,KIT/572/tennissmashright01
KIT/572/stir_left06,KIT/572/stirleft06
KIT/572/violin_right12,KIT/572/violinright12
KIT/572/wipe_circular_right03,KIT/572/wipecircularright03
KIT/572/jump_up05,KIT/572/jumpup05
KIT/572/stir_left12,KIT/572/stirleft12
KIT/572/tennis_forehand_left01,KIT/572/tennisforehandleft01
KIT/572/violin_left13,KIT/572/violinleft13
KIT/572/wipe_circular_right09,KIT/572/wipecircularright09
KIT/572/wave_left04,KIT/572/waveleft04
KIT/572/tennis_smash_left02,KIT/572/tennissmashleft02
KIT/572/golf_drive05,KIT/572/golfdrive05
KIT/572/guitar_right01,KIT/572/guitarright01
KIT/572/punch_left01,KIT/572/punchleft01
KIT/572/throw_right05,KIT/572/throwright05
KIT/572/squat01,KIT/572/squat01
KIT/572/guitar_right12,KIT/572/guitarright12
KIT/572/wave_left13,KIT/572/waveleft13
KIT/572/punch_right04,KIT/572/punchright04
KIT/572/violin_right07,KIT/572/violinright07
KIT/572/violin_right08,KIT/572/violinright08
KIT/572/dance_waltz_01,KIT/572/dancewaltz01
KIT/572/wave_right15,KIT/572/waveright15
KIT/572/dance_chacha11,KIT/572/dancechacha11
KIT/572/wipe_circular_left06,KIT/572/wipecircularleft06
KIT/572/wave_right01,KIT/572/waveright01
KIT/572/dance_waltz06,KIT/572/dancewaltz06
KIT/6/LeftTurn02_1,KIT/6/LeftTurn021
KIT/6/WalkingStraightBackwards09,KIT/6/WalkingStraightBackwards09
KIT/6/WalkInCounterClockwiseCircle08_1,KIT/6/WalkInCounterClockwiseCircle081
KIT/6/RightTurn03_1,KIT/6/RightTurn031
KIT/6/WalkInClockwiseCircle08_1,KIT/6/WalkInClockwiseCircle081
KIT/6/WalkInCounterClockwiseCircle03_1,KIT/6/WalkInCounterClockwiseCircle031
KIT/6/RightTurn10_1,KIT/6/RightTurn101
KIT/6/WalkInCounterClockwiseCircle06_1,KIT/6/WalkInCounterClockwiseCircle061
KIT/6/LeftTurn09_1,KIT/6/LeftTurn091
KIT/6/WalkingStraightBackwards10,KIT/6/WalkingStraightBackwards10
KIT/6/WalkInCounterClockwiseCircle07_1,KIT/6/WalkInCounterClockwiseCircle071
KIT/6/RightTurn04_1,KIT/6/RightTurn041
KIT/6/WalkInClockwiseCircle05_1,KIT/6/WalkInClockwiseCircle051
KIT/6/WalkInCounterClockwiseCircle05_1,KIT/6/WalkInCounterClockwiseCircle051
KIT/6/WalkingStraightBackwards06,KIT/6/WalkingStraightBackwards06
KIT/6/WalkInCounterClockwiseCircle10_1,KIT/6/WalkInCounterClockwiseCircle101
KIT/6/WalkInClockwiseCircle04_1,KIT/6/WalkInClockwiseCircle041
KIT/6/LeftTurn05_1,KIT/6/LeftTurn051
KIT/6/WalkInClockwiseCircle06_1,KIT/6/WalkInClockwiseCircle061
KIT/6/WalkInClockwiseCircle03_1,KIT/6/WalkInClockwiseCircle031
KIT/6/LeftTurn06_1,KIT/6/LeftTurn061
KIT/6/LeftTurn04_1,KIT/6/LeftTurn041
KIT/6/WalkingStraightBackwards01,KIT/6/WalkingStraightBackwards01
KIT/6/WalkingStraightBackwards04,KIT/6/WalkingStraightBackwards04
KIT/6/LeftTurn10_1,KIT/6/LeftTurn101
KIT/6/LeftTurn08_1,KIT/6/LeftTurn081
KIT/6/WalkingStraightBackwards08,KIT/6/WalkingStraightBackwards08
KIT/6/RightTurn08_1,KIT/6/RightTurn081
KIT/3/kick_low_right01,KIT/3/kicklowright01
KIT/3/step_stones03,KIT/3/stepstones03
KIT/3/jump_back04,KIT/3/jumpback04
KIT/3/lean_on_table13,KIT/3/leanontable13
KIT/3/kneel_down_with_left_hand07,KIT/3/kneeldownwithlefthand07
KIT/3/lean_over_table02,KIT/3/leanovertable02
KIT/3/Preparing_the_dough01,KIT/3/Preparingthedough01
KIT/3/Experiment3a_back_03,KIT/3/Experiment3aback03
KIT/3/walking_forward_4steps_right_05,KIT/3/walkingforward4stepsright05
KIT/3/kneel_up_from_crawl07,KIT/3/kneelupfromcrawl07
KIT/3/wave_left11,KIT/3/waveleft11
KIT/3/bend_left04,KIT/3/bendleft04
KIT/3/punch_right01,KIT/3/punchright01
KIT/3/Transfuse02,KIT/3/Transfuse02
KIT/3/wave_right09,KIT/3/waveright09
KIT/3/squat03,KIT/3/squat03
KIT/3/step_stones05,KIT/3/stepstones05
KIT/3/kneel_up_from_crawl04,KIT/3/kneelupfromcrawl04
KIT/3/kneel_up_hold04,KIT/3/kneeluphold04
KIT/3/slope_down08,KIT/3/slopedown08
KIT/3/throw_right01,KIT/3/throwright01
KIT/3/kneel_down_with_both_hands03,KIT/3/kneeldownwithbothhands03
KIT/3/tennis_smash_left03,KIT/3/tennissmashleft03
KIT/3/slope_up08,KIT/3/slopeup08
KIT/3/bend_right09,KIT/3/bendright09
KIT/3/walking_upstairs03,KIT/3/walkingupstairs03
KIT/3/stomp_right03,KIT/3/stompright03
KIT/3/upstairs_downstairs04,KIT/3/upstairsdownstairs04
KIT/3/jump_up01,KIT/3/jumpup01
KIT/3/kneel_up_hold05,KIT/3/kneeluphold05
KIT/3/golf_putting05,KIT/3/golfputting05
KIT/3/punch_right05,KIT/3/punchright05
KIT/3/walk_with_support02,KIT/3/walkwithsupport02
KIT/3/kneel_up_with_left_hand09,KIT/3/kneelupwithlefthand09
KIT/3/912_3_02,KIT/3/912302
KIT/3/walking_slow03,KIT/3/walkingslow03
KIT/3/walking_forward_4steps_right_04,KIT/3/walkingforward4stepsright04
KIT/3/turn_right05,KIT/3/turnright05
KIT/3/bow_slight03,KIT/3/bowslight03
KIT/3/Experiment3b_04,KIT/3/Experiment3b04
KIT/3/go_over_beam06,KIT/3/gooverbeam06
KIT/3/wave_both03,KIT/3/waveboth03
KIT/3/walking_fast06,KIT/3/walkingfast06
KIT/3/wave_right08,KIT/3/waveright08
KIT/3/upstairs04,KIT/3/upstairs04
KIT/3/912_3_05,KIT/3/912305
KIT/3/parkour07,KIT/3/parkour07
KIT/3/walking_run05,KIT/3/walkingrun05
KIT/3/walking_medium02,KIT/3/walkingmedium02
KIT/3/turn_right07,KIT/3/turnright07
KIT/3/balancing04,KIT/3/balancing04
KIT/3/parkour01,KIT/3/parkour01
KIT/3/kneel_up_from_crawl05,KIT/3/kneelupfromcrawl05
KIT/3/walk_with_left_support06,KIT/3/walkwithleftsupport06
KIT/3/wave_left01,KIT/3/waveleft01
KIT/3/streching_leg01,KIT/3/strechingleg01
KIT/3/wave_left15,KIT/3/waveleft15
KIT/3/stomp_left02,KIT/3/stompleft02
KIT/3/lean_over_table10,KIT/3/leanovertable10
KIT/3/bow_deep05,KIT/3/bowdeep05
KIT/3/kneel_up_with_right_hand08,KIT/3/kneelupwithrighthand08
KIT/3/lean_on_table14,KIT/3/leanontable14
KIT/3/kneel_down_with_stool_left_hand11,KIT/3/kneeldownwithstoollefthand11
KIT/3/kneel_down_with_stool_left_hand05,KIT/3/kneeldownwithstoollefthand05
KIT/3/streching_leg04,KIT/3/strechingleg04
KIT/3/kneel_down_with_stool_right_hand07,KIT/3/kneeldownwithstoolrighthand07
KIT/3/wave_both13,KIT/3/waveboth13
KIT/3/push_from_behind02,KIT/3/pushfrombehind02
KIT/3/parkour04,KIT/3/parkour04
KIT/3/Preparing_the_dough06,KIT/3/Preparingthedough06
KIT/3/slope_down10,KIT/3/slopedown10
KIT/3/912_3_06,KIT/3/912306
KIT/3/seesaw01,KIT/3/seesaw01
KIT/3/kneel_up_hold01,KIT/3/kneeluphold01
KIT/3/turn_left06,KIT/3/turnleft06
KIT/3/step_stones08,KIT/3/stepstones08
KIT/3/kneel_down_with_both_hands11,KIT/3/kneeldownwithbothhands11
KIT/3/kneel_up_with_right_hand11,KIT/3/kneelupwithrighthand11
KIT/3/912_3_12,KIT/3/912312
KIT/3/streching_leg05,KIT/3/strechingleg05
KIT/3/Experiment3a_legs_01,KIT/3/Experiment3alegs01
KIT/3/balancing05,KIT/3/balancing05
KIT/3/downstairs01,KIT/3/downstairs01
KIT/3/throw_left03,KIT/3/throwleft03
KIT/3/lean_on_table01,KIT/3/leanontable01
KIT/3/inspect_shoe_sole07,KIT/3/inspectshoesole07
KIT/3/jump_forward02,KIT/3/jumpforward02
KIT/3/throw_left02,KIT/3/throwleft02
KIT/3/crawl09,KIT/3/crawl09
KIT/3/stomp_right01,KIT/3/stompright01
KIT/3/wave_left12,KIT/3/waveleft12
KIT/3/kneel_down_to_crawl06,KIT/3/kneeldowntocrawl06
KIT/3/turn_left05,KIT/3/turnleft05
KIT/3/wave_left05,KIT/3/waveleft05
KIT/3/bend_right07,KIT/3/bendright07
KIT/3/kneel_down_with_right_hand07,KIT/3/kneeldownwithrighthand07
KIT/3/turn_right01,KIT/3/turnright01
KIT/3/bend_right01,KIT/3/bendright01
KIT/3/push_from_the_front09,KIT/3/pushfromthefront09
KIT/3/walking_slow07,KIT/3/walkingslow07
KIT/3/912_3_10,KIT/3/912310
KIT/3/kneel_up_with_left_hand07,KIT/3/kneelupwithlefthand07
KIT/3/lean_on_table05,KIT/3/leanontable05
KIT/3/lean_over_table18,KIT/3/leanovertable18
KIT/3/push_from_the_right_side18,KIT/3/pushfromtherightside18
KIT/3/push_from_the_left_side04,KIT/3/pushfromtheleftside04
KIT/3/lean_over_table07,KIT/3/leanovertable07
KIT/3/go_over_beam07,KIT/3/gooverbeam07
KIT/3/slope_down03,KIT/3/slopedown03
KIT/3/walk_with_left_support_table01,KIT/3/walkwithleftsupporttable01
KIT/3/upstairs08,KIT/3/upstairs08
KIT/3/walking_medium01,KIT/3/walkingmedium01
KIT/3/upstairs01,KIT/3/upstairs01
KIT/3/Experiment3b_back_01,KIT/3/Experiment3bback01
KIT/3/bend_right03,KIT/3/bendright03
KIT/3/turn_right04,KIT/3/turnright04
KIT/3/turn_right03,KIT/3/turnright03
KIT/3/stomp_right05,KIT/3/stompright05
KIT/3/crawl06,KIT/3/crawl06
KIT/3/bend_left09,KIT/3/bendleft09
KIT/3/step_stones06,KIT/3/stepstones06
KIT/3/kneel_down_with_left_hand09,KIT/3/kneeldownwithlefthand09
KIT/3/Drinking04,KIT/3/Drinking04
KIT/3/push_from_behind03,KIT/3/pushfrombehind03
KIT/3/wave_right03,KIT/3/waveright03
KIT/3/upstairs10,KIT/3/upstairs10
KIT/3/walk_6m_straight_line06,KIT/3/walk6mstraightline06
KIT/3/kneel_up_with_left_hand04,KIT/3/kneelupwithlefthand04
KIT/3/Preparing_the_dough10,KIT/3/Preparingthedough10
KIT/3/tennis_forehand_left05,KIT/3/tennisforehandleft05
KIT/3/upstairs03,KIT/3/upstairs03
KIT/3/turn_right06,KIT/3/turnright06
KIT/3/kneel_down_with_both_hands04,KIT/3/kneeldownwithbothhands04
KIT/3/bend_right06,KIT/3/bendright06
KIT/3/Experiment3a_back_01,KIT/3/Experiment3aback01
KIT/3/bend_left01,KIT/3/bendleft01
KIT/3/jump_left05,KIT/3/jumpleft05
KIT/3/push_from_behind07,KIT/3/pushfrombehind07
KIT/3/upstairs09,KIT/3/upstairs09
KIT/3/bend_left03,KIT/3/bendleft03
KIT/3/slope_up03,KIT/3/slopeup03
KIT/3/kneel_up_with_right_hand10,KIT/3/kneelupwithrighthand10
KIT/3/Experiment3b_legs_01,KIT/3/Experiment3blegs01
KIT/3/slope_up06,KIT/3/slopeup06
KIT/3/push_from_the_left_side10,KIT/3/pushfromtheleftside10
KIT/3/throw_left01,KIT/3/throwleft01
KIT/3/kneel_down_with_stool_right_hand08,KIT/3/kneeldownwithstoolrighthand08
KIT/3/walk_with_left_support02,KIT/3/walkwithleftsupport02
KIT/3/lean_over_table19,KIT/3/leanovertable19
KIT/3/downstairs07,KIT/3/downstairs07
KIT/3/squat04,KIT/3/squat04
KIT/3/kneel_up_with_left_hand03,KIT/3/kneelupwithlefthand03
KIT/3/stomp_left05,KIT/3/stompleft05
KIT/3/tennis_smash_right03,KIT/3/tennissmashright03
KIT/3/downstairs_backwards01,KIT/3/downstairsbackwards01
KIT/3/kneel_down_with_stool_left_hand02,KIT/3/kneeldownwithstoollefthand02
KIT/3/walking_forward_4steps_right,KIT/3/walkingforward4stepsright
KIT/3/wave_right04,KIT/3/waveright04
KIT/3/Drinking07,KIT/3/Drinking07
KIT/3/jump_back03,KIT/3/jumpback03
KIT/3/kneel_down_with_stool_right_hand06,KIT/3/kneeldownwithstoolrighthand06
KIT/3/push_from_the_front11,KIT/3/pushfromthefront11
KIT/3/kneel_down_with_stool_left_hand06,KIT/3/kneeldownwithstoollefthand06
KIT/3/walking_medium07,KIT/3/walkingmedium07
KIT/3/walk_with_support01,KIT/3/walkwithsupport01
KIT/3/kneel_down_with_both_hands05,KIT/3/kneeldownwithbothhands05
KIT/3/lean_on_table09,KIT/3/leanontable09
KIT/3/walking_run04,KIT/3/walkingrun04
KIT/3/jump_left02,KIT/3/jumpleft02
KIT/3/kneel_down_with_left_hand02,KIT/3/kneeldownwithlefthand02
KIT/3/lean_over_table15,KIT/3/leanovertable15
KIT/3/kneel_down_with_left_hand08,KIT/3/kneeldownwithlefthand08
KIT/3/kneel_down_with_stool_right_hand11,KIT/3/kneeldownwithstoolrighthand11
KIT/3/walking_fast10,KIT/3/walkingfast10
KIT/3/seesaw_backwards06,KIT/3/seesawbackwards06
KIT/3/kneel_down_with_left_hand06,KIT/3/kneeldownwithlefthand06
KIT/3/throw_right02,KIT/3/throwright02
KIT/3/inspect_shoe_sole02,KIT/3/inspectshoesole02
KIT/3/kneel_down_with_right_hand03,KIT/3/kneeldownwithrighthand03
KIT/3/push_from_the_right_side15,KIT/3/pushfromtherightside15
KIT/3/turn_left10,KIT/3/turnleft10
KIT/3/walking_slow10,KIT/3/walkingslow10
KIT/3/kick_low_right02,KIT/3/kicklowright02
KIT/3/kneel_down_with_both_hands07,KIT/3/kneeldownwithbothhands07
KIT/3/punch_left04,KIT/3/punchleft04
KIT/3/slope_down01,KIT/3/slopedown01
KIT/3/wave_left10,KIT/3/waveleft10
KIT/3/Preparing_the_dough02,KIT/3/Preparingthedough02
KIT/3/lean_on_table04,KIT/3/leanontable04
KIT/3/step_over_gap08,KIT/3/stepovergap08
KIT/3/push_from_the_right_side12,KIT/3/pushfromtherightside12
KIT/3/wave_left06,KIT/3/waveleft06
KIT/3/crawl07,KIT/3/crawl07
KIT/3/crawl11,KIT/3/crawl11
KIT/3/kneel_up_with_right_hand05,KIT/3/kneelupwithrighthand05
KIT/3/walk_with_right_support_table06,KIT/3/walkwithrightsupporttable06
KIT/3/balancing,KIT/3/balancing
KIT/3/turn_right09,KIT/3/turnright09
KIT/3/jump_back01,KIT/3/jumpback01
KIT/3/step_stones10,KIT/3/stepstones10
KIT/3/seesaw10,KIT/3/seesaw10
KIT/3/Transfuse03,KIT/3/Transfuse03
KIT/3/kneel_down_with_stool_right_hand05,KIT/3/kneeldownwithstoolrighthand05
KIT/3/walking_medium09,KIT/3/walkingmedium09
KIT/3/jump_forward05,KIT/3/jumpforward05
KIT/3/kneel_up_with_left_hand02,KIT/3/kneelupwithlefthand02
KIT/3/parkour03,KIT/3/parkour03
KIT/3/Drinking08,KIT/3/Drinking08
KIT/3/upstairs11,KIT/3/upstairs11
KIT/3/turn_left04,KIT/3/turnleft04
KIT/3/Experiment3a_03,KIT/3/Experiment3a03
KIT/3/walk_with_support06,KIT/3/walkwithsupport06
KIT/3/bend_right02,KIT/3/bendright02
KIT/3/crawl04,KIT/3/crawl04
KIT/3/walking_run03,KIT/3/walkingrun03
KIT/3/kneel_down_with_left_hand03,KIT/3/kneeldownwithlefthand03
KIT/3/kneel_down_with_both_hands02,KIT/3/kneeldownwithbothhands02
KIT/3/kneel_up_with_right_hand03,KIT/3/kneelupwithrighthand03
KIT/3/walking_upstairs04,KIT/3/walkingupstairs04
KIT/3/inspect_shoe_sole03,KIT/3/inspectshoesole03
KIT/3/kneel_down_with_left_hand01,KIT/3/kneeldownwithlefthand01
KIT/3/squat02,KIT/3/squat02
KIT/3/go_over_beam04,KIT/3/gooverbeam04
KIT/3/kneel_up_with_left_hand05,KIT/3/kneelupwithlefthand05
KIT/3/tennis_smash_left04,KIT/3/tennissmashleft04
KIT/3/lean_over_table12,KIT/3/leanovertable12
KIT/3/walking_slow06,KIT/3/walkingslow06
KIT/3/slope_down05,KIT/3/slopedown05
KIT/3/kick_low_right03,KIT/3/kicklowright03
KIT/3/golf_putting03,KIT/3/golfputting03
KIT/3/walk_with_left_support06_FrqONi5,KIT/3/walkwithleftsupport06FrqONi5
KIT/3/kneel_up_with_left_hand10,KIT/3/kneelupwithlefthand10
KIT/3/stomp_right04,KIT/3/stompright04
KIT/3/walking_upstairs06,KIT/3/walkingupstairs06
KIT/3/seesaw02,KIT/3/seesaw02
KIT/3/lean_on_table12,KIT/3/leanontable12
KIT/3/step_over_gap07,KIT/3/stepovergap07
KIT/3/push_from_the_left_side02,KIT/3/pushfromtheleftside02
KIT/3/kneel_up_from_crawl06,KIT/3/kneelupfromcrawl06
KIT/3/jump_right02,KIT/3/jumpright02
KIT/3/upstairs_downstairs01,KIT/3/upstairsdownstairs01
KIT/3/walking_forward_4steps_right_02,KIT/3/walkingforward4stepsright02
KIT/3/push_from_the_left_side12,KIT/3/pushfromtheleftside12
KIT/3/crawl10,KIT/3/crawl10
KIT/3/kneel_down_with_both_hands08,KIT/3/kneeldownwithbothhands08
KIT/3/walking_slow08,KIT/3/walkingslow08
KIT/3/jump_right04,KIT/3/jumpright04
KIT/3/walking_medium10,KIT/3/walkingmedium10
KIT/3/push_from_the_front03,KIT/3/pushfromthefront03
KIT/3/golf_drive01,KIT/3/golfdrive01
KIT/3/wave_both14,KIT/3/waveboth14
KIT/3/walking_upstairs07,KIT/3/walkingupstairs07
KIT/3/bow_slight04,KIT/3/bowslight04
KIT/3/step_over_gap02,KIT/3/stepovergap02
KIT/3/kneel_down_with_stool_left_hand04,KIT/3/kneeldownwithstoollefthand04
KIT/3/jump_up05,KIT/3/jumpup05
KIT/3/tennis_forehand_right02,KIT/3/tennisforehandright02
KIT/3/step_over_gap05,KIT/3/stepovergap05
KIT/3/kneel_down_with_left_hand04,KIT/3/kneeldownwithlefthand04
KIT/3/balancing01,KIT/3/balancing01
KIT/3/slope_down09,KIT/3/slopedown09
KIT/3/turn_left03,KIT/3/turnleft03
KIT/3/912_3_11,KIT/3/912311
KIT/3/kick_high_right01,KIT/3/kickhighright01
KIT/3/turn_right02,KIT/3/turnright02
KIT/3/Experiment3b_back_02,KIT/3/Experiment3bback02
KIT/3/lean_on_table16,KIT/3/leanontable16
KIT/3/tennis_forehand_left01,KIT/3/tennisforehandleft01
KIT/3/wave_right12,KIT/3/waveright12
KIT/3/kneel_down_with_stool_left_hand09,KIT/3/kneeldownwithstoollefthand09
KIT/3/Experiment3b_back_03,KIT/3/Experiment3bback03
KIT/3/kneel_up_with_left_hand06,KIT/3/kneelupwithlefthand06
KIT/3/912_3_08,KIT/3/912308
KIT/3/Experiment3a_legs_03,KIT/3/Experiment3alegs03
KIT/3/walking_slow09,KIT/3/walkingslow09
KIT/3/tennis_forehand_right01,KIT/3/tennisforehandright01
KIT/3/upstairs_downstairs10,KIT/3/upstairsdownstairs10
KIT/3/Drinking03,KIT/3/Drinking03
KIT/3/912_3_14,KIT/3/912314
KIT/3/bend_left05,KIT/3/bendleft05
KIT/3/walking_medium05,KIT/3/walkingmedium05
KIT/3/walk_with_right_support_table02,KIT/3/walkwithrightsupporttable02
KIT/3/downstairs06,KIT/3/downstairs06
KIT/3/slope_up10,KIT/3/slopeup10
KIT/3/parkour06,KIT/3/parkour06
KIT/3/downstairs_backwards03,KIT/3/downstairsbackwards03
KIT/3/912_3_17,KIT/3/912317
KIT/3/kneel_down_with_left_hand10,KIT/3/kneeldownwithlefthand10
KIT/3/slope_down02,KIT/3/slopedown02
KIT/3/jump_forward04,KIT/3/jumpforward04
KIT/3/go_over_beam01,KIT/3/gooverbeam01
KIT/3/wave_right07,KIT/3/waveright07
KIT/3/push_from_behind06,KIT/3/pushfrombehind06
KIT/3/punch_left01,KIT/3/punchleft01
KIT/3/wave_left14,KIT/3/waveleft14
KIT/3/walk_with_support05,KIT/3/walkwithsupport05
KIT/3/inspect_shoe_sole05,KIT/3/inspectshoesole05
KIT/3/golf_putting02,KIT/3/golfputting02
KIT/3/kneel_down_with_right_hand09,KIT/3/kneeldownwithrighthand09
KIT/3/bend_right10,KIT/3/bendright10
KIT/3/wave_left13,KIT/3/waveleft13
KIT/3/lean_over_table06,KIT/3/leanovertable06
KIT/3/push_from_the_front04,KIT/3/pushfromthefront04
KIT/3/lean_over_table09,KIT/3/leanovertable09
KIT/3/kneel_down_with_stool_left_hand03,KIT/3/kneeldownwithstoollefthand03
KIT/3/bend_left07,KIT/3/bendleft07
KIT/3/inspect_shoe_sole04,KIT/3/inspectshoesole04
KIT/3/912_3_15,KIT/3/912315
KIT/3/Transfuse07,KIT/3/Transfuse07
KIT/3/wave_right14,KIT/3/waveright14
KIT/3/seesaw_backwards03,KIT/3/seesawbackwards03
KIT/3/kneel_up_hold03,KIT/3/kneeluphold03
KIT/3/lean_on_table10,KIT/3/leanontable10
KIT/3/wave_right15,KIT/3/waveright15
KIT/3/turn_left01,KIT/3/turnleft01
KIT/3/bend_left10,KIT/3/bendleft10
KIT/3/downstairs_backwards05,KIT/3/downstairsbackwards05
KIT/3/slope_down07,KIT/3/slopedown07
KIT/3/kneel_down_with_right_hand02,KIT/3/kneeldownwithrighthand02
KIT/3/kneel_down_to_crawl05,KIT/3/kneeldowntocrawl05
KIT/3/jump_up03,KIT/3/jumpup03
KIT/3/walking_slow04,KIT/3/walkingslow04
KIT/3/seesaw06,KIT/3/seesaw06
KIT/3/push_from_the_left_side11,KIT/3/pushfromtheleftside11
KIT/3/bend_left08,KIT/3/bendleft08
KIT/3/kick_low_left05,KIT/3/kicklowleft05
KIT/3/downstairs05,KIT/3/downstairs05
KIT/3/push_from_the_front05,KIT/3/pushfromthefront05
KIT/3/lean_over_table04,KIT/3/leanovertable04
KIT/3/step_stones04,KIT/3/stepstones04
KIT/3/go_over_beam09,KIT/3/gooverbeam09
KIT/3/walking_medium04,KIT/3/walkingmedium04
KIT/3/seesaw_backwards10,KIT/3/seesawbackwards10
KIT/442/Kopfschulterkniefuss03,KIT/442/Kopfschulterkniefuss03
KIT/442/synchron04,KIT/442/synchron04
KIT/442/PizzaDelivery01,KIT/442/PizzaDelivery01
KIT/442/PizzaDelivery02,KIT/442/PizzaDelivery02
KIT/442/Aufstehen03,KIT/442/Aufstehen03
KIT/442/castBox04,KIT/442/castBox04
KIT/442/PizzaDelivery04,KIT/442/PizzaDelivery04
KIT/442/conversation01,KIT/442/conversation01
KIT/442/drinking04,KIT/442/drinking04
KIT/442/ErschreckenderHerrBischof03,KIT/442/ErschreckenderHerrBischof03
KIT/442/drinking02,KIT/442/drinking02
KIT/442/ErschreckenderHerrBischof02,KIT/442/ErschreckenderHerrBischof02
KIT/442/HighFive02,KIT/442/HighFive02
KIT/442/Drehung02,KIT/442/Drehung02
KIT/442/Aufstehen05,KIT/442/Aufstehen05
KIT/442/drinking03,KIT/442/drinking03
KIT/442/Bouncen02,KIT/442/Bouncen02
KIT/442/conversation04,KIT/442/conversation04
KIT/11/WalkingStraightForwards08,KIT/11/WalkingStraightForwards08
KIT/11/RightTurn03,KIT/11/RightTurn03
KIT/11/WalkInCounterClockwiseCircle05,KIT/11/WalkInCounterClockwiseCircle05
KIT/11/RightTurn08,KIT/11/RightTurn08
KIT/11/WalkingStraightForwards10,KIT/11/WalkingStraightForwards10
KIT/11/WalkInCounterClockwiseCircle02,KIT/11/WalkInCounterClockwiseCircle02
KIT/11/WalkingStraightBackwards01_1,KIT/11/WalkingStraightBackwards011
KIT/11/WalkingStraightBackwards07_1,KIT/11/WalkingStraightBackwards071
KIT/11/LeftTurn02,KIT/11/LeftTurn02
KIT/11/RightTurn05,KIT/11/RightTurn05
KIT/11/WalkingStraightForwards06,KIT/11/WalkingStraightForwards06
KIT/11/WalkInClockwiseCircle07,KIT/11/WalkInClockwiseCircle07
KIT/11/LeftTurn09,KIT/11/LeftTurn09
KIT/11/WalkingStraightForwards04,KIT/11/WalkingStraightForwards04
KIT/11/WalkInClockwiseCircle08,KIT/11/WalkInClockwiseCircle08
KIT/11/LeftTurn01,KIT/11/LeftTurn01
KIT/11/WalkingStraightBackwards06_1,KIT/11/WalkingStraightBackwards061
KIT/11/LeftTurn08,KIT/11/LeftTurn08
KIT/11/WalkInCounterClockwiseCircle03,KIT/11/WalkInCounterClockwiseCircle03
KIT/11/WalkInClockwiseCircle03,KIT/11/WalkInClockwiseCircle03
KIT/11/LeftTurn05,KIT/11/LeftTurn05
KIT/11/WalkingStraightForwards02,KIT/11/WalkingStraightForwards02
KIT/11/WalkingStraightForwards05,KIT/11/WalkingStraightForwards05
KIT/11/WalkingStraightForwards07,KIT/11/WalkingStraightForwards07
KIT/11/WalkInClockwiseCircle06,KIT/11/WalkInClockwiseCircle06
KIT/11/WalkingStraightBackwards04_1,KIT/11/WalkingStraightBackwards041
KIT/11/WalkInClockwiseCircle05,KIT/11/WalkInClockwiseCircle05
KIT/11/WalkingStraightForwards01,KIT/11/WalkingStraightForwards01
KIT/11/WalkingStraightBackwards02_1,KIT/11/WalkingStraightBackwards021
KIT/11/WalkInClockwiseCircle02,KIT/11/WalkInClockwiseCircle02
KIT/11/WalkInClockwiseCircle04,KIT/11/WalkInClockwiseCircle04
KIT/11/WalkingStraightBackwards08_1,KIT/11/WalkingStraightBackwards081
KIT/11/RightTurn02,KIT/11/RightTurn02
KIT/11/WalkingStraightBackwards09_1,KIT/11/WalkingStraightBackwards091
KIT/11/WalkInCounterClockwiseCircle01,KIT/11/WalkInCounterClockwiseCircle01
KIT/11/RightTurn10,KIT/11/RightTurn10
KIT/952/wipe_head_vertical01,KIT/952/wipeheadvertical01
KIT/952/wipe_arm_vertical01,KIT/952/wipearmvertical01
KIT/952/wipe_back_vertical02,KIT/952/wipebackvertical02
KIT/952/wipe_head_smallcircle01,KIT/952/wipeheadsmallcircle01
KIT/952/wipe_back_biglcircles01,KIT/952/wipebackbiglcircles01
KIT/952/wipe_head_bigcircle02,KIT/952/wipeheadbigcircle02
KIT/952/wipe_back_smallcircle03,KIT/952/wipebacksmallcircle03
KIT/952/wipe_back_vertical01,KIT/952/wipebackvertical01
KIT/952/wipe_head_bigcircle01,KIT/952/wipeheadbigcircle01
KIT/952/wipe_back_horizontal03,KIT/952/wipebackhorizontal03
KIT/952/wipe_back_vertical03,KIT/952/wipebackvertical03
KIT/952/wipe_leg_vertical01,KIT/952/wipelegvertical01
KIT/952/wipe_back_smallcircle02,KIT/952/wipebacksmallcircle02
KIT/952/wipe_head_dabbing02,KIT/952/wipeheaddabbing02
KIT/952/wipe_leg_smallcircles02,KIT/952/wipelegsmallcircles02
KIT/1487/pouring_the_bottle04,KIT/1487/pouringthebottle04
KIT/1487/stirring_in_the_bowl05,KIT/1487/stirringinthebowl05
KIT/1487/stirring_in_the_bowl04,KIT/1487/stirringinthebowl04
KIT/1487/stirring_in_the_bowl06,KIT/1487/stirringinthebowl06
KIT/1487/pouring_the_bottle01,KIT/1487/pouringthebottle01
KIT/1487/pouring_the_cup07,KIT/1487/pouringthecup07
KIT/1487/pouring_the_bottle05,KIT/1487/pouringthebottle05
KIT/1487/stirring_in_the_bowl03,KIT/1487/stirringinthebowl03
KIT/1487/wiping_the_table06,KIT/1487/wipingthetable06
KIT/674/dry_front03,KIT/674/dryfront03
KIT/674/wash_head03,KIT/674/washhead03
KIT/674/dry_head03,KIT/674/dryhead03
KIT/674/dry_head02,KIT/674/dryhead02
KIT/674/wash_head05,KIT/674/washhead05
KIT/674/shower_right_arm14,KIT/674/showerrightarm14
KIT/674/wash_front04,KIT/674/washfront04
KIT/674/wash_front03,KIT/674/washfront03
KIT/674/shower_head03,KIT/674/showerhead03
KIT/674/wash_head01,KIT/674/washhead01
KIT/674/shower_head05,KIT/674/showerhead05
KIT/674/shower_left_arm14,KIT/674/showerleftarm14
KIT/674/wash_back02,KIT/674/washback02
KIT/674/shower_right_arm06,KIT/674/showerrightarm06
KIT/674/shower_right_arm13,KIT/674/showerrightarm13
KIT/674/wash_back01,KIT/674/washback01
KIT/674/shower_left_arm12,KIT/674/showerleftarm12
KIT/674/shower_head02,KIT/674/showerhead02
KIT/674/dry_back01,KIT/674/dryback01
KIT/674/shower_back01,KIT/674/showerback01
KIT/674/dry_front01,KIT/674/dryfront01
KIT/674/dry_head01,KIT/674/dryhead01
KIT/674/shower_front02,KIT/674/showerfront02
KIT/674/shower_front01,KIT/674/showerfront01
KIT/674/shower_right_arm11,KIT/674/showerrightarm11
KIT/674/shower_left_arm15,KIT/674/showerleftarm15
KIT/674/dry_front04,KIT/674/dryfront04
KIT/674/wash_back03,KIT/674/washback03
KIT/674/wash_front02,KIT/674/washfront02
KIT/674/shower_right_arm07,KIT/674/showerrightarm07
KIT/378/push_recovery_stand_front06,KIT/378/pushrecoverystandfront06
KIT/378/push_recovery_back09,KIT/378/pushrecoveryback09
KIT/378/push_recovery_stand_left04,KIT/378/pushrecoverystandleft04
KIT/378/push_recovery_left04,KIT/378/pushrecoveryleft04
KIT/378/push_recovery_right01,KIT/378/pushrecoveryright01
KIT/378/push_recovery_front06,KIT/378/pushrecoveryfront06
KIT/378/push_recovery_left06,KIT/378/pushrecoveryleft06
KIT/378/push_recovery_stand_right03,KIT/378/pushrecoverystandright03
KIT/378/push_recovery_stand_front01,KIT/378/pushrecoverystandfront01
KIT/378/push_recovery_right02,KIT/378/pushrecoveryright02
KIT/1747/displace_from_left_to_right_04,KIT/1747/displacefromlefttoright04
KIT/1747/displace_tilt_side_14,KIT/1747/displacetiltside14
KIT/1747/displace_tilt_side_15,KIT/1747/displacetiltside15
KIT/1747/displace_tilt_middle_07,KIT/1747/displacetiltmiddle07
KIT/1747/displace_from_left_to_right_22,KIT/1747/displacefromlefttoright22
KIT/1747/displace_tilt_side_04,KIT/1747/displacetiltside04
KIT/1747/displace_tilt_middle_23,KIT/1747/displacetiltmiddle23
KIT/1747/displace_tilt_side_30,KIT/1747/displacetiltside30
KIT/1747/displace_tilt_side_38,KIT/1747/displacetiltside38
KIT/1747/displace_tilt_side_18,KIT/1747/displacetiltside18
KIT/1747/displace_from_left_to_right_29,KIT/1747/displacefromlefttoright29
KIT/1747/displace_from_left_to_right_32,KIT/1747/displacefromlefttoright32
KIT/1747/displace_from_left_to_right_35,KIT/1747/displacefromlefttoright35
KIT/1747/displace_tilt_side_02,KIT/1747/displacetiltside02
KIT/1747/displace_from_left_to_right_03,KIT/1747/displacefromlefttoright03
KIT/1747/displace_tilt_side_11,KIT/1747/displacetiltside11
KIT/1747/displace_tilt_middle_20,KIT/1747/displacetiltmiddle20
KIT/1747/displace_tilt_side_07,KIT/1747/displacetiltside07
KIT/1747/displace_tilt_middle_06,KIT/1747/displacetiltmiddle06
KIT/1747/displace_from_left_to_right_11,KIT/1747/displacefromlefttoright11
KIT/1747/displace_from_left_to_right_28,KIT/1747/displacefromlefttoright28
KIT/1747/displace_from_left_to_right_25,KIT/1747/displacefromlefttoright25
KIT/1747/displace_from_left_to_right_19,KIT/1747/displacefromlefttoright19
KIT/1747/displace_tilt_side_32,KIT/1747/displacetiltside32
KIT/1747/displace_tilt_middle_10,KIT/1747/displacetiltmiddle10
KIT/1747/displace_tilt_side_16,KIT/1747/displacetiltside16
KIT/1747/displace_tilt_middle_16,KIT/1747/displacetiltmiddle16
KIT/1747/displace_from_left_to_right_34,KIT/1747/displacefromlefttoright34
KIT/1747/displace_tilt_side_37,KIT/1747/displacetiltside37
KIT/1747/displace_from_left_to_right_46,KIT/1747/displacefromlefttoright46
KIT/1747/displace_tilt_middle_09,KIT/1747/displacetiltmiddle09
KIT/1747/displace_from_left_to_right_44,KIT/1747/displacefromlefttoright44
KIT/1747/displace_tilt_middle_08,KIT/1747/displacetiltmiddle08
KIT/1747/displace_from_left_to_right_26,KIT/1747/displacefromlefttoright26
KIT/1747/displace_from_left_to_right_33,KIT/1747/displacefromlefttoright33
KIT/1747/displace_tilt_side_24,KIT/1747/displacetiltside24
KIT/1747/displace_tilt_side_22,KIT/1747/displacetiltside22
KIT/1747/displace_tilt_side_42,KIT/1747/displacetiltside42
KIT/1747/displace_from_left_to_right_43,KIT/1747/displacefromlefttoright43
KIT/1747/displace_from_left_to_right_08,KIT/1747/displacefromlefttoright08
KIT/1747/displace_from_left_to_right_09,KIT/1747/displacefromlefttoright09
KIT/1747/displace_tilt_middle_24,KIT/1747/displacetiltmiddle24
KIT/1747/displace_from_left_to_right_37,KIT/1747/displacefromlefttoright37
KIT/1747/displace_tilt_middle_18,KIT/1747/displacetiltmiddle18
KIT/1747/displace_tilt_side_05,KIT/1747/displacetiltside05
KIT/1747/displace_tilt_middle_15,KIT/1747/displacetiltmiddle15
KIT/1747/displace_tilt_middle_25,KIT/1747/displacetiltmiddle25
KIT/1747/displace_from_left_to_right_40,KIT/1747/displacefromlefttoright40
KIT/1747/displace_from_left_to_right_06,KIT/1747/displacefromlefttoright06
KIT/1747/displace_from_left_to_right_16,KIT/1747/displacefromlefttoright16
KIT/1747/displace_tilt_side_41,KIT/1747/displacetiltside41
KIT/1747/displace_tilt_side_25,KIT/1747/displacetiltside25
KIT/1747/displace_tilt_side_17,KIT/1747/displacetiltside17
KIT/1747/displace_tilt_side_10,KIT/1747/displacetiltside10
KIT/1747/displace_tilt_side_19,KIT/1747/displacetiltside19
KIT/291/push_recovery_front05,KIT/291/pushrecoveryfront05
KIT/291/push_recovery_stand_front04,KIT/291/pushrecoverystandfront04
KIT/291/push_recovery_right04,KIT/291/pushrecoveryright04
KIT/291/jumping_jack01,KIT/291/jumpingjack01
KIT/291/push_recovery_stand_back07,KIT/291/pushrecoverystandback07
KIT/291/push_recovery_back09,KIT/291/pushrecoveryback09
KIT/291/push_recovery_stand_back05,KIT/291/pushrecoverystandback05
KIT/291/push_recovery_right05,KIT/291/pushrecoveryright05
KIT/291/air_guitar_banging01,KIT/291/airguitarbanging01
KIT/291/push_recovery_back02,KIT/291/pushrecoveryback02
KIT/291/push_recovery_front11,KIT/291/pushrecoveryfront11
KIT/291/push_recovery_stand_back06,KIT/291/pushrecoverystandback06
KIT/291/chicken04,KIT/291/chicken04
KIT/291/push_recovery_stand_back09,KIT/291/pushrecoverystandback09
KIT/291/push_recovery_right03,KIT/291/pushrecoveryright03
KIT/291/push_recovery_back08,KIT/291/pushrecoveryback08
KIT/291/push_recovery_stand_back08,KIT/291/pushrecoverystandback08
KIT/291/push_recovery_stand_back10,KIT/291/pushrecoverystandback10
KIT/291/push_recovery_left07,KIT/291/pushrecoveryleft07
KIT/291/chicken01,KIT/291/chicken01
KIT/291/push_recovery_front07,KIT/291/pushrecoveryfront07
KIT/291/push_recovery_left08,KIT/291/pushrecoveryleft08
KIT/291/push_recovery_stand_front02,KIT/291/pushrecoverystandfront02
KIT/291/push_recovery_left02,KIT/291/pushrecoveryleft02
KIT/291/push_recovery_right08,KIT/291/pushrecoveryright08
KIT/291/jumping_jumping_jack02,KIT/291/jumpingjumpingjack02
KIT/291/push_recovery_front02,KIT/291/pushrecoveryfront02
KIT/291/point_at_right03,KIT/291/pointatright03
KIT/291/point_at01,KIT/291/pointat01
KIT/291/point_at_left03,KIT/291/pointatleft03
KIT/291/push_recovery_stand_front10,KIT/291/pushrecoverystandfront10
KIT/291/push_recovery_front01,KIT/291/pushrecoveryfront01
KIT/291/drum05,KIT/291/drum05
KIT/291/push_recovery_stand_front03,KIT/291/pushrecoverystandfront03
KIT/291/push_recovery_front09,KIT/291/pushrecoveryfront09
KIT/291/push_recovery_stand_front01,KIT/291/pushrecoverystandfront01
KIT/291/push_recovery_back07,KIT/291/pushrecoveryback07
KIT/291/push_recovery_stand_front09,KIT/291/pushrecoverystandfront09
KIT/291/push_recovery_right02,KIT/291/pushrecoveryright02
KIT/291/push_recovery_left01,KIT/291/pushrecoveryleft01
KIT/291/cal03,KIT/291/cal03
KIT/969/Trial_10,KIT/969/Trial10
KIT/969/Trial_87,KIT/969/Trial87
KIT/969/Trial_90,KIT/969/Trial90
KIT/969/Trial_13,KIT/969/Trial13
KIT/969/Trial_48,KIT/969/Trial48
KIT/969/Trial_32,KIT/969/Trial32
KIT/969/Trial_67,KIT/969/Trial67
KIT/969/Trial_51,KIT/969/Trial51
KIT/969/Trial_09,KIT/969/Trial09
KIT/969/Trial_35,KIT/969/Trial35
KIT/969/Trial_54,KIT/969/Trial54
KIT/969/Trial_57,KIT/969/Trial57
KIT/969/Trial_76,KIT/969/Trial76
KIT/969/Trial_18,KIT/969/Trial18
KIT/969/Trial_02,KIT/969/Trial02
KIT/969/Trial_21,KIT/969/Trial21
KIT/969/Trial_79,KIT/969/Trial79
KIT/969/Trial_63,KIT/969/Trial63
KIT/969/Trial_82,KIT/969/Trial82
KIT/969/Trial_05,KIT/969/Trial05
KIT/969/Trial_24,KIT/969/Trial24
KIT/969/Trial_59,KIT/969/Trial59
KIT/969/Trial_43,KIT/969/Trial43
KIT/969/Trial_85,KIT/969/Trial85
KIT/969/Trial_30,KIT/969/Trial30
KIT/969/Trial_49,KIT/969/Trial49
KIT/969/Trial_33,KIT/969/Trial33
KIT/969/Trial_52,KIT/969/Trial52
KIT/969/Trial_29,KIT/969/Trial29
KIT/969/Trial_77,KIT/969/Trial77
KIT/969/Trial_22,KIT/969/Trial22
KIT/969/Trial_64,KIT/969/Trial64
KIT/969/Trial_06,KIT/969/Trial06
KIT/969/Trial_25,KIT/969/Trial25
KIT/969/Trial_44,KIT/969/Trial44
KIT/969/Trial_86,KIT/969/Trial86
KIT/969/Trial_70,KIT/969/Trial70
KIT/969/Trial_28,KIT/969/Trial28
KIT/969/Trial_47,KIT/969/Trial47
KIT/969/Trial_08,KIT/969/Trial08
KIT/969/Trial_92,KIT/969/Trial92
KIT/969/Trial_34,KIT/969/Trial34
KIT/969/Trial_53,KIT/969/Trial53
KIT/969/Trial_72,KIT/969/Trial72
KIT/969/Trial_14,KIT/969/Trial14
KIT/969/Trial_56,KIT/969/Trial56
KIT/969/Trial_40,KIT/969/Trial40
KIT/969/Trial_36,KIT/969/Trial36
KIT/969/Trial_78,KIT/969/Trial78
KIT/969/Trial_81,KIT/969/Trial81
KIT/969/Trial_04,KIT/969/Trial04
KIT/987/Experiment3a_08,KIT/987/Experiment3a08
KIT/987/Experiment3b_02,KIT/987/Experiment3b02
KIT/987/Experiment3b_05,KIT/987/Experiment3b05
KIT/987/Experiment3a_05,KIT/987/Experiment3a05
KIT/987/Experiment3a_06,KIT/987/Experiment3a06
KIT/987/Experiment3a_03,KIT/987/Experiment3a03
KIT/987/Experiment3a_07,KIT/987/Experiment3a07
KIT/675/dry_right_arm_012,KIT/675/dryrightarm012
KIT/675/double_pour_and_mixing15,KIT/675/doublepourandmixing15
KIT/675/dry_right_arm_005,KIT/675/dryrightarm005
KIT/675/walk_with_table_left08,KIT/675/walkwithtableleft08
KIT/675/walk_slow_with_handrail_table_beam_left01,KIT/675/walkslowwithhandrailtablebeamleft01
KIT/675/walk_with_table_right10,KIT/675/walkwithtableright10
KIT/675/double_pour_and_mixing14,KIT/675/doublepourandmixing14
KIT/675/walk_slow_with_handrail_table_beam_right05,KIT/675/walkslowwithhandrailtablebeamright05
KIT/675/walk_with_handrail_right05,KIT/675/walkwithhandrailright05
KIT/675/walk_with_handrail_left06,KIT/675/walkwithhandrailleft06
KIT/675/walk_with_handrail_table_beam_left07,KIT/675/walkwithhandrailtablebeamleft07
KIT/675/walk_with_handrail_right08,KIT/675/walkwithhandrailright08
KIT/675/walk_with_handrail_table_left007,KIT/675/walkwithhandrailtableleft007
KIT/675/walk_with_handrail_beam_right03,KIT/675/walkwithhandrailbeamright03
KIT/675/walk_slow_with_handrail_table_beam_left06,KIT/675/walkslowwithhandrailtablebeamleft06
KIT/675/walk_with_handrail_right04,KIT/675/walkwithhandrailright04
KIT/675/double_pour_and_mixing11,KIT/675/doublepourandmixing11
KIT/675/wash_right_arm_01,KIT/675/washrightarm01
KIT/675/walk_with_handrail_table_left005,KIT/675/walkwithhandrailtableleft005
KIT/675/walk_with_handrail_table_beam_left01,KIT/675/walkwithhandrailtablebeamleft01
KIT/675/wash_left_arm_01,KIT/675/washleftarm01
KIT/675/walk_with_handrail_table_beam_right08,KIT/675/walkwithhandrailtablebeamright08
KIT/675/Trial_02,KIT/675/Trial02
KIT/675/wash_left_arm_05,KIT/675/washleftarm05
KIT/675/walk_slow_with_handrail_table_beam_right04,KIT/675/walkslowwithhandrailtablebeamright04
KIT/675/walk_with_handrail_table_left001,KIT/675/walkwithhandrailtableleft001
KIT/675/double_pour_and_mixing13,KIT/675/doublepourandmixing13
KIT/675/walk_slow_with_handrail_table_beam_left10,KIT/675/walkslowwithhandrailtablebeamleft10
KIT/675/Experiment4a_01,KIT/675/Experiment4a01
KIT/675/dry_left_arm_15,KIT/675/dryleftarm15
KIT/675/walk_with_handrail_table_left010,KIT/675/walkwithhandrailtableleft010
KIT/675/walk_with_handrail_table_right002,KIT/675/walkwithhandrailtableright002
KIT/675/walk_with_handrail_beam_left10,KIT/675/walkwithhandrailbeamleft10
KIT/675/dry_right_arm_013,KIT/675/dryrightarm013
KIT/675/dry_right_arm_008,KIT/675/dryrightarm008
KIT/675/dry_left_arm_02,KIT/675/dryleftarm02
KIT/675/walk_with_table_left05,KIT/675/walkwithtableleft05
KIT/675/dry_left_arm_07,KIT/675/dryleftarm07
KIT/675/walk_with_handrail_right02,KIT/675/walkwithhandrailright02
KIT/675/walk_with_handrail_left09,KIT/675/walkwithhandrailleft09
KIT/675/double_pour_and_mixing07,KIT/675/doublepourandmixing07
KIT/675/dry_right_arm_011,KIT/675/dryrightarm011
KIT/675/walk_with_table_left09,KIT/675/walkwithtableleft09
KIT/675/walk_with_handrail_beam_left06,KIT/675/walkwithhandrailbeamleft06
KIT/675/dry_left_arm_06,KIT/675/dryleftarm06
KIT/675/walk_with_handrail_beam_left03,KIT/675/walkwithhandrailbeamleft03
KIT/675/walk_slow_with_handrail_table_beam_left08,KIT/675/walkslowwithhandrailtablebeamleft08
KIT/675/dry_right_arm_001,KIT/675/dryrightarm001
KIT/675/dry_right_arm_010,KIT/675/dryrightarm010
KIT/675/walk_with_handrail_left08,KIT/675/walkwithhandrailleft08
KIT/675/walk_with_handrail_table_beam_left06,KIT/675/walkwithhandrailtablebeamleft06
KIT/675/walk_with_handrail_table_right001,KIT/675/walkwithhandrailtableright001
KIT/675/walk_with_handrail_table_left009,KIT/675/walkwithhandrailtableleft009
KIT/675/Experiment3a_06,KIT/675/Experiment3a06
KIT/675/walk_with_table_right04,KIT/675/walkwithtableright04
KIT/675/double_pour_and_mixing09,KIT/675/doublepourandmixing09
KIT/675/walk_with_handrail_beam_left09,KIT/675/walkwithhandrailbeamleft09
KIT/675/walk_with_table_left10,KIT/675/walkwithtableleft10
KIT/675/walk_with_handrail_table_beam_right04,KIT/675/walkwithhandrailtablebeamright04
KIT/675/dry_right_arm_006,KIT/675/dryrightarm006
KIT/675/double_pour_and_mixing08,KIT/675/doublepourandmixing08
KIT/675/dry_left_arm_12,KIT/675/dryleftarm12
KIT/675/walk_with_handrail_beam_right08,KIT/675/walkwithhandrailbeamright08
KIT/675/double_pour_and_mixing12,KIT/675/doublepourandmixing12
KIT/675/walk_with_table_left01,KIT/675/walkwithtableleft01
KIT/675/walk_with_handrail_beam_left04,KIT/675/walkwithhandrailbeamleft04
KIT/675/walk_with_handrail_table_left006,KIT/675/walkwithhandrailtableleft006
KIT/675/walk_with_handrail_beam_right04,KIT/675/walkwithhandrailbeamright04
KIT/675/dry_right_arm_007,KIT/675/dryrightarm007
KIT/675/walk_with_handrail_table_right003,KIT/675/walkwithhandrailtableright003
KIT/675/dry_left_arm_10,KIT/675/dryleftarm10
KIT/675/walk_with_handrail_table_right010,KIT/675/walkwithhandrailtableright010
KIT/675/walk_with_handrail_left03,KIT/675/walkwithhandrailleft03
KIT/675/walk_with_handrail_table_beam_right07,KIT/675/walkwithhandrailtablebeamright07
KIT/675/double_pour_and_mixing02,KIT/675/doublepourandmixing02
KIT/675/double_pour_and_mixing05,KIT/675/doublepourandmixing05
KIT/675/walk_slow_with_handrail_table_beam_left07,KIT/675/walkslowwithhandrailtablebeamleft07
KIT/675/walk_with_handrail_right10,KIT/675/walkwithhandrailright10
KIT/675/dry_right_arm_014,KIT/675/dryrightarm014
KIT/675/walk_with_handrail_table_beam_right01,KIT/675/walkwithhandrailtablebeamright01
KIT/675/dry_right_arm_004,KIT/675/dryrightarm004
KIT/675/walk_with_table_right05,KIT/675/walkwithtableright05
KIT/675/walk_with_handrail_left04,KIT/675/walkwithhandrailleft04
KIT/675/walk_with_table_left06,KIT/675/walkwithtableleft06
KIT/183/turn_left09,KIT/183/turnleft09
KIT/183/bend_left04,KIT/183/bendleft04
KIT/183/bend_right09,KIT/183/bendright09
KIT/183/walking_slow03,KIT/183/walkingslow03
KIT/183/turn_right05,KIT/183/turnright05
KIT/183/go_over_beam_n10,KIT/183/gooverbeamn10
KIT/183/go_over_beam_n07,KIT/183/gooverbeamn07
KIT/183/walking_fast06,KIT/183/walkingfast06
KIT/183/run04,KIT/183/run04
KIT/183/walking_fast02,KIT/183/walkingfast02
KIT/183/parkour07,KIT/183/parkour07
KIT/183/walking_run05,KIT/183/walkingrun05
KIT/183/walking_medium02,KIT/183/walkingmedium02
KIT/183/turn_right07,KIT/183/turnright07
KIT/183/parkour01,KIT/183/parkour01
KIT/183/parkour02,KIT/183/parkour02
KIT/183/walking_run02,KIT/183/walkingrun02
KIT/183/walking_fast09,KIT/183/walkingfast09
KIT/183/parkour04,KIT/183/parkour04
KIT/183/step_over_gap06,KIT/183/stepovergap06
KIT/183/turn_left06,KIT/183/turnleft06
KIT/183/turn_left07,KIT/183/turnleft07
KIT/183/turn_right08,KIT/183/turnright08
KIT/183/go_over_beam_n02,KIT/183/gooverbeamn02
KIT/183/bend_right05,KIT/183/bendright05
KIT/183/go_over_beam_n05,KIT/183/gooverbeamn05
KIT/183/downstairs01,KIT/183/downstairs01
KIT/183/turn_left05,KIT/183/turnleft05
KIT/183/bend_right01,KIT/183/bendright01
KIT/183/step_over_gap09,KIT/183/stepovergap09
KIT/183/upstairs08,KIT/183/upstairs08
KIT/183/upstairs01,KIT/183/upstairs01
KIT/183/bend_left02,KIT/183/bendleft02
KIT/183/bend_right03,KIT/183/bendright03
KIT/183/bend_left09,KIT/183/bendleft09
KIT/183/bend_right04,KIT/183/bendright04
KIT/183/upstairs10,KIT/183/upstairs10
KIT/183/walking_run07,KIT/183/walkingrun07
KIT/183/walking_run06,KIT/183/walkingrun06
KIT/183/turn_right06,KIT/183/turnright06
KIT/183/bend_right06,KIT/183/bendright06
KIT/183/run01,KIT/183/run01
KIT/183/walking_fast08,KIT/183/walkingfast08
KIT/183/walking_run09,KIT/183/walkingrun09
KIT/183/walking_medium07,KIT/183/walkingmedium07
KIT/183/run05,KIT/183/run05
KIT/183/walking_fast10,KIT/183/walkingfast10
KIT/183/turn_left10,KIT/183/turnleft10
KIT/183/walking_fast04,KIT/183/walkingfast04
KIT/183/walking_slow10,KIT/183/walkingslow10
KIT/183/bend_right08,KIT/183/bendright08
KIT/183/upstairs06,KIT/183/upstairs06
KIT/183/walking_medium03,KIT/183/walkingmedium03
KIT/183/parkour03,KIT/183/parkour03
KIT/183/walking_slow05,KIT/183/walkingslow05
KIT/183/go_over_beam_n08,KIT/183/gooverbeamn08
KIT/183/walking_slow06,KIT/183/walkingslow06
KIT/183/upstairs07,KIT/183/upstairs07
KIT/183/walking_slow08,KIT/183/walkingslow08
KIT/183/run03,KIT/183/run03
KIT/183/step_over_gap02,KIT/183/stepovergap02
KIT/183/step_over_gap05,KIT/183/stepovergap05
KIT/183/turn_left03,KIT/183/turnleft03
KIT/183/turn_right02,KIT/183/turnright02
KIT/183/upstairs02,KIT/183/upstairs02
KIT/183/go_over_beam_n03,KIT/183/gooverbeamn03
KIT/183/downstairs02,KIT/183/downstairs02
KIT/183/turn_left08,KIT/183/turnleft08
KIT/183/parkour06,KIT/183/parkour06
KIT/183/downstairs03,KIT/183/downstairs03
KIT/183/go_over_beam_n06,KIT/183/gooverbeamn06
KIT/183/step_over_gap10,KIT/183/stepovergap10
KIT/183/turn_left02,KIT/183/turnleft02
KIT/183/walking_slow02,KIT/183/walkingslow02
KIT/183/go_over_beam_n04,KIT/183/gooverbeamn04
KIT/183/step_over_gap03,KIT/183/stepovergap03
KIT/183/turn_left01,KIT/183/turnleft01
KIT/183/walking_slow04,KIT/183/walkingslow04
KIT/183/bend_left08,KIT/183/bendleft08
KIT/4/WalkingStraightBackwards03,KIT/4/WalkingStraightBackwards03
KIT/4/RightTurn03,KIT/4/RightTurn03
KIT/4/WalkingStraightBackwards05,KIT/4/WalkingStraightBackwards05
KIT/4/WalkingStraightBackwards09,KIT/4/WalkingStraightBackwards09
KIT/4/WalkInClockwiseCircle10,KIT/4/WalkInClockwiseCircle10
KIT/4/WalkingStraightBackwards07,KIT/4/WalkingStraightBackwards07
KIT/4/WalkInCounterClockwiseCircle02,KIT/4/WalkInCounterClockwiseCircle02
KIT/4/RightTurn05,KIT/4/RightTurn05
KIT/4/WalkInClockwiseCircle03,KIT/4/WalkInClockwiseCircle03
KIT/4/RightTurn01,KIT/4/RightTurn01
KIT/4/RightTurn07,KIT/4/RightTurn07
KIT/4/WalkingStraightForward04,KIT/4/WalkingStraightForward04
KIT/4/WalkingStraightBackwards06,KIT/4/WalkingStraightBackwards06
KIT/4/WalkInCounterClockwiseCircle06,KIT/4/WalkInCounterClockwiseCircle06
KIT/4/WalkInClockwiseCircle06,KIT/4/WalkInClockwiseCircle06
KIT/4/WalkInCounterClockwiseCircle09,KIT/4/WalkInCounterClockwiseCircle09
KIT/4/RightTurn06,KIT/4/RightTurn06
KIT/4/WalkInCounterClockwiseCircle07,KIT/4/WalkInCounterClockwiseCircle07
KIT/4/WalkInClockwiseCircle05,KIT/4/WalkInClockwiseCircle05
KIT/4/WalkingStraightBackwards02,KIT/4/WalkingStraightBackwards02
KIT/4/WalkInClockwiseCircle02,KIT/4/WalkInClockwiseCircle02
KIT/4/WalkingStraightForward05,KIT/4/WalkingStraightForward05
KIT/4/WalkingStraightForward01,KIT/4/WalkingStraightForward01
KIT/4/RightTurn04,KIT/4/RightTurn04
KIT/4/WalkingStraightForward06,KIT/4/WalkingStraightForward06
KIT/4/WalkingStraightBackwards04,KIT/4/WalkingStraightBackwards04
KIT/200/Handstand06,KIT/200/Handstand06
KIT/200/Handstand05,KIT/200/Handstand05
KIT/200/KickHuefthoch05,KIT/200/KickHuefthoch05
KIT/200/Handstand04,KIT/200/Handstand04
KIT/200/Handstand01,KIT/200/Handstand01
KIT/200/KickHuefthoch04,KIT/200/KickHuefthoch04
KIT/200/KickHuefthoch02,KIT/200/KickHuefthoch02
KIT/200/Handstand02,KIT/200/Handstand02
KIT/200/Kniebeuge01,KIT/200/Kniebeuge01
KIT/200/Kniebeuge06,KIT/200/Kniebeuge06
KIT/200/KickHuefthoch01,KIT/200/KickHuefthoch01
KIT/317/run04,KIT/317/run04
KIT/317/go_over_beam03,KIT/317/gooverbeam03
KIT/317/turn_right04,KIT/317/turnright04
KIT/317/bend_right08,KIT/317/bendright08
KIT/317/go_over_beam10,KIT/317/gooverbeam10
KIT/317/step_over_gap07,KIT/317/stepovergap07
KIT/317/walking_slow09,KIT/317/walkingslow09
KIT/317/walking_medium05,KIT/317/walkingmedium05
KIT/317/go_over_beam01,KIT/317/gooverbeam01
KIT/359/go_over_beam06,KIT/359/gooverbeam06
KIT/359/walking_medium02,KIT/359/walkingmedium02
KIT/359/bend_left03,KIT/359/bendleft03
KIT/359/walking_medium06,KIT/359/walkingmedium06
KIT/359/turn_right09,KIT/359/turnright09
KIT/359/walking_slow05,KIT/359/walkingslow05
KIT/359/upstairs_downstairs02,KIT/359/upstairsdownstairs02
KIT/359/walking_slow08,KIT/359/walkingslow08
KIT/359/turn_left03,KIT/359/turnleft03
KIT/359/downstairs10,KIT/359/downstairs10
KIT/883/wipe_head_vertical01,KIT/883/wipeheadvertical01
KIT/883/wipe_head_bigcircle04,KIT/883/wipeheadbigcircle04
KIT/883/wipe_head_horizontal01,KIT/883/wipeheadhorizontal01
KIT/883/wipe_arm_vertical05,KIT/883/wipearmvertical05
KIT/883/wipe_leg_vertical05,KIT/883/wipelegvertical05
KIT/883/wipe_head_bigcircle02,KIT/883/wipeheadbigcircle02
KIT/883/wipe_arm_bigcircle03,KIT/883/wipearmbigcircle03
KIT/883/wipe_head_horizontal05,KIT/883/wipeheadhorizontal05
KIT/883/wipe_arm_dabbing01,KIT/883/wipearmdabbing01
KIT/883/wipe_leg_vertical06,KIT/883/wipelegvertical06
KIT/883/wipe_arm_dabbing04,KIT/883/wipearmdabbing04
KIT/883/wipe_head_vertical03,KIT/883/wipeheadvertical03
KIT/883/wipe_head_dabbing04,KIT/883/wipeheaddabbing04
KIT/883/wipe_back_horizontal02,KIT/883/wipebackhorizontal02
KIT/883/wipe_leg_vertical07,KIT/883/wipelegvertical07
KIT/883/wipe_leg_vertical09,KIT/883/wipelegvertical09
KIT/883/wipe_back_vertical01,KIT/883/wipebackvertical01
KIT/883/wipe_back_bigcircles01,KIT/883/wipebackbigcircles01
KIT/883/wipe_leg_vertical04,KIT/883/wipelegvertical04
KIT/883/wipe_leg_dabbing02,KIT/883/wipelegdabbing02
KIT/883/wipe_head_bigcircle03,KIT/883/wipeheadbigcircle03
KIT/883/wipe_leg_dabbing03,KIT/883/wipelegdabbing03
KIT/883/wipe_arm_bigcircle01,KIT/883/wipearmbigcircle01
KIT/883/wipe_head_horizontal03,KIT/883/wipeheadhorizontal03
KIT/883/wipe_head_bigcircle06,KIT/883/wipeheadbigcircle06
KIT/883/wipe_back_smallcircles05,KIT/883/wipebacksmallcircles05
KIT/883/wipe_leg_vertical10,KIT/883/wipelegvertical10
KIT/883/wipe_leg_vertical02,KIT/883/wipelegvertical02
KIT/424/step_stones03,KIT/424/stepstones03
KIT/424/walking_slow03,KIT/424/walkingslow03
KIT/424/run04,KIT/424/run04
KIT/424/parkour01,KIT/424/parkour01
KIT/424/parkour05,KIT/424/parkour05
KIT/424/step_over_gap06,KIT/424/stepovergap06
KIT/424/turn_left06,KIT/424/turnleft06
KIT/424/turn_left05,KIT/424/turnleft05
KIT/424/bend_right01,KIT/424/bendright01
KIT/424/walking_fast05,KIT/424/walkingfast05
KIT/424/walking_slow07,KIT/424/walkingslow07
KIT/424/turn_right04,KIT/424/turnright04
KIT/424/seesaw_backwards09,KIT/424/seesawbackwards09
KIT/424/turn_right03,KIT/424/turnright03
KIT/424/seesaw09,KIT/424/seesaw09
KIT/424/bend_right06,KIT/424/bendright06
KIT/424/parkour10,KIT/424/parkour10
KIT/424/walking_medium07,KIT/424/walkingmedium07
KIT/424/seesaw_backwards06,KIT/424/seesawbackwards06
KIT/424/step_over_gap08,KIT/424/stepovergap08
KIT/424/step_over_gap05,KIT/424/stepovergap05
KIT/424/turn_left03,KIT/424/turnleft03
KIT/424/seesaw_backwards04,KIT/424/seesawbackwards04
KIT/575/MarcusS_AdrianM12,KIT/575/MarcusSAdrianM12
KIT/575/MarcusS_AdrianM09,KIT/575/MarcusSAdrianM09
KIT/575/MarcusS_AdrianM05,KIT/575/MarcusSAdrianM05
KIT/513/slope_down08,KIT/513/slopedown08
KIT/513/slope_up08,KIT/513/slopeup08
KIT/513/Push_Behind_Soft01,KIT/513/PushBehindSoft01
KIT/513/upstairs_downstairs05,KIT/513/upstairsdownstairs05
KIT/513/step_stones02,KIT/513/stepstones02
KIT/513/turn_right05,KIT/513/turnright05
KIT/513/turn_right07,KIT/513/turnright07
KIT/513/slope_up01,KIT/513/slopeup01
KIT/513/Push_Front_Medium03,KIT/513/PushFrontMedium03
KIT/513/downstairs_b02,KIT/513/downstairsb02
KIT/513/parkour04,KIT/513/parkour04
KIT/513/seesaw_down02,KIT/513/seesawdown02
KIT/513/turn_left06,KIT/513/turnleft06
KIT/513/turn_left07,KIT/513/turnleft07
KIT/513/Push_Behind_Soft03,KIT/513/PushBehindSoft03
KIT/513/downstairs08,KIT/513/downstairs08
KIT/513/kick06,KIT/513/kick06
KIT/513/kick09,KIT/513/kick09
KIT/513/seesaw_up02,KIT/513/seesawup02
KIT/513/seesaw_up09,KIT/513/seesawup09
KIT/513/evasion01,KIT/513/evasion01
KIT/513/upstairs03,KIT/513/upstairs03
KIT/513/turn_right06,KIT/513/turnright06
KIT/513/balance_on_beam03,KIT/513/balanceonbeam03
KIT/513/slope_up03,KIT/513/slopeup03
KIT/513/downstairs07,KIT/513/downstairs07
KIT/513/Push_Left_Medium03,KIT/513/PushLeftMedium03
KIT/513/slope_down04,KIT/513/slopedown04
KIT/513/upstairs06,KIT/513/upstairs06
KIT/513/seesaw_up08,KIT/513/seesawup08
KIT/513/evasion06,KIT/513/evasion06
KIT/513/Push_Left_Soft01,KIT/513/PushLeftSoft01
KIT/513/seesaw_up07,KIT/513/seesawup07
KIT/513/balance_on_beam01,KIT/513/balanceonbeam01
KIT/513/evasion05,KIT/513/evasion05
KIT/513/Push_Left_Soft02,KIT/513/PushLeftSoft02
KIT/513/seesaw_down01,KIT/513/seesawdown01
KIT/513/Push_Front_Soft01,KIT/513/PushFrontSoft01
KIT/513/seesaw_down10,KIT/513/seesawdown10
KIT/513/kick01,KIT/513/kick01
KIT/513/kick07,KIT/513/kick07
KIT/513/slope_down09,KIT/513/slopedown09
KIT/513/downstairs06,KIT/513/downstairs06
KIT/513/turn_left08,KIT/513/turnleft08
KIT/513/evasion02,KIT/513/evasion02
KIT/513/turn_left01,KIT/513/turnleft01
KIT/513/Push_Right_Hard02,KIT/513/PushRightHard02
KIT/513/seesaw_down05,KIT/513/seesawdown05
KIT/513/step_stones04,KIT/513/stepstones04
KIT/513/balance_on_beam08,KIT/513/balanceonbeam08
KIT/551/mixing_bowl_big_and_sponge_big01,KIT/551/mixingbowlbigandspongebig01
KIT/551/knife06,KIT/551/knife06
KIT/551/cup03,KIT/551/cup03
KIT/551/sponge_big07,KIT/551/spongebig07
KIT/551/sponge_big02,KIT/551/spongebig02
KIT/551/sponge_big_and_mixing_bowl_big03,KIT/551/spongebigandmixingbowlbig03
KIT/551/drink05,KIT/551/drink05
KIT/551/mixing_bowl_big02,KIT/551/mixingbowlbig02
KIT/551/egg_whisk06,KIT/551/eggwhisk06
KIT/551/mixing_bowl_big03,KIT/551/mixingbowlbig03
KIT/551/cup07,KIT/551/cup07
KIT/551/knife01,KIT/551/knife01
KIT/551/egg_whisk01,KIT/551/eggwhisk01
KIT/551/sponge_in_bowl02,KIT/551/spongeinbowl02
KIT/551/drink01,KIT/551/drink01
KIT/551/mixing_egg_whisk02,KIT/551/mixingeggwhisk02
KIT/551/sponge_big01,KIT/551/spongebig01
KIT/551/cutting_banana_b_03,KIT/551/cuttingbananab03
KIT/551/mixing_bowl_big_and_sponge_big06,KIT/551/mixingbowlbigandspongebig06
KIT/551/sponge_big05,KIT/551/spongebig05
KIT/551/knife05,KIT/551/knife05
KIT/205/walking_run08,KIT/205/walkingrun08
KIT/205/walking_run02,KIT/205/walkingrun02
KIT/205/turn_left06,KIT/205/turnleft06
KIT/205/turn_left05,KIT/205/turnleft05
KIT/205/walking_slow07,KIT/205/walkingslow07
KIT/205/walking_run07,KIT/205/walkingrun07
KIT/205/walking_slow10,KIT/205/walkingslow10
KIT/205/step_over_gap08,KIT/205/stepovergap08
KIT/205/walking_medium06,KIT/205/walkingmedium06
KIT/205/walking_medium03,KIT/205/walkingmedium03
KIT/205/walking_run10,KIT/205/walkingrun10
KIT/205/walking_medium09,KIT/205/walkingmedium09
KIT/205/walking_run03,KIT/205/walkingrun03
KIT/205/walking_slow06,KIT/205/walkingslow06
KIT/205/step_over_gap07,KIT/205/stepovergap07
KIT/205/walking_medium10,KIT/205/walkingmedium10
KIT/205/step_over_gap02,KIT/205/stepovergap02
KIT/205/walking_slow09,KIT/205/walkingslow09
KIT/205/walking_medium05,KIT/205/walkingmedium05
KIT/205/turn_left02,KIT/205/turnleft02
KIT/205/walking_slow02,KIT/205/walkingslow02
KIT/205/step_over_gap03,KIT/205/stepovergap03
KIT/348/walking_run08,KIT/348/walkingrun08
KIT/348/turn_left10,KIT/348/turnleft10
KIT/348/walking_fast04,KIT/348/walkingfast04
KIT/348/walking_fast01,KIT/348/walkingfast01
KIT/348/run03,KIT/348/run03
KIT/917/Experiment3b_05,KIT/917/Experiment3b05
KIT/917/Experiment3a_04,KIT/917/Experiment3a04
KIT/425/pour_and_mixing_normal_speed_02,KIT/425/pourandmixingnormalspeed02
KIT/425/walking_medium02,KIT/425/walkingmedium02
KIT/425/walking_fast03,KIT/425/walkingfast03
KIT/425/push_from_behind_06,KIT/425/pushfrombehind06
KIT/425/push_from_the_right_side_06,KIT/425/pushfromtherightside06
KIT/425/bend_right07,KIT/425/bendright07
KIT/425/walking_fast05,KIT/425/walkingfast05
KIT/425/turn_right04,KIT/425/turnright04
KIT/425/walking_04,KIT/425/walking04
KIT/425/push_from_the_right_side_10,KIT/425/pushfromtherightside10
KIT/425/upstairs_06,KIT/425/upstairs06
KIT/425/push_from_behind_05,KIT/425/pushfrombehind05
KIT/425/push_from_behind_11,KIT/425/pushfrombehind11
KIT/425/step_over_gap01,KIT/425/stepovergap01
KIT/425/bend_right02,KIT/425/bendright02
KIT/425/push_from_the_right_side_11,KIT/425/pushfromtherightside11
KIT/425/push_from_behind_01,KIT/425/pushfrombehind01
KIT/425/push_from_behind_04,KIT/425/pushfrombehind04
KIT/425/step_over_gap02,KIT/425/stepovergap02
KIT/425/step_over_gap05,KIT/425/stepovergap05
KIT/425/turn_left03,KIT/425/turnleft03
KIT/425/turn_right02,KIT/425/turnright02
KIT/425/push_from_the_right_side_13,KIT/425/pushfromtherightside13
KIT/425/bend_left10,KIT/425/bendleft10
KIT/425/bend_left08,KIT/425/bendleft08
KIT/1229/take_of_t_-_shirt_with_help_04,KIT/1229/takeoft-shirtwithhelp04
KIT/1229/washing_movement_left_arm_03,KIT/1229/washingmovementleftarm03
KIT/1229/hand_to_mouth_left_arm_04,KIT/1229/handtomouthleftarm04
KIT/1229/open_pants_left_arm_02,KIT/1229/openpantsleftarm02
KIT/1229/take_of_t_-_shirt_right_arm_03,KIT/1229/takeoft-shirtrightarm03
KIT/1229/hand_through_hair_with_help_01,KIT/1229/handthroughhairwithhelp01
KIT/1229/washing_movement_right_arm_05,KIT/1229/washingmovementrightarm05
KIT/1229/supination_with_help_01,KIT/1229/supinationwithhelp01
KIT/1229/take_book_from_shelf_right_arm_05,KIT/1229/takebookfromshelfrightarm05
KIT/1229/hand_through_hair_right_arm_02,KIT/1229/handthroughhairrightarm02
KIT/1229/washing_movement_left_arm_05,KIT/1229/washingmovementleftarm05
KIT/1229/take_of_t_-_shirt_right_arm_04,KIT/1229/takeoft-shirtrightarm04
KIT/1229/take_book_from_shelf_with_help_05,KIT/1229/takebookfromshelfwithhelp05
KIT/1229/hand_to_mouth_with_help_05,KIT/1229/handtomouthwithhelp05
KIT/1229/hand_to_mouth_with_help_02,KIT/1229/handtomouthwithhelp02
KIT/1229/take_of_t_-_shirt_right_arm_05,KIT/1229/takeoft-shirtrightarm05
KIT/1229/hand_to_mouth_right_arm_04,KIT/1229/handtomouthrightarm04
KIT/1229/supination_with_help_04,KIT/1229/supinationwithhelp04
KIT/1229/in_out_rotation_with_help_05,KIT/1229/inoutrotationwithhelp05
KIT/1229/hand_through_hair_left_arm_01,KIT/1229/handthroughhairleftarm01
KIT/1229/take_of_t_-_shirt_right_arm_02,KIT/1229/takeoft-shirtrightarm02
KIT/1229/take_book_from_shelf_right_arm_02,KIT/1229/takebookfromshelfrightarm02
KIT/1229/take_book_from_shelf_left_arm_04,KIT/1229/takebookfromshelfleftarm04
KIT/1229/hand_to_mouth_left_arm_02,KIT/1229/handtomouthleftarm02
KIT/1229/open_pants_right_arm_03,KIT/1229/openpantsrightarm03
KIT/1229/supination_with_help_05,KIT/1229/supinationwithhelp05
KIT/1229/take_of_t_-_shirt_with_help_03,KIT/1229/takeoft-shirtwithhelp03
KIT/1229/open_pants_left_arm_01,KIT/1229/openpantsleftarm01
KIT/1229/take_book_from_shelf_left_arm_01,KIT/1229/takebookfromshelfleftarm01
KIT/1229/hand_to_mouth_right_arm_02,KIT/1229/handtomouthrightarm02
KIT/1229/washing_movement_with_help_01,KIT/1229/washingmovementwithhelp01
KIT/1229/take_of_t_-_shirt_with_help_05,KIT/1229/takeoft-shirtwithhelp05
KIT/1229/hand_through_hair_right_arm_04,KIT/1229/handthroughhairrightarm04
KIT/1229/take_book_from_shelf_left_arm_05,KIT/1229/takebookfromshelfleftarm05
KIT/1229/washing_movement_left_arm_02,KIT/1229/washingmovementleftarm02
KIT/1229/hand_through_hair_right_arm_03,KIT/1229/handthroughhairrightarm03
KIT/1229/hand_to_mouth_right_arm_03,KIT/1229/handtomouthrightarm03
KIT/1229/open_pants_right_arm_04,KIT/1229/openpantsrightarm04
KIT/1229/washing_movement_left_arm_04,KIT/1229/washingmovementleftarm04
KIT/1229/hand_to_mouth_with_help_01,KIT/1229/handtomouthwithhelp01
KIT/1229/washing_movement_right_arm_04,KIT/1229/washingmovementrightarm04
KIT/1229/in_out_rotation_with_help_01,KIT/1229/inoutrotationwithhelp01
KIT/1229/washing_movement_with_help_04,KIT/1229/washingmovementwithhelp04
KIT/1229/washing_movement_left_arm_01,KIT/1229/washingmovementleftarm01
KIT/1229/take_book_from_shelf_left_arm_03,KIT/1229/takebookfromshelfleftarm03
KIT/1229/hand_to_mouth_with_help_04,KIT/1229/handtomouthwithhelp04
KIT/1229/washing_movement_with_help_05,KIT/1229/washingmovementwithhelp05
KIT/1229/hand_to_mouth_left_arm_01,KIT/1229/handtomouthleftarm01
KIT/1229/open_pants_right_arm_02,KIT/1229/openpantsrightarm02
KIT/1229/take_book_from_shelf_with_help_04,KIT/1229/takebookfromshelfwithhelp04
KIT/1229/take_book_from_shelf_right_arm_03,KIT/1229/takebookfromshelfrightarm03
KIT/1229/in_out_rotation_with_help_02,KIT/1229/inoutrotationwithhelp02
KIT/1229/in_out_rotation_with_help_03,KIT/1229/inoutrotationwithhelp03
KIT/1229/washing_movement_right_arm_03,KIT/1229/washingmovementrightarm03
KIT/1229/hand_through_hair_right_arm_05,KIT/1229/handthroughhairrightarm05
KIT/1229/open_pants_right_arm_05,KIT/1229/openpantsrightarm05
KIT/1229/in_out_rotation_with_help_04,KIT/1229/inoutrotationwithhelp04
KIT/1229/take_of_t_-_shirt_with_help_01,KIT/1229/takeoft-shirtwithhelp01
KIT/421/push_recovery_right01,KIT/421/pushrecoveryright01
KIT/421/push_recovery_stand_right05,KIT/421/pushrecoverystandright05
KIT/421/push_recovery_stand_left07,KIT/421/pushrecoverystandleft07
KIT/421/push_recovery_stand_left05,KIT/421/pushrecoverystandleft05
KIT/421/push_recovery_stand_back08,KIT/421/pushrecoverystandback08
KIT/421/push_recovery_stand_back10,KIT/421/pushrecoverystandback10
KIT/421/push_recovery_left10,KIT/421/pushrecoveryleft10
KIT/421/push_recovery_back06,KIT/421/pushrecoveryback06
KIT/421/push_recovery_stand_right07,KIT/421/pushrecoverystandright07
KIT/421/push_recovery_front01,KIT/421/pushrecoveryfront01
KIT/421/push_recovery_stand_front09,KIT/421/pushrecoverystandfront09
KIT/167/turn_left09,KIT/167/turnleft09
KIT/167/turn_right10,KIT/167/turnright10
KIT/167/walking_medium08,KIT/167/walkingmedium08
KIT/167/upstairs_downstairs04,KIT/167/upstairsdownstairs04
KIT/167/upstairs05,KIT/167/upstairs05
KIT/167/turn_right05,KIT/167/turnright05
KIT/167/walking_run08,KIT/167/walkingrun08
KIT/167/bend_left06,KIT/167/bendleft06
KIT/167/run04,KIT/167/run04
KIT/167/upstairs04,KIT/167/upstairs04
KIT/167/parkour07,KIT/167/parkour07
KIT/167/walking_medium02,KIT/167/walkingmedium02
KIT/167/turn_right07,KIT/167/turnright07
KIT/167/parkour08,KIT/167/parkour08
KIT/167/walking_run02,KIT/167/walkingrun02
KIT/167/go_over_beam02,KIT/167/gooverbeam02
KIT/167/step_over_gap06,KIT/167/stepovergap06
KIT/167/turn_left07,KIT/167/turnleft07
KIT/167/turn_right08,KIT/167/turnright08
KIT/167/turn_left05,KIT/167/turnleft05
KIT/167/turn_right01,KIT/167/turnright01
KIT/167/walking_slow07,KIT/167/walkingslow07
KIT/167/downstairs08,KIT/167/downstairs08
KIT/167/go_over_beam07,KIT/167/gooverbeam07
KIT/167/step_over_gap09,KIT/167/stepovergap09
KIT/167/walking_medium01,KIT/167/walkingmedium01
KIT/167/upstairs01,KIT/167/upstairs01
KIT/167/bend_left02,KIT/167/bendleft02
KIT/167/turn_right04,KIT/167/turnright04
KIT/167/turn_right03,KIT/167/turnright03
KIT/167/bend_left09,KIT/167/bendleft09
KIT/167/bend_right04,KIT/167/bendright04
KIT/167/walking_run07,KIT/167/walkingrun07
KIT/167/run02,KIT/167/run02
KIT/167/bend_left01,KIT/167/bendleft01
KIT/167/run01,KIT/167/run01
KIT/167/upstairs09,KIT/167/upstairs09
KIT/167/bend_left03,KIT/167/bendleft03
KIT/167/downstairs04,KIT/167/downstairs04
KIT/167/downstairs07,KIT/167/downstairs07
KIT/167/parkour10,KIT/167/parkour10
KIT/167/walking_medium07,KIT/167/walkingmedium07
KIT/167/run05,KIT/167/run05
KIT/167/turn_left10,KIT/167/turnleft10
KIT/167/walking_slow10,KIT/167/walkingslow10
KIT/167/step_over_gap08,KIT/167/stepovergap08
KIT/167/walking_medium03,KIT/167/walkingmedium03
KIT/167/step_over_gap01,KIT/167/stepovergap01
KIT/167/walking_medium09,KIT/167/walkingmedium09
KIT/167/parkour03,KIT/167/parkour03
KIT/167/bend_right02,KIT/167/bendright02
KIT/167/walking_run03,KIT/167/walkingrun03
KIT/167/go_over_beam10,KIT/167/gooverbeam10
KIT/167/walking_slow05,KIT/167/walkingslow05
KIT/167/walking_slow06,KIT/167/walkingslow06
KIT/167/upstairs_downstairs01,KIT/167/upstairsdownstairs01
KIT/167/upstairs_downstairs02,KIT/167/upstairsdownstairs02
KIT/167/walking_slow08,KIT/167/walkingslow08
KIT/167/walking_slow01,KIT/167/walkingslow01
KIT/167/downstairs09,KIT/167/downstairs09
KIT/167/upstairs02,KIT/167/upstairs02
KIT/167/step_over_gap11,KIT/167/stepovergap11
KIT/167/walking_medium05,KIT/167/walkingmedium05
KIT/167/turn_left08,KIT/167/turnleft08
KIT/167/parkour06,KIT/167/parkour06
KIT/167/downstairs03,KIT/167/downstairs03
KIT/167/go_over_beam01,KIT/167/gooverbeam01
KIT/167/downstairs10,KIT/167/downstairs10
KIT/167/step_over_gap10,KIT/167/stepovergap10
KIT/167/step_over_gap04,KIT/167/stepovergap04
KIT/167/turn_left02,KIT/167/turnleft02
KIT/167/bend_left07,KIT/167/bendleft07
KIT/167/walking_slow02,KIT/167/walkingslow02
KIT/167/step_over_gap03,KIT/167/stepovergap03
KIT/167/walking_slow04,KIT/167/walkingslow04
KIT/167/downstairs05,KIT/167/downstairs05
KIT/167/go_over_beam09,KIT/167/gooverbeam09
KIT/576/MarcusS_AdrianM12,KIT/576/MarcusSAdrianM12
KIT/576/MarcusS_AdrianM09,KIT/576/MarcusSAdrianM09
KIT/576/MarcusS_AdrianM11,KIT/576/MarcusSAdrianM11
KIT/965/Experiment3a_08,KIT/965/Experiment3a08
KIT/965/Experiment3b_02,KIT/965/Experiment3b02
KIT/965/Experiment3a_03,KIT/965/Experiment3a03
KIT/965/Experiment3a_02,KIT/965/Experiment3a02
KIT/965/Experiment3a_07,KIT/965/Experiment3a07
KIT/965/Experiment3a_09,KIT/965/Experiment3a09
KIT/9/WalkingStraightBackwards03,KIT/9/WalkingStraightBackwards03
KIT/9/RightTurn03,KIT/9/RightTurn03
KIT/9/turn_left09,KIT/9/turnleft09
KIT/9/WalkingStraightBackwards09,KIT/9/WalkingStraightBackwards09
KIT/9/bend_right09,KIT/9/bendright09
KIT/9/walking_medium08,KIT/9/walkingmedium08
KIT/9/WalkInCounterClockwiseCircle05,KIT/9/WalkInCounterClockwiseCircle05
KIT/9/walking_slow03,KIT/9/walkingslow03
KIT/9/bend_left06,KIT/9/bendleft06
KIT/9/run04,KIT/9/run04
KIT/9/walking_run05,KIT/9/walkingrun05
KIT/9/WalkingStraightForwards10,KIT/9/WalkingStraightForwards10
KIT/9/WalkInClockwiseCircle10,KIT/9/WalkInClockwiseCircle10
KIT/9/WalkingStraightForwards09,KIT/9/WalkingStraightForwards09
KIT/9/walking_run02,KIT/9/walkingrun02
KIT/9/LeftTurn10,KIT/9/LeftTurn10
KIT/9/step_over_gap06,KIT/9/stepovergap06
KIT/9/turn_left07,KIT/9/turnleft07
KIT/9/bend_right07,KIT/9/bendright07
KIT/9/bend_right01,KIT/9/bendright01
KIT/9/walking_medium01,KIT/9/walkingmedium01
KIT/9/bend_left09,KIT/9/bendleft09
KIT/9/LeftTurn02,KIT/9/LeftTurn02
KIT/9/bend_right04,KIT/9/bendright04
KIT/9/walking_run07,KIT/9/walkingrun07
KIT/9/walking_run06,KIT/9/walkingrun06
KIT/9/run02,KIT/9/run02
KIT/9/bend_right06,KIT/9/bendright06
KIT/9/bend_left01,KIT/9/bendleft01
KIT/9/run01,KIT/9/run01
KIT/9/bend_left03,KIT/9/bendleft03
KIT/9/WalkInClockwiseCircle07,KIT/9/WalkInClockwiseCircle07
KIT/9/LeftTurn09,KIT/9/LeftTurn09
KIT/9/WalkingStraightForwards04,KIT/9/WalkingStraightForwards04
KIT/9/WalkInClockwiseCircle08,KIT/9/WalkInClockwiseCircle08
KIT/9/LeftTurn01,KIT/9/LeftTurn01
KIT/9/walking_run09,KIT/9/walkingrun09
KIT/9/LeftTurn06,KIT/9/LeftTurn06
KIT/9/walking_medium07,KIT/9/walkingmedium07
KIT/9/LeftTurn03,KIT/9/LeftTurn03
KIT/9/run05,KIT/9/run05
KIT/9/walking_run04,KIT/9/walkingrun04
KIT/9/WalkInCounterClockwiseCircle03,KIT/9/WalkInCounterClockwiseCircle03
KIT/9/turn_left10,KIT/9/turnleft10
KIT/9/LeftTurn05,KIT/9/LeftTurn05
KIT/9/walking_medium06,KIT/9/walkingmedium06
KIT/9/WalkingStraightForwards05,KIT/9/WalkingStraightForwards05
KIT/9/WalkingStraightBackwards06,KIT/9/WalkingStraightBackwards06
KIT/9/WalkInCounterClockwiseCircle06,KIT/9/WalkInCounterClockwiseCircle06
KIT/9/WalkingStraightForwards07,KIT/9/WalkingStraightForwards07
KIT/9/step_over_gap01,KIT/9/stepovergap01
KIT/9/WalkInClockwiseCircle06,KIT/9/WalkInClockwiseCircle06
KIT/9/walking_medium09,KIT/9/walkingmedium09
KIT/9/walking_run03,KIT/9/walkingrun03
KIT/9/WalkInCounterClockwiseCircle09,KIT/9/WalkInCounterClockwiseCircle09
KIT/9/LeftTurn07,KIT/9/LeftTurn07
KIT/9/WalkInCounterClockwiseCircle07,KIT/9/WalkInCounterClockwiseCircle07
KIT/9/LeftTurn04,KIT/9/LeftTurn04
KIT/9/walking_slow05,KIT/9/walkingslow05
KIT/9/WalkingStraightForwards01,KIT/9/WalkingStraightForwards01
KIT/9/WalkingStraightBackwards02,KIT/9/WalkingStraightBackwards02
KIT/9/WalkInClockwiseCircle02,KIT/9/WalkInClockwiseCircle02
KIT/9/walking_slow08,KIT/9/walkingslow08
KIT/9/step_over_gap02,KIT/9/stepovergap02
KIT/9/walking_slow01,KIT/9/walkingslow01
KIT/9/step_over_gap05,KIT/9/stepovergap05
KIT/9/turn_left03,KIT/9/turnleft03
KIT/9/walking_slow09,KIT/9/walkingslow09
KIT/9/step_over_gap11,KIT/9/stepovergap11
KIT/9/RightTurn02,KIT/9/RightTurn02
KIT/9/bend_left05,KIT/9/bendleft05
KIT/9/walking_medium05,KIT/9/walkingmedium05
KIT/9/turn_left08,KIT/9/turnleft08
KIT/9/WalkingStraightBackwards01,KIT/9/WalkingStraightBackwards01
KIT/9/RightTurn04,KIT/9/RightTurn04
KIT/9/step_over_gap10,KIT/9/stepovergap10
KIT/9/bend_right10,KIT/9/bendright10
KIT/9/step_over_gap04,KIT/9/stepovergap04
KIT/9/turn_left02,KIT/9/turnleft02
KIT/9/walking_slow02,KIT/9/walkingslow02
KIT/9/WalkInCounterClockwiseCircle01,KIT/9/WalkInCounterClockwiseCircle01
KIT/9/bend_left08,KIT/9/bendleft08
KIT/379/push_recovery_stand_left02,KIT/379/pushrecoverystandleft02
KIT/379/push_recovery_stand_left09,KIT/379/pushrecoverystandleft09
KIT/379/push_recovery_stand_left04,KIT/379/pushrecoverystandleft04
KIT/379/push_recovery_left04,KIT/379/pushrecoveryleft04
KIT/379/push_recovery_right05,KIT/379/pushrecoveryright05
KIT/379/push_recovery_front06,KIT/379/pushrecoveryfront06
KIT/379/push_recovery_left06,KIT/379/pushrecoveryleft06
KIT/379/push_recovery_right03,KIT/379/pushrecoveryright03
KIT/379/push_recovery_left10,KIT/379/pushrecoveryleft10
KIT/379/push_recovery_stand_right08,KIT/379/pushrecoverystandright08
KIT/379/push_recovery_left02,KIT/379/pushrecoveryleft02
KIT/379/push_recovery_right08,KIT/379/pushrecoveryright08
KIT/379/push_recovery_stand_right07,KIT/379/pushrecoverystandright07
KIT/379/push_recovery_stand_left08,KIT/379/pushrecoverystandleft08
KIT/379/push_recovery_stand_front01,KIT/379/pushrecoverystandfront01
KIT/379/push_recovery_stand_right06,KIT/379/pushrecoverystandright06
KIT/379/push_recovery_stand_front09,KIT/379/pushrecoverystandfront09
KIT/379/push_recovery_right09,KIT/379/pushrecoveryright09
KIT/379/push_recovery_right02,KIT/379/pushrecoveryright02
KIT/1717/displace_from_left_to_right_04,KIT/1717/displacefromlefttoright04
KIT/1717/displace_tilt_side_14,KIT/1717/displacetiltside14
KIT/1717/displace_tilt_side_15,KIT/1717/displacetiltside15
KIT/1717/displace_tilt_side_36,KIT/1717/displacetiltside36
KIT/1717/displace_tilt_middle_07,KIT/1717/displacetiltmiddle07
KIT/1717/displace_from_left_to_right_05,KIT/1717/displacefromlefttoright05
KIT/1717/displace_from_left_to_right_22,KIT/1717/displacefromlefttoright22
KIT/1717/displace_from_left_to_right_17,KIT/1717/displacefromlefttoright17
KIT/1717/displace_tilt_side_04,KIT/1717/displacetiltside04
KIT/1717/displace_tilt_side_09,KIT/1717/displacetiltside09
KIT/1717/displace_tilt_side_30,KIT/1717/displacetiltside30
KIT/1717/displace_tilt_middle_17,KIT/1717/displacetiltmiddle17
KIT/1717/displace_from_left_to_right_29,KIT/1717/displacefromlefttoright29
KIT/1717/displace_from_left_to_right_32,KIT/1717/displacefromlefttoright32
KIT/1717/displace_from_left_to_right_18,KIT/1717/displacefromlefttoright18
KIT/1717/displace_from_left_to_right_35,KIT/1717/displacefromlefttoright35
KIT/1717/displace_from_left_to_right_42,KIT/1717/displacefromlefttoright42
KIT/1717/displace_from_left_to_right_47,KIT/1717/displacefromlefttoright47
KIT/1717/displace_from_left_to_right_27,KIT/1717/displacefromlefttoright27
KIT/1717/displace_tilt_side_31,KIT/1717/displacetiltside31
KIT/1717/displace_from_left_to_right_01,KIT/1717/displacefromlefttoright01
KIT/1717/displace_from_left_to_right_50,KIT/1717/displacefromlefttoright50
KIT/1717/displace_tilt_middle_19,KIT/1717/displacetiltmiddle19
KIT/1717/displace_tilt_side_02,KIT/1717/displacetiltside02
KIT/1717/displace_from_left_to_right_49,KIT/1717/displacefromlefttoright49
KIT/1717/displace_from_left_to_right_03,KIT/1717/displacefromlefttoright03
KIT/1717/displace_tilt_middle_13,KIT/1717/displacetiltmiddle13
KIT/1717/displace_from_left_to_right_38,KIT/1717/displacefromlefttoright38
KIT/1717/displace_tilt_side_13,KIT/1717/displacetiltside13
KIT/1717/displace_tilt_side_07,KIT/1717/displacetiltside07
KIT/1717/displace_tilt_side_27,KIT/1717/displacetiltside27
KIT/1717/displace_from_left_to_right_11,KIT/1717/displacefromlefttoright11
KIT/1717/displace_from_left_to_right_31,KIT/1717/displacefromlefttoright31
KIT/1717/displace_from_left_to_right_10,KIT/1717/displacefromlefttoright10
KIT/1717/displace_tilt_side_08,KIT/1717/displacetiltside08
KIT/1717/displace_from_left_to_right_26,KIT/1717/displacefromlefttoright26
KIT/1717/displace_from_left_to_right_14,KIT/1717/displacefromlefttoright14
KIT/1717/displace_from_left_to_right_15,KIT/1717/displacefromlefttoright15
KIT/1717/displace_tilt_side_20,KIT/1717/displacetiltside20
KIT/1717/displace_tilt_side_24,KIT/1717/displacetiltside24
KIT/1717/displace_from_left_to_right_48,KIT/1717/displacefromlefttoright48
KIT/1717/displace_from_left_to_right_43,KIT/1717/displacefromlefttoright43
KIT/1717/displace_tilt_middle_24,KIT/1717/displacetiltmiddle24
KIT/1717/displace_tilt_side_35,KIT/1717/displacetiltside35
KIT/1717/displace_tilt_side_05,KIT/1717/displacetiltside05
KIT/1717/displace_from_left_to_right_13,KIT/1717/displacefromlefttoright13
KIT/1717/displace_from_left_to_right_16,KIT/1717/displacefromlefttoright16
KIT/1717/displace_tilt_side_17,KIT/1717/displacetiltside17
KIT/1717/displace_tilt_side_10,KIT/1717/displacetiltside10
KIT/948/Wipe_Leg_Big_Circle_01,KIT/948/WipeLegBigCircle01
KIT/948/Wipe_Arm_Big_Circle_01,KIT/948/WipeArmBigCircle01
KIT/948/Wipe_Back_Big_Circle_02,KIT/948/WipeBackBigCircle02
KIT/948/Wipe_Head_Vertical_01,KIT/948/WipeHeadVertical01
KIT/948/Wipe_Leg_Dabbing_01,KIT/948/WipeLegDabbing01
KIT/948/Wipe_Arm_Small_Circle_01,KIT/948/WipeArmSmallCircle01
KIT/948/Wipe_Head_Dabbing_02,KIT/948/WipeHeadDabbing02
KIT/948/Wipe_Leg_Small_Circle_01,KIT/948/WipeLegSmallCircle01
KIT/948/Wipe_Back_Dabbing_01,KIT/948/WipeBackDabbing01
KIT/948/Wipe_Arm_Dabbing_01,KIT/948/WipeArmDabbing01
KIT/948/Wipe_Back_Vertical_01,KIT/948/WipeBackVertical01
KIT/948/Wipe_Head_Big_Circle_01,KIT/948/WipeHeadBigCircle01
KIT/12/RightTurn03,KIT/12/RightTurn03
KIT/12/WalkingStraightBackwards09,KIT/12/WalkingStraightBackwards09
KIT/12/WalkingStraightForwards08_1,KIT/12/WalkingStraightForwards081
KIT/12/WalkingStraightForwards04_1,KIT/12/WalkingStraightForwards041
KIT/12/WalkingStraightForwards10,KIT/12/WalkingStraightForwards10
KIT/12/WalkingStraightBackwards07,KIT/12/WalkingStraightBackwards07
KIT/12/WalkInCounterClockwiseCircle02,KIT/12/WalkInCounterClockwiseCircle02
KIT/12/WalkingStraightBackwards10,KIT/12/WalkingStraightBackwards10
KIT/12/WalkInCounterClockwiseCircle10,KIT/12/WalkInCounterClockwiseCircle10
KIT/12/WalkInCounterClockwiseCircle08,KIT/12/WalkInCounterClockwiseCircle08
KIT/12/RightTurn09,KIT/12/RightTurn09
KIT/12/LeftTurn08,KIT/12/LeftTurn08
KIT/12/WalkingStraightForwards06_1,KIT/12/WalkingStraightForwards061
KIT/12/RightTurn07,KIT/12/RightTurn07
KIT/12/LeftTurn05,KIT/12/LeftTurn05
KIT/12/WalkingStraightBackwards06,KIT/12/WalkingStraightBackwards06
KIT/12/WalkInCounterClockwiseCircle06,KIT/12/WalkInCounterClockwiseCircle06
KIT/12/WalkingStraightForwards01_1,KIT/12/WalkingStraightForwards011
KIT/12/RightTurn06,KIT/12/RightTurn06
KIT/12/WalkInClockwiseCircle12,KIT/12/WalkInClockwiseCircle12
KIT/12/WalkInClockwiseCircle02,KIT/12/WalkInClockwiseCircle02
KIT/12/WalkInClockwiseCircle11,KIT/12/WalkInClockwiseCircle11
KIT/12/RightTurn02,KIT/12/RightTurn02
KIT/12/WalkingStraightBackwards01,KIT/12/WalkingStraightBackwards01
KIT/12/RightTurn04,KIT/12/RightTurn04
KIT/12/WalkingStraightForwards03,KIT/12/WalkingStraightForwards03
KIT/12/WalkingStraightForwards09_1,KIT/12/WalkingStraightForwards091
KIT/12/WalkingStraightBackwards08,KIT/12/WalkingStraightBackwards08
KIT/1346/Experiment3_subject1346_wash_leg_position_bigcircles_02,KIT/1346/Experiment3subject1346washlegpositionbigcircles02
KIT/1346/Experiment3a_subject1346_back_01,KIT/1346/Experiment3asubject1346back01
KIT/1346/Experiment3_subject1346_wash_leg_position_smallcircles_01,KIT/1346/Experiment3subject1346washlegpositionsmallcircles01
KIT/1346/Experiment3_subject1346_wash_back_position_horizontal_02,KIT/1346/Experiment3subject1346washbackpositionhorizontal02
KIT/1346/Experiment3a_subject1346_back_03,KIT/1346/Experiment3asubject1346back03
KIT/1346/Experiment3_subject1346_wash_leg_position_bigcircles_01,KIT/1346/Experiment3subject1346washlegpositionbigcircles01
KIT/1346/Experiment3b_subject1346_legs_02,KIT/1346/Experiment3bsubject1346legs02
KIT/1346/Experiment3_subject1346_wash_leg_position_smallcircles_02,KIT/1346/Experiment3subject1346washlegpositionsmallcircles02
KIT/1346/Experiment3a_subject1346_back_02,KIT/1346/Experiment3asubject1346back02
KIT/1346/Experiment3b_subject1346_back_03,KIT/1346/Experiment3bsubject1346back03
KIT/1346/Experiment3_subject1346_wash_back_position_horizontal_01,KIT/1346/Experiment3subject1346washbackpositionhorizontal01
KIT/1346/Experiment3_subject1346_random_02,KIT/1346/Experiment3subject1346random02
KIT/1346/Experiment3b_subject1346_back_02,KIT/1346/Experiment3bsubject1346back02
KIT/1346/Experiment3a_subject1346_legs_03,KIT/1346/Experiment3asubject1346legs03
KIT/912/912_3_02,KIT/912/912302
KIT/912/912_3_05,KIT/912/912305
KIT/912/912_3_06,KIT/912/912306
KIT/912/912_3_12,KIT/912/912312
KIT/912/912_3_10,KIT/912/912310
KIT/912/912_3_07,KIT/912/912307
KIT/912/912_3_08,KIT/912/912308
KIT/912/912_3_14,KIT/912/912314
KIT/912/912_3_15,KIT/912/912315
KIT/10/WalkingStraightBackwards03,KIT/10/WalkingStraightBackwards03
KIT/10/WalkingStraightBackwards05,KIT/10/WalkingStraightBackwards05
KIT/10/WalkingStraightBackwards09,KIT/10/WalkingStraightBackwards09
KIT/10/WalkInCounterClockwiseCircle05,KIT/10/WalkInCounterClockwiseCircle05
KIT/10/WalkingStraightBackwards07,KIT/10/WalkingStraightBackwards07
KIT/10/LeftTurn10,KIT/10/LeftTurn10
KIT/10/WalkInCounterClockwiseCircle04,KIT/10/WalkInCounterClockwiseCircle04
KIT/10/WalkingStraightBackwards10,KIT/10/WalkingStraightBackwards10
KIT/10/LeftTurn02,KIT/10/LeftTurn02
KIT/10/RightTurn05,KIT/10/RightTurn05
KIT/10/RightTurn09,KIT/10/RightTurn09
KIT/10/WalkInClockwiseCircle07,KIT/10/WalkInClockwiseCircle07
KIT/10/LeftTurn09,KIT/10/LeftTurn09
KIT/10/WalkInClockwiseCircle08,KIT/10/WalkInClockwiseCircle08
KIT/10/LeftTurn01,KIT/10/LeftTurn01
KIT/10/LeftTurn08,KIT/10/LeftTurn08
KIT/10/RightTurn07,KIT/10/RightTurn07
KIT/10/WalkInCounterClockwiseCircle06,KIT/10/WalkInCounterClockwiseCircle06
KIT/10/WalkInClockwiseCircle06,KIT/10/WalkInClockwiseCircle06
KIT/10/WalkInCounterClockwiseCircle09,KIT/10/WalkInCounterClockwiseCircle09
KIT/10/LeftTurn07,KIT/10/LeftTurn07
KIT/10/RightTurn06,KIT/10/RightTurn06
KIT/10/WalkInClockwiseCircle05,KIT/10/WalkInClockwiseCircle05
KIT/10/WalkingStraightBackwards01,KIT/10/WalkingStraightBackwards01
KIT/10/RightTurn04,KIT/10/RightTurn04
KIT/10/WalkingStraightBackwards04,KIT/10/WalkingStraightBackwards04
KIT/10/WalkInCounterClockwiseCircle01,KIT/10/WalkInCounterClockwiseCircle01
KIT/10/RightTurn10,KIT/10/RightTurn10
KIT/950/Wipe_Leg_Dabbing_02,KIT/950/WipeLegDabbing02
KIT/950/Wipe_Leg_Vertical_01,KIT/950/WipeLegVertical01
KIT/950/Wipe_Head_Vertical_01,KIT/950/WipeHeadVertical01
KIT/950/Wipe_Leg_Dabbing_01,KIT/950/WipeLegDabbing01
KIT/950/Wipe_Back_Dabbing_02,KIT/950/WipeBackDabbing02
KIT/950/Wipe_Head_Small_Circle_03,KIT/950/WipeHeadSmallCircle03
KIT/950/Wipe_Leg_Small_Circle_01,KIT/950/WipeLegSmallCircle01
KIT/950/Wipe_Arm_Vertical_02,KIT/950/WipeArmVertical02
KIT/950/Wipe_Arm_Big_Circle_02,KIT/950/WipeArmBigCircle02
KIT/950/Wipe_Back_Dabbing_01,KIT/950/WipeBackDabbing01
KIT/950/Wipe_Arm_Dabbing_01,KIT/950/WipeArmDabbing01
KIT/8/WalkingStraightBackwards03,KIT/8/WalkingStraightBackwards03
KIT/8/WalkingStraightForwards08,KIT/8/WalkingStraightForwards08
KIT/8/RightTurn03,KIT/8/RightTurn03
KIT/8/WalkingStraightBackwards05,KIT/8/WalkingStraightBackwards05
KIT/8/WalkingStraightBackwards09,KIT/8/WalkingStraightBackwards09
KIT/8/WalkInClockwiseCircle10,KIT/8/WalkInClockwiseCircle10
KIT/8/WalkingStraightForwards09,KIT/8/WalkingStraightForwards09
KIT/8/WalkingStraightBackwards10_1,KIT/8/WalkingStraightBackwards101
KIT/8/WalkInCounterClockwiseCircle10,KIT/8/WalkInCounterClockwiseCircle10
KIT/8/WalkInCounterClockwiseCircle08,KIT/8/WalkInCounterClockwiseCircle08
KIT/8/RightTurn09,KIT/8/RightTurn09
KIT/8/WalkInClockwiseCircle07,KIT/8/WalkInClockwiseCircle07
KIT/8/WalkingStraightForwards04,KIT/8/WalkingStraightForwards04
KIT/8/WalkInClockwiseCircle08,KIT/8/WalkInClockwiseCircle08
KIT/8/WalkInCounterClockwiseCircle03,KIT/8/WalkInCounterClockwiseCircle03
KIT/8/WalkInClockwiseCircle03,KIT/8/WalkInClockwiseCircle03
KIT/8/RightTurn07,KIT/8/RightTurn07
KIT/8/WalkingStraightForwards02,KIT/8/WalkingStraightForwards02
KIT/8/WalkingStraightBackwards06,KIT/8/WalkingStraightBackwards06
KIT/8/WalkingStraightForwards07,KIT/8/WalkingStraightForwards07
KIT/8/WalkInClockwiseCircle06,KIT/8/WalkInClockwiseCircle06
KIT/8/RightTurn06,KIT/8/RightTurn06
KIT/8/WalkInClockwiseCircle05,KIT/8/WalkInClockwiseCircle05
KIT/8/WalkingStraightForwards01,KIT/8/WalkingStraightForwards01
KIT/8/WalkingStraightBackwards02,KIT/8/WalkingStraightBackwards02
KIT/8/WalkInClockwiseCircle02,KIT/8/WalkInClockwiseCircle02
KIT/8/WalkInClockwiseCircle04,KIT/8/WalkInClockwiseCircle04
KIT/8/RightTurn02,KIT/8/RightTurn02
KIT/8/WalkingStraightBackwards01,KIT/8/WalkingStraightBackwards01
KIT/8/WalkInClockwiseCircle01,KIT/8/WalkInClockwiseCircle01
KIT/8/WalkingStraightForwards03,KIT/8/WalkingStraightForwards03
KIT/8/WalkingStraightBackwards04,KIT/8/WalkingStraightBackwards04
KIT/8/WalkInCounterClockwiseCircle01,KIT/8/WalkInCounterClockwiseCircle01
KIT/8/WalkingStraightBackwards08,KIT/8/WalkingStraightBackwards08
KIT/1226/Trial_48,KIT/1226/Trial48
KIT/1226/Trial_32,KIT/1226/Trial32
KIT/1226/Trial_67,KIT/1226/Trial67
KIT/1226/Trial_51,KIT/1226/Trial51
KIT/1226/Trial_09,KIT/1226/Trial09
KIT/1226/Trial_54,KIT/1226/Trial54
KIT/1226/Trial_73,KIT/1226/Trial73
KIT/1226/Trial_57,KIT/1226/Trial57
KIT/1226/Trial_41,KIT/1226/Trial41
KIT/1226/Trial_60,KIT/1226/Trial60
KIT/1226/Trial_02,KIT/1226/Trial02
KIT/1226/Trial_37,KIT/1226/Trial37
KIT/1226/Trial_21,KIT/1226/Trial21
KIT/1226/Trial_79,KIT/1226/Trial79
KIT/1226/Trial_82,KIT/1226/Trial82
KIT/1226/Trial_05,KIT/1226/Trial05
KIT/1226/Trial_24,KIT/1226/Trial24
KIT/1226/Trial_43,KIT/1226/Trial43
KIT/1226/Trial_85,KIT/1226/Trial85
KIT/1226/Trial_46,KIT/1226/Trial46
KIT/1226/Trial_30,KIT/1226/Trial30
KIT/1226/Trial_07,KIT/1226/Trial07
KIT/1226/Trial_49,KIT/1226/Trial49
KIT/1226/Trial_33,KIT/1226/Trial33
KIT/1226/Trial_68,KIT/1226/Trial68
KIT/1226/Trial_20,KIT/1226/Trial20
KIT/1226/Trial_74,KIT/1226/Trial74
KIT/1226/Trial_16,KIT/1226/Trial16
KIT/1226/Trial_77,KIT/1226/Trial77
KIT/1226/Trial_61,KIT/1226/Trial61
KIT/1226/Trial_19,KIT/1226/Trial19
KIT/1226/Trial_38,KIT/1226/Trial38
KIT/1226/Trial_22,KIT/1226/Trial22
KIT/1226/Trial_64,KIT/1226/Trial64
KIT/1226/Trial_25,KIT/1226/Trial25
KIT/1226/Trial_44,KIT/1226/Trial44
KIT/1226/Trial_70,KIT/1226/Trial70
KIT/1226/Trial_28,KIT/1226/Trial28
KIT/1226/Trial_12,KIT/1226/Trial12
KIT/1226/Trial_47,KIT/1226/Trial47
KIT/1226/Trial_31,KIT/1226/Trial31
KIT/1226/Trial_50,KIT/1226/Trial50
KIT/1226/Trial_08,KIT/1226/Trial08
KIT/1226/Trial_34,KIT/1226/Trial34
KIT/1226/Trial_53,KIT/1226/Trial53
KIT/1226/Trial_72,KIT/1226/Trial72
KIT/1226/Trial_56,KIT/1226/Trial56
KIT/1226/Trial_40,KIT/1226/Trial40
KIT/1226/Trial_17,KIT/1226/Trial17
KIT/1226/Trial_01,KIT/1226/Trial01
KIT/1226/Trial_78,KIT/1226/Trial78
KIT/1226/Trial_81,KIT/1226/Trial81
KIT/1226/Trial_39,KIT/1226/Trial39
TCD_handMocap/ExperimentDatabase/TalkingB,TCDhandMocap/ExperimentDatabase/TalkingB
TCD_handMocap/ExperimentDatabase/flute_3,TCDhandMocap/ExperimentDatabase/flute3
TCD_handMocap/ExperimentDatabase/Talking01A,TCDhandMocap/ExperimentDatabase/Talking01A
TCD_handMocap/ExperimentDatabase/graspSphere,TCDhandMocap/ExperimentDatabase/graspSphere
TCD_handMocap/ExperimentDatabase/graspLumbrical001_1,TCDhandMocap/ExperimentDatabase/graspLumbrical0011
TCD_handMocap/ExperimentDatabase/counting_2,TCDhandMocap/ExperimentDatabase/counting2
TCD_handMocap/ExperimentDatabase/BottleA,TCDhandMocap/ExperimentDatabase/BottleA
TCD_handMocap/ExperimentDatabase/writing001_1,TCDhandMocap/ExperimentDatabase/writing0011
TCD_handMocap/ExperimentDatabase/grasp2Pinch_1,TCDhandMocap/ExperimentDatabase/grasp2Pinch1
TCD_handMocap/ExperimentDatabase/Run02,TCDhandMocap/ExperimentDatabase/Run02
TCD_handMocap/ExperimentDatabase/grasp3tripod_1,TCDhandMocap/ExperimentDatabase/grasp3tripod1
TCD_handMocap/ExperimentDatabase/typing_2,TCDhandMocap/ExperimentDatabase/typing2
TCD_handMocap/ExperimentDatabase/flute_2,TCDhandMocap/ExperimentDatabase/flute2
TCD_handMocap/ExperimentDatabase/writing001_2,TCDhandMocap/ExperimentDatabase/writing0012
TCD_handMocap/ExperimentDatabase/typing_1,TCDhandMocap/ExperimentDatabase/typing1
TCD_handMocap/ExperimentDatabase/flute_1,TCDhandMocap/ExperimentDatabase/flute1
TCD_handMocap/ExperimentDatabase/Typing01_B,TCDhandMocap/ExperimentDatabase/Typing01B
TCD_handMocap/ExperimentDatabase/Walking02_A,TCDhandMocap/ExperimentDatabase/Walking02A
TCD_handMocap/ExperimentDatabase/OK_E,TCDhandMocap/ExperimentDatabase/OKE
TCD_handMocap/ExperimentDatabase/TalkingA,TCDhandMocap/ExperimentDatabase/TalkingA
TCD_handMocap/ExperimentDatabase/TPoseFingers,TCDhandMocap/ExperimentDatabase/TPoseFingers
TCD_handMocap/ExperimentDatabase/SignD,TCDhandMocap/ExperimentDatabase/SignD
TCD_handMocap/ExperimentDatabase/Walking02_B,TCDhandMocap/ExperimentDatabase/Walking02B
TCD_handMocap/ExperimentDatabase/graspSphere_B,TCDhandMocap/ExperimentDatabase/graspSphereB
TCD_handMocap/ExperimentDatabase/graspLumbricalB_cl,TCDhandMocap/ExperimentDatabase/graspLumbricalBcl
TCD_handMocap/ExperimentDatabase/pointing_1,TCDhandMocap/ExperimentDatabase/pointing1
TCD_handMocap/ExperimentDatabase/OK_A,TCDhandMocap/ExperimentDatabase/OKA
TCD_handMocap/ExperimentDatabase/BottleB,TCDhandMocap/ExperimentDatabase/BottleB
TCD_handMocap/ExperimentDatabase/direction02_2,TCDhandMocap/ExperimentDatabase/direction022
TCD_handMocap/ExperimentDatabase/DirectionB,TCDhandMocap/ExperimentDatabase/DirectionB
TCD_handMocap/ExperimentDatabase/counting_1,TCDhandMocap/ExperimentDatabase/counting1
TCD_handMocap/ExperimentDatabase/ObjectA,TCDhandMocap/ExperimentDatabase/ObjectA
HumanEva/S3/Walking_3,HumanEva/S3/Walking3
HumanEva/S3/Jog_3,HumanEva/S3/Jog3
HumanEva/S3/Gestures_3,HumanEva/S3/Gestures3
HumanEva/S3/Jog_1,HumanEva/S3/Jog1
HumanEva/S3/Static,HumanEva/S3/Static
HumanEva/S3/Gestures_1,HumanEva/S3/Gestures1
HumanEva/S2/Box_3,HumanEva/S2/Box3
HumanEva/S2/Walking_1,HumanEva/S2/Walking1
HumanEva/S2/Jog_3,HumanEva/S2/Jog3
HumanEva/S2/Gestures_3,HumanEva/S2/Gestures3
HumanEva/S2/Static,HumanEva/S2/Static
HumanEva/S1/Box_3,HumanEva/S1/Box3
HumanEva/S1/Walking_3,HumanEva/S1/Walking3
HumanEva/S1/Gestures_3,HumanEva/S1/Gestures3
HumanEva/S1/Jog_1,HumanEva/S1/Jog1
Eyes_Japan_Dataset/ichige/pain_-_01_-_headache_-_ichige,EyesJapanDataset/ichige/pain-01-headache-ichige
Eyes_Japan_Dataset/ichige/gesture_etc_-_04_-_set_4_-_ichige,EyesJapanDataset/ichige/gestureetc-04-set4-ichige
Eyes_Japan_Dataset/ichige/soccer_-_06_-_pass_outside_-_ichige,EyesJapanDataset/ichige/soccer-06-passoutside-ichige
Eyes_Japan_Dataset/ichige/pose_-_12_-_body_building_-_ichige,EyesJapanDataset/ichige/pose-12-bodybuilding-ichige
Eyes_Japan_Dataset/ichige/walk_-_29_-_look_down_-_ichige,EyesJapanDataset/ichige/walk-29-lookdown-ichige
Eyes_Japan_Dataset/ichige/soccer_-_31_-_goal_-_ichige,EyesJapanDataset/ichige/soccer-31-goal-ichige
Eyes_Japan_Dataset/ichige/gesture_etc_-_39_-_giant_baba_-_ichige,EyesJapanDataset/ichige/gestureetc-39-giantbaba-ichige
Eyes_Japan_Dataset/ichige/jump_-_01_-_normal_-_ichige,EyesJapanDataset/ichige/jump-01-normal-ichige
Eyes_Japan_Dataset/kawaguchi/pain_-_01_-_headache_-_kawaguchi,EyesJapanDataset/kawaguchi/pain-01-headache-kawaguchi
Eyes_Japan_Dataset/kawaguchi/greeting_-_08_-_shakehands_-_kawaguchi,EyesJapanDataset/kawaguchi/greeting-08-shakehands-kawaguchi
Eyes_Japan_Dataset/kawaguchi/turn_-_02_-_look_around_-_kawaguchi,EyesJapanDataset/kawaguchi/turn-02-lookaround-kawaguchi
Eyes_Japan_Dataset/kawaguchi/gesture_etc_-_16_-_dryer_-_kawaguchi,EyesJapanDataset/kawaguchi/gestureetc-16-dryer-kawaguchi
Eyes_Japan_Dataset/kawaguchi/greeting_-_01_-_hello_-_kawaguchi,EyesJapanDataset/kawaguchi/greeting-01-hello-kawaguchi
Eyes_Japan_Dataset/kawaguchi/turn_-_01_-_call_-_kawaguchi,EyesJapanDataset/kawaguchi/turn-01-call-kawaguchi
Eyes_Japan_Dataset/kawaguchi/gesture_etc_-_39_-_giant_baba_-_kawaguchi,EyesJapanDataset/kawaguchi/gestureetc-39-giantbaba-kawaguchi
Eyes_Japan_Dataset/kawaguchi/pose_-_02_-_rest_-_kawaguchi,EyesJapanDataset/kawaguchi/pose-02-rest-kawaguchi
Eyes_Japan_Dataset/kawaguchi/gesture_etc_-_42_-_hung_over_-_kawaguchi,EyesJapanDataset/kawaguchi/gestureetc-42-hungover-kawaguchi
Eyes_Japan_Dataset/kawaguchi/jump_-_05_-_rope_normal_run_-_kawaguchi,EyesJapanDataset/kawaguchi/jump-05-ropenormalrun-kawaguchi
Eyes_Japan_Dataset/kawaguchi/pose_-_09_-_pray_buddhism_-_kawaguchi,EyesJapanDataset/kawaguchi/pose-09-praybuddhism-kawaguchi
Eyes_Japan_Dataset/kawaguchi/greeting_-_09_-_certificate_-_kawaguchi,EyesJapanDataset/kawaguchi/greeting-09-certificate-kawaguchi
Eyes_Japan_Dataset/kawaguchi/sitdown_standup_-_01_-_impolite_-_kawaguchi,EyesJapanDataset/kawaguchi/sitdownstandup-01-impolite-kawaguchi
Eyes_Japan_Dataset/kawaguchi/accident_-_01_-_dodge_-_kawaguchi,EyesJapanDataset/kawaguchi/accident-01-dodge-kawaguchi
Eyes_Japan_Dataset/kawaguchi/jump_-_02_-_leap_-_kawaguchi,EyesJapanDataset/kawaguchi/jump-02-leap-kawaguchi
Eyes_Japan_Dataset/kawaguchi/jump_-_03_-_vertical_-_kawaguchi,EyesJapanDataset/kawaguchi/jump-03-vertical-kawaguchi
Eyes_Japan_Dataset/kawaguchi/pose_-_03_-_open_leg_-_kawaguchi,EyesJapanDataset/kawaguchi/pose-03-openleg-kawaguchi
Eyes_Japan_Dataset/kawaguchi/pain_-_02_-_stomachache_-_kawaguchi,EyesJapanDataset/kawaguchi/pain-02-stomachache-kawaguchi
Eyes_Japan_Dataset/kawaguchi/gesture_etc_-_20_-_swing_chair_-_kawaguchi,EyesJapanDataset/kawaguchi/gestureetc-20-swingchair-kawaguchi
Eyes_Japan_Dataset/yamaoka/tennis_-_19_-_catch_overhead_-_yamaoka,EyesJapanDataset/yamaoka/tennis-19-catchoverhead-yamaoka
Eyes_Japan_Dataset/yamaoka/tennis_-_14_-_backhand_volley_-_yamaoka,EyesJapanDataset/yamaoka/tennis-14-backhandvolley-yamaoka
Eyes_Japan_Dataset/yamaoka/tennis_-_18_-_catch_netball_-_yamaoka,EyesJapanDataset/yamaoka/tennis-18-catchnetball-yamaoka
Eyes_Japan_Dataset/yamaoka/tennis_-_03_-_forehand_hardhit_-_yamaoka,EyesJapanDataset/yamaoka/tennis-03-forehandhardhit-yamaoka
Eyes_Japan_Dataset/yamaoka/tennis_-_08_-_backhand_double_-_yamaoka,EyesJapanDataset/yamaoka/tennis-08-backhanddouble-yamaoka
Eyes_Japan_Dataset/yamaoka/tennis_-_20_-_step_and_stance_-_yamaoka,EyesJapanDataset/yamaoka/tennis-20-stepandstance-yamaoka
Eyes_Japan_Dataset/yamaoka/tennis_-_11_-_backhand_hardhit_-_yamaoka,EyesJapanDataset/yamaoka/tennis-11-backhandhardhit-yamaoka
Eyes_Japan_Dataset/yamaoka/tennis_-_06_-_forehand_smash_-_yamaoka,EyesJapanDataset/yamaoka/tennis-06-forehandsmash-yamaoka
Eyes_Japan_Dataset/yamaoka/tennis_-_16_-_second_service_-_yamaoka,EyesJapanDataset/yamaoka/tennis-16-secondservice-yamaoka
Eyes_Japan_Dataset/yamaoka/tennis_-_02_-_forehand_lob_-_yamaoka,EyesJapanDataset/yamaoka/tennis-02-forehandlob-yamaoka
Eyes_Japan_Dataset/aita/throw_toss_-_11_-_disc_-_aita,EyesJapanDataset/aita/throwtoss-11-disc-aita
Eyes_Japan_Dataset/aita/accident_-_02_-_dodge_fast_-_aita,EyesJapanDataset/aita/accident-02-dodgefast-aita
Eyes_Japan_Dataset/aita/gesture_etc_-_40_-_head_banging_-_aita,EyesJapanDataset/aita/gestureetc-40-headbanging-aita
Eyes_Japan_Dataset/aita/gesture_etc_-_05_-_touch_nose_-_aita,EyesJapanDataset/aita/gestureetc-05-touchnose-aita
Eyes_Japan_Dataset/aita/gesture_etc_-_09_-_scratch_-_aita,EyesJapanDataset/aita/gestureetc-09-scratch-aita
Eyes_Japan_Dataset/aita/pose_-_15_-_look_down_-_aita,EyesJapanDataset/aita/pose-15-lookdown-aita
Eyes_Japan_Dataset/aita/gesture_etc_-_04_-_set_4_-_aita,EyesJapanDataset/aita/gestureetc-04-set4-aita
Eyes_Japan_Dataset/aita/accident_-_06_-_damage_left_leg_-_aita,EyesJapanDataset/aita/accident-06-damageleftleg-aita
Eyes_Japan_Dataset/aita/walk_-_08_-_lookfor_-_aita,EyesJapanDataset/aita/walk-08-lookfor-aita
Eyes_Japan_Dataset/aita/pose_-_18_-_applause_-_aita,EyesJapanDataset/aita/pose-18-applause-aita
Eyes_Japan_Dataset/aita/throw_toss_-_05_-_both_hands_over_heavy_-_aita,EyesJapanDataset/aita/throwtoss-05-bothhandsoverheavy-aita
Eyes_Japan_Dataset/aita/gesture_etc_-_34_-_peace_-_aita,EyesJapanDataset/aita/gestureetc-34-peace-aita
Eyes_Japan_Dataset/aita/throw_toss_-_02_-_side_-_aita,EyesJapanDataset/aita/throwtoss-02-side-aita
Eyes_Japan_Dataset/aita/gesture_etc_-_06_-_jiggle_knee_-_aita,EyesJapanDataset/aita/gestureetc-06-jiggleknee-aita
Eyes_Japan_Dataset/aita/pose_-_16_-_handstand_-_aita,EyesJapanDataset/aita/pose-16-handstand-aita
Eyes_Japan_Dataset/aita/accident_-_12_-_twist_foot_-_aita,EyesJapanDataset/aita/accident-12-twistfoot-aita
Eyes_Japan_Dataset/aita/throw_toss_-_03_-_under_-_aita,EyesJapanDataset/aita/throwtoss-03-under-aita
Eyes_Japan_Dataset/aita/gesture_etc_-_10_-_snip_nail_-_aita,EyesJapanDataset/aita/gestureetc-10-snipnail-aita
Eyes_Japan_Dataset/aita/walk_-_05_-_backward_-_aita,EyesJapanDataset/aita/walk-05-backward-aita
Eyes_Japan_Dataset/aita/sitdown_standup_-_05_-_straight_-_aita,EyesJapanDataset/aita/sitdownstandup-05-straight-aita
Eyes_Japan_Dataset/aita/gesture_etc_-_23_-_mobile_call_-_aita,EyesJapanDataset/aita/gestureetc-23-mobilecall-aita
Eyes_Japan_Dataset/aita/sitdown_standup_-_16_-_reseat_-_aita,EyesJapanDataset/aita/sitdownstandup-16-reseat-aita
Eyes_Japan_Dataset/aita/gesture_etc_-_32_-_no_-_aita,EyesJapanDataset/aita/gestureetc-32-no-aita
Eyes_Japan_Dataset/aita/throw_toss_-_20_-_pass_to_front_heavy_-_aita,EyesJapanDataset/aita/throwtoss-20-passtofrontheavy-aita
Eyes_Japan_Dataset/aita/walk_-_03_-_sneak_-_aita,EyesJapanDataset/aita/walk-03-sneak-aita
Eyes_Japan_Dataset/aita/turn_-_02_-_look_around_-_aita,EyesJapanDataset/aita/turn-02-lookaround-aita
Eyes_Japan_Dataset/aita/walk_-_09_-_handbag_-_aita,EyesJapanDataset/aita/walk-09-handbag-aita
Eyes_Japan_Dataset/aita/gesture_etc_-_45_-_feel_dizzy_-_aita,EyesJapanDataset/aita/gestureetc-45-feeldizzy-aita
Eyes_Japan_Dataset/aita/gesture_etc_-_14_-_apologize_-_aita,EyesJapanDataset/aita/gestureetc-14-apologize-aita
Eyes_Japan_Dataset/aita/gesture_etc_-_30_-_fxxk_-_aita,EyesJapanDataset/aita/gestureetc-30-fxxk-aita
Eyes_Japan_Dataset/aita/walk_-_11_-_baggage_on_the_head_-_aita,EyesJapanDataset/aita/walk-11-baggageonthehead-aita
Eyes_Japan_Dataset/aita/throw_toss_-_15_-_pass_to_left_light_-_aita,EyesJapanDataset/aita/throwtoss-15-passtoleftlight-aita
Eyes_Japan_Dataset/aita/accident_-_10_-_spasm_-_aita,EyesJapanDataset/aita/accident-10-spasm-aita
Eyes_Japan_Dataset/aita/gesture_etc_-_16_-_dryer_-_aita,EyesJapanDataset/aita/gestureetc-16-dryer-aita
Eyes_Japan_Dataset/aita/walk_-_22_-_look_around_-_aita,EyesJapanDataset/aita/walk-22-lookaround-aita
Eyes_Japan_Dataset/aita/sitdown_standup_-_09_-_squat_down_-_aita,EyesJapanDataset/aita/sitdownstandup-09-squatdown-aita
Eyes_Japan_Dataset/aita/jump_-_11_-_warmup_-_aita,EyesJapanDataset/aita/jump-11-warmup-aita
Eyes_Japan_Dataset/aita/pain_-_01_-_headache_-_aita,EyesJapanDataset/aita/pain-01-headache-aita
Eyes_Japan_Dataset/aita/turn_-_01_-_call_-_aita,EyesJapanDataset/aita/turn-01-call-aita
Eyes_Japan_Dataset/aita/gesture_etc_-_48_-_medium_drum_-_aita,EyesJapanDataset/aita/gestureetc-48-mediumdrum-aita
Eyes_Japan_Dataset/aita/gesture_etc_-_50_-_syuriken_-_aita,EyesJapanDataset/aita/gestureetc-50-syuriken-aita
Eyes_Japan_Dataset/hamada/accident_-_05_-_damage_right_arm_-_hamada,EyesJapanDataset/hamada/accident-05-damagerightarm-hamada
Eyes_Japan_Dataset/hamada/jump_-_13_-_matrix_-_hamada,EyesJapanDataset/hamada/jump-13-matrix-hamada
Eyes_Japan_Dataset/hamada/gesture_etc_-_34_-_peace_-_hamada,EyesJapanDataset/hamada/gestureetc-34-peace-hamada
Eyes_Japan_Dataset/hamada/gesture_etc_-_04_-_set_4_-_hamada,EyesJapanDataset/hamada/gestureetc-04-set4-hamada
Eyes_Japan_Dataset/hamada/throw_toss_-_04_-_both_hands_over_light_-_hamada,EyesJapanDataset/hamada/throwtoss-04-bothhandsoverlight-hamada
Eyes_Japan_Dataset/hamada/sitdown_standup_-_04_-_chair_elbow_-_hamada,EyesJapanDataset/hamada/sitdownstandup-04-chairelbow-hamada
Eyes_Japan_Dataset/hamada/sitdown_standup_-_14_-_hold_chair_-_hamada,EyesJapanDataset/hamada/sitdownstandup-14-holdchair-hamada
Eyes_Japan_Dataset/hamada/sitdown_standup_-_09_-_squat_down_-_hamada,EyesJapanDataset/hamada/sitdownstandup-09-squatdown-hamada
Eyes_Japan_Dataset/hamada/gesture_etc_-_50_-_syuriken_-_hamada,EyesJapanDataset/hamada/gestureetc-50-syuriken-hamada
Eyes_Japan_Dataset/hamada/pose_-_15_-_look_down_-_hamada,EyesJapanDataset/hamada/pose-15-lookdown-hamada
Eyes_Japan_Dataset/hamada/pose_-_06_-_hangon_-_hamada,EyesJapanDataset/hamada/pose-06-hangon-hamada
Eyes_Japan_Dataset/hamada/walk_-_04_-_fast_-_hamada,EyesJapanDataset/hamada/walk-04-fast-hamada
Eyes_Japan_Dataset/hamada/throw_toss_-_17_-_pass_to_back_light_-_hamada,EyesJapanDataset/hamada/throwtoss-17-passtobacklight-hamada
Eyes_Japan_Dataset/hamada/pose_-_05_-_cross_leg_-_hamada,EyesJapanDataset/hamada/pose-05-crossleg-hamada
Eyes_Japan_Dataset/hamada/pain_-_05_-_backache_-_hamada,EyesJapanDataset/hamada/pain-05-backache-hamada
Eyes_Japan_Dataset/hamada/accident_-_03_-_damage_head_-_hamada,EyesJapanDataset/hamada/accident-03-damagehead-hamada
Eyes_Japan_Dataset/hamada/pose_-_04_-_drank_-_hamada,EyesJapanDataset/hamada/pose-04-drank-hamada
Eyes_Japan_Dataset/hamada/walk_-_07_-_moonwalk_-_hamada,EyesJapanDataset/hamada/walk-07-moonwalk-hamada
Eyes_Japan_Dataset/hamada/pain_-_06_-_muscleache_-_hamada,EyesJapanDataset/hamada/pain-06-muscleache-hamada
Eyes_Japan_Dataset/hamada/pose_-_03_-_open_leg_-_hamada,EyesJapanDataset/hamada/pose-03-openleg-hamada
Eyes_Japan_Dataset/hamada/gesture_etc_-_33_-_watch_here_-_hamada,EyesJapanDataset/hamada/gestureetc-33-watchhere-hamada
Eyes_Japan_Dataset/hamada/gesture_etc_-_44_-_wash_hands_-_hamada,EyesJapanDataset/hamada/gestureetc-44-washhands-hamada
Eyes_Japan_Dataset/hamada/gesture_etc_-_09_-_scratch_-_hamada,EyesJapanDataset/hamada/gestureetc-09-scratch-hamada
Eyes_Japan_Dataset/hamada/jump_-_01_-_normal_-_hamada,EyesJapanDataset/hamada/jump-01-normal-hamada
Eyes_Japan_Dataset/hamada/throw_toss_-_05_-_both_hands_over_heavy_-_hamada,EyesJapanDataset/hamada/throwtoss-05-bothhandsoverheavy-hamada
Eyes_Japan_Dataset/hamada/gesture_etc_-_30_-_fxxk_-_hamada,EyesJapanDataset/hamada/gestureetc-30-fxxk-hamada
Eyes_Japan_Dataset/hamada/accident_-_06_-_damage_left_leg_-_hamada,EyesJapanDataset/hamada/accident-06-damageleftleg-hamada
Eyes_Japan_Dataset/hamada/greeting_-_03_-_election_-_hamada,EyesJapanDataset/hamada/greeting-03-election-hamada
Eyes_Japan_Dataset/hamada/greeting_-_02_-_bye_-_hamada,EyesJapanDataset/hamada/greeting-02-bye-hamada
Eyes_Japan_Dataset/hamada/pose_-_09_-_pray_buddhism_-_hamada,EyesJapanDataset/hamada/pose-09-praybuddhism-hamada
Eyes_Japan_Dataset/hamada/throw_toss_-_16_-_pass_to_left_heavy_-_hamada,EyesJapanDataset/hamada/throwtoss-16-passtoleftheavy-hamada
Eyes_Japan_Dataset/hamada/pose_-_07_-_pray_cross_-_hamada,EyesJapanDataset/hamada/pose-07-praycross-hamada
Eyes_Japan_Dataset/hamada/walk_-_08_-_lookfor_-_hamada,EyesJapanDataset/hamada/walk-08-lookfor-hamada
Eyes_Japan_Dataset/hamada/gesture_etc_-_16_-_dryer_-_hamada,EyesJapanDataset/hamada/gestureetc-16-dryer-hamada
Eyes_Japan_Dataset/hamada/greeting_-_07_-_bow_-_hamada,EyesJapanDataset/hamada/greeting-07-bow-hamada
Eyes_Japan_Dataset/hamada/gesture_etc_-_46_-_vomit_of_blood_-_hamada,EyesJapanDataset/hamada/gestureetc-46-vomitofblood-hamada
Eyes_Japan_Dataset/hamada/gesture_etc_-_02_-_set_2_-_hamada,EyesJapanDataset/hamada/gestureetc-02-set2-hamada
Eyes_Japan_Dataset/hamada/accident_-_08_-_damage_rightfoot_-_hamada,EyesJapanDataset/hamada/accident-08-damagerightfoot-hamada
Eyes_Japan_Dataset/hamada/pose_-_10_-_recall_blackmagic_-_hamada,EyesJapanDataset/hamada/pose-10-recallblackmagic-hamada
Eyes_Japan_Dataset/hamada/walk_-_19_-_shuffle_backward_-_hamada,EyesJapanDataset/hamada/walk-19-shufflebackward-hamada
Eyes_Japan_Dataset/hamada/sitdown_standup_-_01_-_impolite_-_hamada,EyesJapanDataset/hamada/sitdownstandup-01-impolite-hamada
Eyes_Japan_Dataset/hamada/accident_-_10_-_spasm_-_hamada,EyesJapanDataset/hamada/accident-10-spasm-hamada
Eyes_Japan_Dataset/hamada/gesture_etc_-_27_-_hit_cockroach_-_hamada,EyesJapanDataset/hamada/gestureetc-27-hitcockroach-hamada
Eyes_Japan_Dataset/hamada/sitdown_standup_-_10_-_observe_-_hamada,EyesJapanDataset/hamada/sitdownstandup-10-observe-hamada
Eyes_Japan_Dataset/hamada/walk_-_28_-_look_up_-_hamada,EyesJapanDataset/hamada/walk-28-lookup-hamada
Eyes_Japan_Dataset/hamada/accident_-_01_-_dodge_-_hamada,EyesJapanDataset/hamada/accident-01-dodge-hamada
Eyes_Japan_Dataset/hamada/walk_-_09_-_handbag_-_hamada,EyesJapanDataset/hamada/walk-09-handbag-hamada
Eyes_Japan_Dataset/hamada/walk_-_26_-_exhausted_-_hamada,EyesJapanDataset/hamada/walk-26-exhausted-hamada
Eyes_Japan_Dataset/hamada/sitdown_standup_-_13_-_applause_-_hamada,EyesJapanDataset/hamada/sitdownstandup-13-applause-hamada
Eyes_Japan_Dataset/hamada/greeting_-_08_-_shakehands_-_hamada,EyesJapanDataset/hamada/greeting-08-shakehands-hamada
Eyes_Japan_Dataset/hamada/gesture_etc_-_49_-_taiko_under_-_hamada,EyesJapanDataset/hamada/gestureetc-49-taikounder-hamada
Eyes_Japan_Dataset/hamada/gesture_etc_-_41_-_mosh_-_hamada,EyesJapanDataset/hamada/gestureetc-41-mosh-hamada
Eyes_Japan_Dataset/hamada/gesture_etc_-_38_-_hand_language_-_hamada,EyesJapanDataset/hamada/gestureetc-38-handlanguage-hamada
Eyes_Japan_Dataset/hamada/gesture_etc_-_26_-_hit_mosquito_-_hamada,EyesJapanDataset/hamada/gestureetc-26-hitmosquito-hamada
Eyes_Japan_Dataset/hamada/gesture_etc_-_21_-_clapping_-_hamada,EyesJapanDataset/hamada/gestureetc-21-clapping-hamada
Eyes_Japan_Dataset/hamada/walk_-_01_-_normal_-_hamada,EyesJapanDataset/hamada/walk-01-normal-hamada
Eyes_Japan_Dataset/hamada/gesture_etc_-_36_-_shame_-_hamada,EyesJapanDataset/hamada/gestureetc-36-shame-hamada
Eyes_Japan_Dataset/hamada/walk_-_14_-_backpack_-_hamada,EyesJapanDataset/hamada/walk-14-backpack-hamada
Eyes_Japan_Dataset/hamada/greeting_-_01_-_hello_-_hamada,EyesJapanDataset/hamada/greeting-01-hello-hamada
Eyes_Japan_Dataset/hamada/sitdown_standup_-_03_-_chair_back_-_hamada,EyesJapanDataset/hamada/sitdownstandup-03-chairback-hamada
Eyes_Japan_Dataset/hamada/walk_-_05_-_backward_-_hamada,EyesJapanDataset/hamada/walk-05-backward-hamada
Eyes_Japan_Dataset/shiono/pain_-_01_-_headache_-_shiono,EyesJapanDataset/shiono/pain-01-headache-shiono
Eyes_Japan_Dataset/shiono/jump_-_12_-_boxer_step_-_shiono,EyesJapanDataset/shiono/jump-12-boxerstep-shiono
Eyes_Japan_Dataset/shiono/gesture_etc_-_33_-_watch_here_-_shiono,EyesJapanDataset/shiono/gestureetc-33-watchhere-shiono
Eyes_Japan_Dataset/shiono/pose_-_10_-_recall_blackmagic_-_shiono,EyesJapanDataset/shiono/pose-10-recallblackmagic-shiono
Eyes_Japan_Dataset/shiono/walk_-_28_-_look_up_-_shiono,EyesJapanDataset/shiono/walk-28-lookup-shiono
Eyes_Japan_Dataset/shiono/sitdown_standup_-_03_-_chair_back_-_shiono,EyesJapanDataset/shiono/sitdownstandup-03-chairback-shiono
Eyes_Japan_Dataset/shiono/gesture_etc_-_26_-_hit_mosquito_-_shiono,EyesJapanDataset/shiono/gestureetc-26-hitmosquito-shiono
Eyes_Japan_Dataset/shiono/pose_-_07_-_pray_cross_-_shiono,EyesJapanDataset/shiono/pose-07-praycross-shiono
Eyes_Japan_Dataset/shiono/gesture_etc_-_16_-_dryer_-_shiono,EyesJapanDataset/shiono/gestureetc-16-dryer-shiono
Eyes_Japan_Dataset/shiono/pose_-_16_-_handstand_-_shiono,EyesJapanDataset/shiono/pose-16-handstand-shiono
Eyes_Japan_Dataset/shiono/gesture_etc_-_34_-_peace_-_shiono,EyesJapanDataset/shiono/gestureetc-34-peace-shiono
Eyes_Japan_Dataset/shiono/gesture_etc_-_31_-_ok_-_shiono,EyesJapanDataset/shiono/gestureetc-31-ok-shiono
Eyes_Japan_Dataset/shiono/pose_-_02_-_rest_-_shiono,EyesJapanDataset/shiono/pose-02-rest-shiono
Eyes_Japan_Dataset/shiono/throw_toss_-_09_-_shotput_-_shiono,EyesJapanDataset/shiono/throwtoss-09-shotput-shiono
Eyes_Japan_Dataset/shiono/walk_-_13_-_baggage_on_the_shoulder_-_shiono,EyesJapanDataset/shiono/walk-13-baggageontheshoulder-shiono
Eyes_Japan_Dataset/shiono/accident_-_04_-_damage_right_leg_-_shiono,EyesJapanDataset/shiono/accident-04-damagerightleg-shiono
Eyes_Japan_Dataset/shiono/accident_-_03_-_damage_head_-_shiono,EyesJapanDataset/shiono/accident-03-damagehead-shiono
Eyes_Japan_Dataset/shiono/pose_-_13_-_model_-_shiono,EyesJapanDataset/shiono/pose-13-model-shiono
Eyes_Japan_Dataset/shiono/pose_-_17_-_one_leg_-_shiono,EyesJapanDataset/shiono/pose-17-oneleg-shiono
Eyes_Japan_Dataset/shiono/gesture_etc_-_43_-_brush_teeth_-_shiono,EyesJapanDataset/shiono/gestureetc-43-brushteeth-shiono
Eyes_Japan_Dataset/shiono/gesture_etc_-_38_-_hand_language_-_shiono,EyesJapanDataset/shiono/gestureetc-38-handlanguage-shiono
Eyes_Japan_Dataset/shiono/gesture_etc_-_17_-_drink_-_shiono,EyesJapanDataset/shiono/gestureetc-17-drink-shiono
Eyes_Japan_Dataset/shiono/gesture_etc_-_23_-_mobile_call_-_shiono,EyesJapanDataset/shiono/gestureetc-23-mobilecall-shiono
Eyes_Japan_Dataset/shiono/greeting_-_09_-_certificate_-_shiono,EyesJapanDataset/shiono/greeting-09-certificate-shiono
Eyes_Japan_Dataset/shiono/pose_-_09_-_pray_buddhism_-_shiono,EyesJapanDataset/shiono/pose-09-praybuddhism-shiono
Eyes_Japan_Dataset/shiono/gesture_etc_-_50_-_syuriken_-_shiono,EyesJapanDataset/shiono/gestureetc-50-syuriken-shiono
Eyes_Japan_Dataset/shiono/turn_-_03_-_look_at_-_shiono,EyesJapanDataset/shiono/turn-03-lookat-shiono
Eyes_Japan_Dataset/shiono/gesture_etc_-_49_-_taiko_under_-_shiono,EyesJapanDataset/shiono/gestureetc-49-taikounder-shiono
Eyes_Japan_Dataset/shiono/pain_-_03_-_toothache_-_shiono,EyesJapanDataset/shiono/pain-03-toothache-shiono
Eyes_Japan_Dataset/shiono/gesture_etc_-_15_-_whip_-_shiono,EyesJapanDataset/shiono/gestureetc-15-whip-shiono
Eyes_Japan_Dataset/shiono/throw_toss_-_14_-_pass_to_right_heavy_-_shiono,EyesJapanDataset/shiono/throwtoss-14-passtorightheavy-shiono
Eyes_Japan_Dataset/shiono/gesture_etc_-_03_-_set_3_-_shiono,EyesJapanDataset/shiono/gestureetc-03-set3-shiono
Eyes_Japan_Dataset/shiono/walk_-_18_-_shuffle_forward_-_shiono,EyesJapanDataset/shiono/walk-18-shuffleforward-shiono
Eyes_Japan_Dataset/shiono/gesture_etc_-_41_-_mosh_-_shiono,EyesJapanDataset/shiono/gestureetc-41-mosh-shiono
Eyes_Japan_Dataset/shiono/jump_-_10_-_rope_long_-_shiono,EyesJapanDataset/shiono/jump-10-ropelong-shiono
Eyes_Japan_Dataset/shiono/jump_-_02_-_leap_-_shiono,EyesJapanDataset/shiono/jump-02-leap-shiono
Eyes_Japan_Dataset/shiono/walk_-_11_-_baggage_on_the_head_-_shiono,EyesJapanDataset/shiono/walk-11-baggageonthehead-shiono
Eyes_Japan_Dataset/shiono/gesture_etc_-_35_-_west_side_-_shiono,EyesJapanDataset/shiono/gestureetc-35-westside-shiono
Eyes_Japan_Dataset/shiono/gesture_etc_-_10_-_snip_nail_-_shiono,EyesJapanDataset/shiono/gestureetc-10-snipnail-shiono
Eyes_Japan_Dataset/shiono/jump_-_09_-_rope_cross_-_shiono,EyesJapanDataset/shiono/jump-09-ropecross-shiono
Eyes_Japan_Dataset/shiono/greeting_-_10_-_card_exchange_-_shiono,EyesJapanDataset/shiono/greeting-10-cardexchange-shiono
Eyes_Japan_Dataset/shiono/gesture_etc_-_02_-_set_2_-_shiono,EyesJapanDataset/shiono/gestureetc-02-set2-shiono
Eyes_Japan_Dataset/shiono/gesture_etc_-_25_-_magic_-_shiono,EyesJapanDataset/shiono/gestureetc-25-magic-shiono
Eyes_Japan_Dataset/shiono/gesture_etc_-_21_-_clapping_-_shiono,EyesJapanDataset/shiono/gestureetc-21-clapping-shiono
Eyes_Japan_Dataset/takiguchi/walk_-_27_-_thinking_-_takiguchi,EyesJapanDataset/takiguchi/walk-27-thinking-takiguchi
Eyes_Japan_Dataset/takiguchi/jump_-_08_-_rope_backward_-_takiguchi,EyesJapanDataset/takiguchi/jump-08-ropebackward-takiguchi
Eyes_Japan_Dataset/takiguchi/greeting_-_02_-_bye_-_takiguchi,EyesJapanDataset/takiguchi/greeting-02-bye-takiguchi
Eyes_Japan_Dataset/takiguchi/greeting_-_04_-_salute_(head)_-_takiguchi,EyesJapanDataset/takiguchi/greeting-04-salute(head)-takiguchi
Eyes_Japan_Dataset/takiguchi/pose_-_10_-_recall_blackmagic_-_takiguchi,EyesJapanDataset/takiguchi/pose-10-recallblackmagic-takiguchi
Eyes_Japan_Dataset/takiguchi/walk_-_08_-_lookfor_-_takiguchi,EyesJapanDataset/takiguchi/walk-08-lookfor-takiguchi
Eyes_Japan_Dataset/takiguchi/accident_-_12_-_twist_foot_-_takiguchi,EyesJapanDataset/takiguchi/accident-12-twistfoot-takiguchi
Eyes_Japan_Dataset/takiguchi/greeting_-_08_-_shakehands_-_takiguchi,EyesJapanDataset/takiguchi/greeting-08-shakehands-takiguchi
Eyes_Japan_Dataset/takiguchi/sitdown_standup_-_09_-_squat_down_-_takiguchi,EyesJapanDataset/takiguchi/sitdownstandup-09-squatdown-takiguchi
Eyes_Japan_Dataset/takiguchi/walk_-_24_-_listless_-_takiguchi,EyesJapanDataset/takiguchi/walk-24-listless-takiguchi
Eyes_Japan_Dataset/takiguchi/throw_toss_-_19_-_pass_to_front_light_-_takiguchi,EyesJapanDataset/takiguchi/throwtoss-19-passtofrontlight-takiguchi
Eyes_Japan_Dataset/takiguchi/greeting_-_01_-_hello_-_takiguchi,EyesJapanDataset/takiguchi/greeting-01-hello-takiguchi
Eyes_Japan_Dataset/takiguchi/jump_-_06_-_rope_normal_run_fast_-_takiguchi,EyesJapanDataset/takiguchi/jump-06-ropenormalrunfast-takiguchi
Eyes_Japan_Dataset/takiguchi/walk_-_28_-_look_up_-_takiguchi,EyesJapanDataset/takiguchi/walk-28-lookup-takiguchi
Eyes_Japan_Dataset/takiguchi/walk_-_15_-_pull_-_takiguchi,EyesJapanDataset/takiguchi/walk-15-pull-takiguchi
Eyes_Japan_Dataset/takiguchi/pose_-_07_-_pray_cross_-_takiguchi,EyesJapanDataset/takiguchi/pose-07-praycross-takiguchi
Eyes_Japan_Dataset/takiguchi/pose_-_09_-_pray_buddhism_-_takiguchi,EyesJapanDataset/takiguchi/pose-09-praybuddhism-takiguchi
Eyes_Japan_Dataset/takiguchi/walk_-_10_-_shoulder_bag_-_takiguchi,EyesJapanDataset/takiguchi/walk-10-shoulderbag-takiguchi
Eyes_Japan_Dataset/takiguchi/greeting_-_07_-_bow_-_takiguchi,EyesJapanDataset/takiguchi/greeting-07-bow-takiguchi
Eyes_Japan_Dataset/takiguchi/walk_-_11_-_baggage_on_the_head_-_takiguchi,EyesJapanDataset/takiguchi/walk-11-baggageonthehead-takiguchi
Eyes_Japan_Dataset/takiguchi/accident_-_01_-_dodge_-_takiguchi,EyesJapanDataset/takiguchi/accident-01-dodge-takiguchi
Eyes_Japan_Dataset/takiguchi/jump_-_02_-_leap_-_takiguchi,EyesJapanDataset/takiguchi/jump-02-leap-takiguchi
Eyes_Japan_Dataset/takiguchi/sitdown_standup_-_16_-_reseat_-_takiguchi,EyesJapanDataset/takiguchi/sitdownstandup-16-reseat-takiguchi
Eyes_Japan_Dataset/takiguchi/accident_-_08_-_damage_rightfoot_-_takiguchi,EyesJapanDataset/takiguchi/accident-08-damagerightfoot-takiguchi
Eyes_Japan_Dataset/takiguchi/walk_-_19_-_shuffle_backward_-_takiguchi,EyesJapanDataset/takiguchi/walk-19-shufflebackward-takiguchi
Eyes_Japan_Dataset/takiguchi/walk_-_05_-_backward_-_takiguchi,EyesJapanDataset/takiguchi/walk-05-backward-takiguchi
Eyes_Japan_Dataset/takiguchi/pose_-_20_-_zombee_-_takiguchi,EyesJapanDataset/takiguchi/pose-20-zombee-takiguchi
Eyes_Japan_Dataset/takiguchi/turn_-_03_-_look_at_-_takiguchi,EyesJapanDataset/takiguchi/turn-03-lookat-takiguchi
Eyes_Japan_Dataset/takiguchi/throw_toss_-_08_-_frisbee_-_takiguchi,EyesJapanDataset/takiguchi/throwtoss-08-frisbee-takiguchi
Eyes_Japan_Dataset/takiguchi/accident_-_13_-_damage_back_-_takiguchi,EyesJapanDataset/takiguchi/accident-13-damageback-takiguchi
Eyes_Japan_Dataset/takiguchi/walk_-_25_-_tired_-_takiguchi,EyesJapanDataset/takiguchi/walk-25-tired-takiguchi
Eyes_Japan_Dataset/takiguchi/greeting_-_03_-_election_-_takiguchi,EyesJapanDataset/takiguchi/greeting-03-election-takiguchi
Eyes_Japan_Dataset/takiguchi/throw_toss_-_16_-_pass_to_left_heavy_-_takiguchi,EyesJapanDataset/takiguchi/throwtoss-16-passtoleftheavy-takiguchi
Eyes_Japan_Dataset/takiguchi/greeting_-_09_-_certificate_-_takiguchi,EyesJapanDataset/takiguchi/greeting-09-certificate-takiguchi
Eyes_Japan_Dataset/kudo/gesture_etc_-_32_-_no_-_kudo,EyesJapanDataset/kudo/gestureetc-32-no-kudo
Eyes_Japan_Dataset/kudo/gesture_etc_-_38_-_hand_language_-_kudo,EyesJapanDataset/kudo/gestureetc-38-handlanguage-kudo
Eyes_Japan_Dataset/kudo/gesture_etc_-_25_-_magic_-_kudo,EyesJapanDataset/kudo/gestureetc-25-magic-kudo
Eyes_Japan_Dataset/kudo/greeting_-_09_-_certificate_-_kudo,EyesJapanDataset/kudo/greeting-09-certificate-kudo
Eyes_Japan_Dataset/kudo/walk_-_02_-_drank_-_kudo,EyesJapanDataset/kudo/walk-02-drank-kudo
Eyes_Japan_Dataset/kudo/gesture_etc_-_51_-_cramp_-_kudo,EyesJapanDataset/kudo/gestureetc-51-cramp-kudo
Eyes_Japan_Dataset/kudo/gesture_etc_-_21_-_clapping_-_kudo,EyesJapanDataset/kudo/gestureetc-21-clapping-kudo
Eyes_Japan_Dataset/kudo/walk_-_07_-_moonwalk_-_kudo,EyesJapanDataset/kudo/walk-07-moonwalk-kudo
Eyes_Japan_Dataset/kudo/walk_-_26_-_exhausted_-_kudo,EyesJapanDataset/kudo/walk-26-exhausted-kudo
Eyes_Japan_Dataset/kudo/gesture_etc_-_30_-_fxxk_-_kudo,EyesJapanDataset/kudo/gestureetc-30-fxxk-kudo
Eyes_Japan_Dataset/kudo/jump_-_07_-_rope_double_-_kudo,EyesJapanDataset/kudo/jump-07-ropedouble-kudo
Eyes_Japan_Dataset/kudo/gesture_etc_-_29_-_pantomime_-_kudo,EyesJapanDataset/kudo/gestureetc-29-pantomime-kudo
Eyes_Japan_Dataset/kudo/greeting_-_08_-_shakehands_-_kudo,EyesJapanDataset/kudo/greeting-08-shakehands-kudo
Eyes_Japan_Dataset/kudo/gesture_etc_-_27_-_hit_cockroach_-_kudo,EyesJapanDataset/kudo/gestureetc-27-hitcockroach-kudo
Eyes_Japan_Dataset/kudo/walk_-_08_-_lookfor_-_kudo,EyesJapanDataset/kudo/walk-08-lookfor-kudo
Eyes_Japan_Dataset/kudo/walk_-_04_-_fast_-_kudo,EyesJapanDataset/kudo/walk-04-fast-kudo
Eyes_Japan_Dataset/kudo/gesture_etc_-_26_-_hit_mosquito_-_kudo,EyesJapanDataset/kudo/gestureetc-26-hitmosquito-kudo
Eyes_Japan_Dataset/kudo/gesture_etc_-_10_-_snip_nail_-_kudo,EyesJapanDataset/kudo/gestureetc-10-snipnail-kudo
Eyes_Japan_Dataset/kudo/gesture_etc_-_22_-_mobile_receive_-_kudo,EyesJapanDataset/kudo/gestureetc-22-mobilereceive-kudo
Eyes_Japan_Dataset/kudo/gesture_etc_-_49_-_taiko_under_-_kudo,EyesJapanDataset/kudo/gestureetc-49-taikounder-kudo
Eyes_Japan_Dataset/kudo/gesture_etc_-_18_-_eat_-_kudo,EyesJapanDataset/kudo/gestureetc-18-eat-kudo
Eyes_Japan_Dataset/kudo/walk_-_23_-_shuffle_oneleg_-_kudo,EyesJapanDataset/kudo/walk-23-shuffleoneleg-kudo
Eyes_Japan_Dataset/kudo/gesture_etc_-_16_-_dryer_-_kudo,EyesJapanDataset/kudo/gestureetc-16-dryer-kudo
Eyes_Japan_Dataset/kudo/sitdown_standup_-_14_-_hold_chair_-_kudo,EyesJapanDataset/kudo/sitdownstandup-14-holdchair-kudo
Eyes_Japan_Dataset/kudo/jump_-_05_-_rope_normal_run_-_kudo,EyesJapanDataset/kudo/jump-05-ropenormalrun-kudo
Eyes_Japan_Dataset/kudo/jump_-_11_-_warmup_-_kudo,EyesJapanDataset/kudo/jump-11-warmup-kudo
Eyes_Japan_Dataset/kudo/gesture_etc_-_33_-_watch_here_-_kudo,EyesJapanDataset/kudo/gestureetc-33-watchhere-kudo
Eyes_Japan_Dataset/kudo/greeting_-_07_-_bow_-_kudo,EyesJapanDataset/kudo/greeting-07-bow-kudo
Eyes_Japan_Dataset/kudo/gesture_etc_-_12_-_juggling_real_-_kudo,EyesJapanDataset/kudo/gestureetc-12-jugglingreal-kudo
Eyes_Japan_Dataset/kudo/gesture_etc_-_19_-_fold_legs_-_kudo,EyesJapanDataset/kudo/gestureetc-19-foldlegs-kudo
Eyes_Japan_Dataset/kudo/sitdown_standup_-_16_-_reseat_-_kudo,EyesJapanDataset/kudo/sitdownstandup-16-reseat-kudo
Eyes_Japan_Dataset/kudo/greeting_-_03_-_election_-_kudo,EyesJapanDataset/kudo/greeting-03-election-kudo
Eyes_Japan_Dataset/kudo/greeting_-_10_-_card_exchange_-_kudo,EyesJapanDataset/kudo/greeting-10-cardexchange-kudo
Eyes_Japan_Dataset/kudo/walk_-_18_-_shuffle_forward_-_kudo,EyesJapanDataset/kudo/walk-18-shuffleforward-kudo
Eyes_Japan_Dataset/kudo/pain_-_03_-_toothache_-_kudo,EyesJapanDataset/kudo/pain-03-toothache-kudo
Eyes_Japan_Dataset/kudo/gesture_etc_-_14_-_apologize_-_kudo,EyesJapanDataset/kudo/gestureetc-14-apologize-kudo
Eyes_Japan_Dataset/kudo/gesture_etc_-_15_-_whip_-_kudo,EyesJapanDataset/kudo/gestureetc-15-whip-kudo
Eyes_Japan_Dataset/kudo/jump_-_06_-_rope_normal_run_fast_-_kudo,EyesJapanDataset/kudo/jump-06-ropenormalrunfast-kudo
Eyes_Japan_Dataset/kudo/gesture_etc_-_41_-_mosh_-_kudo,EyesJapanDataset/kudo/gestureetc-41-mosh-kudo
Eyes_Japan_Dataset/kanno/pose_-_15_-_look_down_-_kanno,EyesJapanDataset/kanno/pose-15-lookdown-kanno
Eyes_Japan_Dataset/kanno/jump_-_12_-_boxer_step_-_kanno,EyesJapanDataset/kanno/jump-12-boxerstep-kanno
Eyes_Japan_Dataset/kanno/accident_-_15_-_knock_head_2_-_kanno,EyesJapanDataset/kanno/accident-15-knockhead2-kanno
Eyes_Japan_Dataset/kanno/walk_-_17_-_push_by_back_-_kanno,EyesJapanDataset/kanno/walk-17-pushbyback-kanno
Eyes_Japan_Dataset/kanno/walk_-_07_-_moonwalk_-_kanno,EyesJapanDataset/kanno/walk-07-moonwalk-kanno
Eyes_Japan_Dataset/kanno/sitdown_standup_-_01_-_impolite_-_kanno,EyesJapanDataset/kanno/sitdownstandup-01-impolite-kanno
Eyes_Japan_Dataset/kanno/greeting_-_03_-_election_-_kanno,EyesJapanDataset/kanno/greeting-03-election-kanno
Eyes_Japan_Dataset/kanno/accident_-_01_-_dodge_-_kanno,EyesJapanDataset/kanno/accident-01-dodge-kanno
Eyes_Japan_Dataset/kanno/pose_-_20_-_zombee_-_kanno,EyesJapanDataset/kanno/pose-20-zombee-kanno
Eyes_Japan_Dataset/kanno/walk_-_08_-_lookfor_-_kanno,EyesJapanDataset/kanno/walk-08-lookfor-kanno
Eyes_Japan_Dataset/kanno/walk_-_11_-_baggage_on_the_head_-_kanno,EyesJapanDataset/kanno/walk-11-baggageonthehead-kanno
Eyes_Japan_Dataset/kanno/gesture_etc_-_45_-_feel_dizzy_-_kanno,EyesJapanDataset/kanno/gestureetc-45-feeldizzy-kanno
Eyes_Japan_Dataset/kanno/throw_toss_-_04_-_both_hands_over_light_-_kanno,EyesJapanDataset/kanno/throwtoss-04-bothhandsoverlight-kanno
Eyes_Japan_Dataset/kanno/walk_-_03_-_sneak_-_kanno,EyesJapanDataset/kanno/walk-03-sneak-kanno
Eyes_Japan_Dataset/kanno/gesture_etc_-_40_-_head_banging_-_kanno,EyesJapanDataset/kanno/gestureetc-40-headbanging-kanno
Eyes_Japan_Dataset/kanno/accident_-_12_-_twist_foot_-_kanno,EyesJapanDataset/kanno/accident-12-twistfoot-kanno
Eyes_Japan_Dataset/kanno/walk_-_19_-_shuffle_backward_-_kanno,EyesJapanDataset/kanno/walk-19-shufflebackward-kanno
Eyes_Japan_Dataset/kanno/walk_-_10_-_shoulder_bag_-_kanno,EyesJapanDataset/kanno/walk-10-shoulderbag-kanno
Eyes_Japan_Dataset/kanno/greeting_-_07_-_bow_-_kanno,EyesJapanDataset/kanno/greeting-07-bow-kanno
Eyes_Japan_Dataset/kanno/accident_-_13_-_damage_back_-_kanno,EyesJapanDataset/kanno/accident-13-damageback-kanno
Eyes_Japan_Dataset/kanno/jump_-_10_-_rope_long_-_kanno,EyesJapanDataset/kanno/jump-10-ropelong-kanno
Eyes_Japan_Dataset/kanno/jump_-_08_-_rope_backward_-_kanno,EyesJapanDataset/kanno/jump-08-ropebackward-kanno
Eyes_Japan_Dataset/kanno/pose_-_13_-_model_-_kanno,EyesJapanDataset/kanno/pose-13-model-kanno
Eyes_Japan_Dataset/kanno/walk_-_06_-_catwalk_-_kanno,EyesJapanDataset/kanno/walk-06-catwalk-kanno
Eyes_Japan_Dataset/kanno/greeting_-_01_-_hello_-_kanno,EyesJapanDataset/kanno/greeting-01-hello-kanno
Eyes_Japan_Dataset/kanno/accident_-_04_-_damage_right_leg_-_kanno,EyesJapanDataset/kanno/accident-04-damagerightleg-kanno
Eyes_Japan_Dataset/kanno/sitdown_standup_-_11_-_one_knee_drawn_up_-_kanno,EyesJapanDataset/kanno/sitdownstandup-11-onekneedrawnup-kanno
Eyes_Japan_Dataset/kanno/accident_-_10_-_spasm_-_kanno,EyesJapanDataset/kanno/accident-10-spasm-kanno
Eyes_Japan_Dataset/kanno/gesture_etc_-_46_-_vomit_of_blood_-_kanno,EyesJapanDataset/kanno/gestureetc-46-vomitofblood-kanno
Eyes_Japan_Dataset/kanno/throw_toss_-_05_-_both_hands_over_heavy_-_kanno,EyesJapanDataset/kanno/throwtoss-05-bothhandsoverheavy-kanno
Eyes_Japan_Dataset/kanno/gesture_etc_-_50_-_syuriken_-_kanno,EyesJapanDataset/kanno/gestureetc-50-syuriken-kanno
Eyes_Japan_Dataset/kanno/pose_-_17_-_one_leg_-_kanno,EyesJapanDataset/kanno/pose-17-oneleg-kanno
Eyes_Japan_Dataset/kanno/sitdown_standup_-_10_-_observe_-_kanno,EyesJapanDataset/kanno/sitdownstandup-10-observe-kanno
Eyes_Japan_Dataset/kanno/sitdown_standup_-_14_-_hold_chair_-_kanno,EyesJapanDataset/kanno/sitdownstandup-14-holdchair-kanno
Eyes_Japan_Dataset/yokoyama/karate_-_06_-_back_kick_-_yokoyama,EyesJapanDataset/yokoyama/karate-06-backkick-yokoyama
Eyes_Japan_Dataset/yokoyama/karate_-_08_-_jab_-_yokoyama,EyesJapanDataset/yokoyama/karate-08-jab-yokoyama
Eyes_Japan_Dataset/yokoyama/karate_-_07_-_kakato_otoshi_-_yokoyama,EyesJapanDataset/yokoyama/karate-07-kakatootoshi-yokoyama
Eyes_Japan_Dataset/kaiwa/pose_-_18_-_applause_-_kaiwa,EyesJapanDataset/kaiwa/pose-18-applause-kaiwa
Eyes_Japan_Dataset/kaiwa/pose_-_10_-_recall_blackmagic_-_kaiwa,EyesJapanDataset/kaiwa/pose-10-recallblackmagic-kaiwa
Eyes_Japan_Dataset/kaiwa/accident_-_13_-_damage_back_-_kaiwa,EyesJapanDataset/kaiwa/accident-13-damageback-kaiwa
Eyes_Japan_Dataset/kaiwa/pose_-_02_-_rest_-_kaiwa,EyesJapanDataset/kaiwa/pose-02-rest-kaiwa
Eyes_Japan_Dataset/kaiwa/accident_-_14_-_dodge_turn_down_-_kaiwa,EyesJapanDataset/kaiwa/accident-14-dodgeturndown-kaiwa
Eyes_Japan_Dataset/kaiwa/walk_-_26_-_exhausted_-_kaiwa,EyesJapanDataset/kaiwa/walk-26-exhausted-kaiwa
Eyes_Japan_Dataset/kaiwa/gesture_etc_-_29_-_pantomime_-_kaiwa,EyesJapanDataset/kaiwa/gestureetc-29-pantomime-kaiwa
Eyes_Japan_Dataset/kaiwa/pose_-_14_-_look_up_-_kaiwa,EyesJapanDataset/kaiwa/pose-14-lookup-kaiwa
Eyes_Japan_Dataset/kaiwa/pose_-_09_-_pray_buddhism_-_kaiwa,EyesJapanDataset/kaiwa/pose-09-praybuddhism-kaiwa
Eyes_Japan_Dataset/kaiwa/gesture_etc_-_46_-_vomit_of_blood_-_kaiwa,EyesJapanDataset/kaiwa/gestureetc-46-vomitofblood-kaiwa
Eyes_Japan_Dataset/kaiwa/throw_toss_-_19_-_pass_to_front_light_-_kaiwa,EyesJapanDataset/kaiwa/throwtoss-19-passtofrontlight-kaiwa
Eyes_Japan_Dataset/kaiwa/jump_-_02_-_leap_-_kaiwa,EyesJapanDataset/kaiwa/jump-02-leap-kaiwa
Eyes_Japan_Dataset/kaiwa/gesture_etc_-_48_-_medium_drum_-_kaiwa,EyesJapanDataset/kaiwa/gestureetc-48-mediumdrum-kaiwa
Eyes_Japan_Dataset/kaiwa/accident_-_03_-_damage_head_-_kaiwa,EyesJapanDataset/kaiwa/accident-03-damagehead-kaiwa
Eyes_Japan_Dataset/kaiwa/jump_-_04_-_horizontal_-_kaiwa,EyesJapanDataset/kaiwa/jump-04-horizontal-kaiwa
Eyes_Japan_Dataset/kaiwa/gesture_etc_-_47_-_big_drum_-_kaiwa,EyesJapanDataset/kaiwa/gestureetc-47-bigdrum-kaiwa
Eyes_Japan_Dataset/kaiwa/walk_-_29_-_look_down_-_kaiwa,EyesJapanDataset/kaiwa/walk-29-lookdown-kaiwa
Eyes_Japan_Dataset/kaiwa/pain_-_01_-_headache_-_kaiwa,EyesJapanDataset/kaiwa/pain-01-headache-kaiwa
Eyes_Japan_Dataset/kaiwa/pose_-_17_-_one_leg_-_kaiwa,EyesJapanDataset/kaiwa/pose-17-oneleg-kaiwa
Eyes_Japan_Dataset/kaiwa/gesture_etc_-_35_-_west_side_-_kaiwa,EyesJapanDataset/kaiwa/gestureetc-35-westside-kaiwa
Eyes_Japan_Dataset/kaiwa/tennis_-_18_-_catch_netball_-_kaiwa,EyesJapanDataset/kaiwa/tennis-18-catchnetball-kaiwa
Eyes_Japan_Dataset/kaiwa/gesture_etc_-_37_-_gay_-_kaiwa,EyesJapanDataset/kaiwa/gestureetc-37-gay-kaiwa
Eyes_Japan_Dataset/kaiwa/gesture_etc_-_43_-_brush_teeth_-_kaiwa,EyesJapanDataset/kaiwa/gestureetc-43-brushteeth-kaiwa
Eyes_Japan_Dataset/kaiwa/greeting_-_08_-_shakehands_-_kaiwa,EyesJapanDataset/kaiwa/greeting-08-shakehands-kaiwa
Eyes_Japan_Dataset/kaiwa/accident_-_07_-_damage_left_arm_-_kaiwa,EyesJapanDataset/kaiwa/accident-07-damageleftarm-kaiwa
Eyes_Japan_Dataset/kaiwa/pose_-_08_-_pray_buddhismintone_-_kaiwa,EyesJapanDataset/kaiwa/pose-08-praybuddhismintone-kaiwa
Eyes_Japan_Dataset/kaiwa/turn_-_01_-_call_-_kaiwa,EyesJapanDataset/kaiwa/turn-01-call-kaiwa
Eyes_Japan_Dataset/kaiwa/accident_-_09_-_damage_leftfoot_-_kaiwa,EyesJapanDataset/kaiwa/accident-09-damageleftfoot-kaiwa
Eyes_Japan_Dataset/kaiwa/audience_-_02_-_standing_set_2_-_kaiwa,EyesJapanDataset/kaiwa/audience-02-standingset2-kaiwa
Eyes_Japan_Dataset/kaiwa/gesture_etc_-_30_-_fxxk_-_kaiwa,EyesJapanDataset/kaiwa/gestureetc-30-fxxk-kaiwa
Eyes_Japan_Dataset/kaiwa/throw_toss_-_17_-_pass_to_back_light_-_kaiwa,EyesJapanDataset/kaiwa/throwtoss-17-passtobacklight-kaiwa
Eyes_Japan_Dataset/kaiwa/gesture_etc_-_18_-_eat_-_kaiwa,EyesJapanDataset/kaiwa/gestureetc-18-eat-kaiwa
Eyes_Japan_Dataset/kaiwa/turn_-_03_-_look_at_-_kaiwa,EyesJapanDataset/kaiwa/turn-03-lookat-kaiwa
Eyes_Japan_Dataset/kaiwa/walk_-_27_-_thinking_-_kaiwa,EyesJapanDataset/kaiwa/walk-27-thinking-kaiwa
Eyes_Japan_Dataset/kaiwa/gesture_etc_-_06_-_jiggle_knee_-_kaiwa,EyesJapanDataset/kaiwa/gestureetc-06-jiggleknee-kaiwa
Eyes_Japan_Dataset/kaiwa/gesture_etc_-_01_-_set_1_-_kaiwa,EyesJapanDataset/kaiwa/gestureetc-01-set1-kaiwa
SSM_synced/20160330_03333/punching,SSMsynced/2016033003333/punching
SSM_synced/20160330_03333/walking,SSMsynced/2016033003333/walking
SSM_synced/20160330_03333/walking_01,SSMsynced/2016033003333/walking01
SSM_synced/20160330_03333/jiggle_on_toes,SSMsynced/2016033003333/jiggleontoes
SSM_synced/20160330_03333/wrists_up_down,SSMsynced/2016033003333/wristsupdown
SSM_synced/20160330_03333/chicken_wings,SSMsynced/2016033003333/chickenwings
SSM_synced/20161014_50033/ATUSquat_sync,SSMsynced/2016101450033/ATUSquatsync
SSM_synced/20161014_50033/light_hopping_loose_sync,SSMsynced/2016101450033/lighthoppingloosesync
SSM_synced/20161014_50033/punch_kick_sync,SSMsynced/2016101450033/punchkicksync
SSM_synced/20160930_50032/special_move_sync,SSMsynced/2016093050032/specialmovesync
SSM_synced/20160930_50032/clap_sync,SSMsynced/2016093050032/clapsync
SSM_synced/20160930_50032/punch_kick_sync,SSMsynced/2016093050032/punchkicksync
SSM_synced/20160930_50032/running_on_the_spot_sync,SSMsynced/2016093050032/runningonthespotsync
MPI_mosh/00111/stretches,MPImosh/00111/stretches
MPI_mosh/50021/army,MPImosh/50021/army
MPI_mosh/50021/misc_9,MPImosh/50021/misc9
MPI_mosh/50021/hips,MPImosh/50021/hips
MPI_mosh/50021/misc_7,MPImosh/50021/misc7
MPI_mosh/50027/light_hopping_stiff,MPImosh/50027/lighthoppingstiff
MPI_mosh/50027/jumping_jacks,MPImosh/50027/jumpingjacks
MPI_mosh/50022/misc_1,MPImosh/50022/misc1
MPI_mosh/50022/hips,MPImosh/50022/hips
MPI_mosh/50022/stretch,MPImosh/50022/stretch
MPI_mosh/00058/jiggles_2,MPImosh/00058/jiggles2
MPI_mosh/00093/misc,MPImosh/00093/misc
MPI_mosh/00043/simple_crouch,MPImosh/00043/simplecrouch
MPI_mosh/00043/stretches,MPImosh/00043/stretches
MPI_mosh/50007/light_hopping_stiff,MPImosh/50007/lighthoppingstiff
MPI_mosh/50007/stretches,MPImosh/50007/stretches
MPI_mosh/50007/jumping_jacks,MPImosh/50007/jumpingjacks
MPI_mosh/50025/side_to_side_hopping_1,MPImosh/50025/sidetosidehopping1
MPI_mosh/50025/one_leg_loose,MPImosh/50025/onelegloose
MPI_mosh/50020/salsa,MPImosh/50020/salsa
MPI_mosh/50020/shake_hips,MPImosh/50020/shakehips
MPI_mosh/50020/hips,MPImosh/50020/hips
MPI_mosh/50009/simple_crouch,MPImosh/50009/simplecrouch
MPI_mosh/00096/stretches,MPImosh/00096/stretches
MPI_mosh/50026/light_hopping_stiff,MPImosh/50026/lighthoppingstiff
MPI_mosh/50026/misc_1,MPImosh/50026/misc1
MPI_mosh/00059/misc,MPImosh/00059/misc
MPI_mosh/00046/stretches,MPImosh/00046/stretches
MPI_mosh/50002/hips,MPImosh/50002/hips
MPI_mosh/50004/light_hopping_stiff,MPImosh/50004/lighthoppingstiff
MPI_mosh/50004/simple_crouch,MPImosh/50004/simplecrouch
MPI_mosh/50004/stretches,MPImosh/50004/stretches
MPI_mosh/50004/misc,MPImosh/50004/misc
MPI_mosh/50004/misc_1,MPImosh/50004/misc1
MPI_mosh/00031/stretches,MPImosh/00031/stretches
BMLmovi/Subject_61_F_MoSh/Subject_61_F_1,BMLmovi/Subject61FMoSh/Subject61F1
BMLmovi/Subject_61_F_MoSh/Subject_61_F_19,BMLmovi/Subject61FMoSh/Subject61F19
BMLmovi/Subject_61_F_MoSh/Subject_61_F_7,BMLmovi/Subject61FMoSh/Subject61F7
BMLmovi/Subject_61_F_MoSh/Subject_61_F_15,BMLmovi/Subject61FMoSh/Subject61F15
BMLmovi/Subject_61_F_MoSh/Subject_61_F_9,BMLmovi/Subject61FMoSh/Subject61F9
BMLmovi/Subject_6_F_MoSh/Subject_6_F_14,BMLmovi/Subject6FMoSh/Subject6F14
BMLmovi/Subject_53_F_MoSh/Subject_53_F_9,BMLmovi/Subject53FMoSh/Subject53F9
BMLmovi/Subject_53_F_MoSh/Subject_53_F_16,BMLmovi/Subject53FMoSh/Subject53F16
BMLmovi/Subject_53_F_MoSh/Subject_53_F_5,BMLmovi/Subject53FMoSh/Subject53F5
BMLmovi/Subject_53_F_MoSh/Subject_53_F_11,BMLmovi/Subject53FMoSh/Subject53F11
BMLmovi/Subject_53_F_MoSh/Subject_53_F_17,BMLmovi/Subject53FMoSh/Subject53F17
BMLmovi/Subject_53_F_MoSh/Subject_53_F_7,BMLmovi/Subject53FMoSh/Subject53F7
BMLmovi/Subject_53_F_MoSh/Subject_53_F_13,BMLmovi/Subject53FMoSh/Subject53F13
BMLmovi/Subject_53_F_MoSh/Subject_53_F_19,BMLmovi/Subject53FMoSh/Subject53F19
BMLmovi/Subject_53_F_MoSh/Subject_53_F_1,BMLmovi/Subject53FMoSh/Subject53F1
BMLmovi/Subject_89_F_MoSh/Subject_89_F_12,BMLmovi/Subject89FMoSh/Subject89F12
BMLmovi/Subject_89_F_MoSh/Subject_89_F_2,BMLmovi/Subject89FMoSh/Subject89F2
BMLmovi/Subject_89_F_MoSh/Subject_89_F_19,BMLmovi/Subject89FMoSh/Subject89F19
BMLmovi/Subject_89_F_MoSh/Subject_89_F_14,BMLmovi/Subject89FMoSh/Subject89F14
BMLmovi/Subject_89_F_MoSh/Subject_89_F_21,BMLmovi/Subject89FMoSh/Subject89F21
BMLmovi/Subject_89_F_MoSh/Subject_89_F_11,BMLmovi/Subject89FMoSh/Subject89F11
BMLmovi/Subject_89_F_MoSh/Subject_89_F_7,BMLmovi/Subject89FMoSh/Subject89F7
BMLmovi/Subject_89_F_MoSh/Subject_89_F_8,BMLmovi/Subject89FMoSh/Subject89F8
BMLmovi/Subject_89_F_MoSh/Subject_89_F_13,BMLmovi/Subject89FMoSh/Subject89F13
BMLmovi/Subject_62_F_MoSh/Subject_62_F_21,BMLmovi/Subject62FMoSh/Subject62F21
BMLmovi/Subject_62_F_MoSh/Subject_62_F_7,BMLmovi/Subject62FMoSh/Subject62F7
BMLmovi/Subject_62_F_MoSh/Subject_62_F_14,BMLmovi/Subject62FMoSh/Subject62F14
BMLmovi/Subject_62_F_MoSh/Subject_62_F_4,BMLmovi/Subject62FMoSh/Subject62F4
BMLmovi/Subject_62_F_MoSh/Subject_62_F_12,BMLmovi/Subject62FMoSh/Subject62F12
BMLmovi/Subject_67_F_MoSh/Subject_67_F_10,BMLmovi/Subject67FMoSh/Subject67F10
BMLmovi/Subject_67_F_MoSh/Subject_67_F_13,BMLmovi/Subject67FMoSh/Subject67F13
BMLmovi/Subject_67_F_MoSh/Subject_67_F_19,BMLmovi/Subject67FMoSh/Subject67F19
BMLmovi/Subject_67_F_MoSh/Subject_67_F_17,BMLmovi/Subject67FMoSh/Subject67F17
BMLmovi/Subject_67_F_MoSh/Subject_67_F_14,BMLmovi/Subject67FMoSh/Subject67F14
BMLmovi/Subject_67_F_MoSh/Subject_67_F_11,BMLmovi/Subject67FMoSh/Subject67F11
BMLmovi/Subject_67_F_MoSh/Subject_67_F_7,BMLmovi/Subject67FMoSh/Subject67F7
BMLmovi/Subject_67_F_MoSh/Subject_67_F_6,BMLmovi/Subject67FMoSh/Subject67F6
BMLmovi/Subject_67_F_MoSh/Subject_67_F_20,BMLmovi/Subject67FMoSh/Subject67F20
BMLmovi/Subject_67_F_MoSh/Subject_67_F_2,BMLmovi/Subject67FMoSh/Subject67F2
BMLmovi/Subject_67_F_MoSh/Subject_67_F_12,BMLmovi/Subject67FMoSh/Subject67F12
BMLmovi/Subject_67_F_MoSh/Subject_67_F_9,BMLmovi/Subject67FMoSh/Subject67F9
BMLmovi/Subject_72_F_MoSh/Subject_72_F_11,BMLmovi/Subject72FMoSh/Subject72F11
BMLmovi/Subject_72_F_MoSh/Subject_72_F_18,BMLmovi/Subject72FMoSh/Subject72F18
BMLmovi/Subject_72_F_MoSh/Subject_72_F_19,BMLmovi/Subject72FMoSh/Subject72F19
BMLmovi/Subject_72_F_MoSh/Subject_72_F_12,BMLmovi/Subject72FMoSh/Subject72F12
BMLmovi/Subject_72_F_MoSh/Subject_72_F_4,BMLmovi/Subject72FMoSh/Subject72F4
BMLmovi/Subject_72_F_MoSh/Subject_72_F_20,BMLmovi/Subject72FMoSh/Subject72F20
BMLmovi/Subject_72_F_MoSh/Subject_72_F_15,BMLmovi/Subject72FMoSh/Subject72F15
BMLmovi/Subject_72_F_MoSh/Subject_72_F_17,BMLmovi/Subject72FMoSh/Subject72F17
BMLmovi/Subject_72_F_MoSh/Subject_72_F_10,BMLmovi/Subject72FMoSh/Subject72F10
BMLmovi/Subject_72_F_MoSh/Subject_72_F_21,BMLmovi/Subject72FMoSh/Subject72F21
BMLmovi/Subject_72_F_MoSh/Subject_72_F_14,BMLmovi/Subject72FMoSh/Subject72F14
BMLmovi/Subject_2_F_MoSh/Subject_2_F_1,BMLmovi/Subject2FMoSh/Subject2F1
BMLmovi/Subject_2_F_MoSh/Subject_2_F_14,BMLmovi/Subject2FMoSh/Subject2F14
BMLmovi/Subject_2_F_MoSh/Subject_2_F_5,BMLmovi/Subject2FMoSh/Subject2F5
BMLmovi/Subject_15_F_MoSh/Subject_15_F_12,BMLmovi/Subject15FMoSh/Subject15F12
BMLmovi/Subject_15_F_MoSh/Subject_15_F_18,BMLmovi/Subject15FMoSh/Subject15F18
BMLmovi/Subject_39_F_MoSh/Subject_39_F_12,BMLmovi/Subject39FMoSh/Subject39F12
BMLmovi/Subject_39_F_MoSh/Subject_39_F_20,BMLmovi/Subject39FMoSh/Subject39F20
BMLmovi/Subject_39_F_MoSh/Subject_39_F_15,BMLmovi/Subject39FMoSh/Subject39F15
BMLmovi/Subject_39_F_MoSh/Subject_39_F_17,BMLmovi/Subject39FMoSh/Subject39F17
BMLmovi/Subject_39_F_MoSh/Subject_39_F_3,BMLmovi/Subject39FMoSh/Subject39F3
BMLmovi/Subject_44_F_MoSh/Subject_44_F_10,BMLmovi/Subject44FMoSh/Subject44F10
BMLmovi/Subject_44_F_MoSh/Subject_44_F_13,BMLmovi/Subject44FMoSh/Subject44F13
BMLmovi/Subject_44_F_MoSh/Subject_44_F_17,BMLmovi/Subject44FMoSh/Subject44F17
BMLmovi/Subject_44_F_MoSh/Subject_44_F_20,BMLmovi/Subject44FMoSh/Subject44F20
BMLmovi/Subject_44_F_MoSh/Subject_44_F_12,BMLmovi/Subject44FMoSh/Subject44F12
BMLmovi/Subject_79_F_MoSh/Subject_79_F_11,BMLmovi/Subject79FMoSh/Subject79F11
BMLmovi/Subject_79_F_MoSh/Subject_79_F_10,BMLmovi/Subject79FMoSh/Subject79F10
BMLmovi/Subject_79_F_MoSh/Subject_79_F_14,BMLmovi/Subject79FMoSh/Subject79F14
BMLmovi/Subject_79_F_MoSh/Subject_79_F_19,BMLmovi/Subject79FMoSh/Subject79F19
BMLmovi/Subject_79_F_MoSh/Subject_79_F_13,BMLmovi/Subject79FMoSh/Subject79F13
BMLmovi/Subject_79_F_MoSh/Subject_79_F_18,BMLmovi/Subject79FMoSh/Subject79F18
BMLmovi/Subject_16_F_MoSh/Subject_16_F_6,BMLmovi/Subject16FMoSh/Subject16F6
BMLmovi/Subject_16_F_MoSh/Subject_16_F_10,BMLmovi/Subject16FMoSh/Subject16F10
BMLmovi/Subject_33_F_MoSh/Subject_33_F_1,BMLmovi/Subject33FMoSh/Subject33F1
BMLmovi/Subject_33_F_MoSh/Subject_33_F_20,BMLmovi/Subject33FMoSh/Subject33F20
BMLmovi/Subject_33_F_MoSh/Subject_33_F_19,BMLmovi/Subject33FMoSh/Subject33F19
BMLmovi/Subject_33_F_MoSh/Subject_33_F_16,BMLmovi/Subject33FMoSh/Subject33F16
BMLmovi/Subject_33_F_MoSh/Subject_33_F_7,BMLmovi/Subject33FMoSh/Subject33F7
BMLmovi/Subject_33_F_MoSh/Subject_33_F_13,BMLmovi/Subject33FMoSh/Subject33F13
BMLmovi/Subject_56_F_MoSh/Subject_56_F_5,BMLmovi/Subject56FMoSh/Subject56F5
BMLmovi/Subject_56_F_MoSh/Subject_56_F_18,BMLmovi/Subject56FMoSh/Subject56F18
BMLmovi/Subject_56_F_MoSh/Subject_56_F_6,BMLmovi/Subject56FMoSh/Subject56F6
BMLmovi/Subject_56_F_MoSh/Subject_56_F_10,BMLmovi/Subject56FMoSh/Subject56F10
BMLmovi/Subject_56_F_MoSh/Subject_56_F_16,BMLmovi/Subject56FMoSh/Subject56F16
BMLmovi/Subject_38_F_MoSh/Subject_38_F_18,BMLmovi/Subject38FMoSh/Subject38F18
BMLmovi/Subject_38_F_MoSh/Subject_38_F_9,BMLmovi/Subject38FMoSh/Subject38F9
BMLmovi/Subject_38_F_MoSh/Subject_38_F_21,BMLmovi/Subject38FMoSh/Subject38F21
BMLmovi/Subject_38_F_MoSh/Subject_38_F_15,BMLmovi/Subject38FMoSh/Subject38F15
BMLmovi/Subject_64_F_MoSh/Subject_64_F_15,BMLmovi/Subject64FMoSh/Subject64F15
BMLmovi/Subject_64_F_MoSh/Subject_64_F_14,BMLmovi/Subject64FMoSh/Subject64F14
BMLmovi/Subject_64_F_MoSh/Subject_64_F_16,BMLmovi/Subject64FMoSh/Subject64F16
BMLmovi/Subject_64_F_MoSh/Subject_64_F_4,BMLmovi/Subject64FMoSh/Subject64F4
BMLmovi/Subject_64_F_MoSh/Subject_64_F_1,BMLmovi/Subject64FMoSh/Subject64F1
BMLmovi/Subject_64_F_MoSh/Subject_64_F_11,BMLmovi/Subject64FMoSh/Subject64F11
BMLmovi/Subject_64_F_MoSh/Subject_64_F_8,BMLmovi/Subject64FMoSh/Subject64F8
BMLmovi/Subject_64_F_MoSh/Subject_64_F_20,BMLmovi/Subject64FMoSh/Subject64F20
BMLmovi/Subject_64_F_MoSh/Subject_64_F_17,BMLmovi/Subject64FMoSh/Subject64F17
BMLmovi/Subject_13_F_MoSh/Subject_13_F_15,BMLmovi/Subject13FMoSh/Subject13F15
BMLmovi/Subject_13_F_MoSh/Subject_13_F_13,BMLmovi/Subject13FMoSh/Subject13F13
BMLmovi/Subject_13_F_MoSh/Subject_13_F_3,BMLmovi/Subject13FMoSh/Subject13F3
BMLmovi/Subject_85_F_MoSh/Subject_85_F_10,BMLmovi/Subject85FMoSh/Subject85F10
BMLmovi/Subject_85_F_MoSh/Subject_85_F_8,BMLmovi/Subject85FMoSh/Subject85F8
BMLmovi/Subject_85_F_MoSh/Subject_85_F_9,BMLmovi/Subject85FMoSh/Subject85F9
BMLmovi/Subject_85_F_MoSh/Subject_85_F_1,BMLmovi/Subject85FMoSh/Subject85F1
BMLmovi/Subject_85_F_MoSh/Subject_85_F_6,BMLmovi/Subject85FMoSh/Subject85F6
BMLmovi/Subject_85_F_MoSh/Subject_85_F_21,BMLmovi/Subject85FMoSh/Subject85F21
BMLmovi/Subject_85_F_MoSh/Subject_85_F_2,BMLmovi/Subject85FMoSh/Subject85F2
BMLmovi/Subject_85_F_MoSh/Subject_85_F_14,BMLmovi/Subject85FMoSh/Subject85F14
BMLmovi/Subject_85_F_MoSh/Subject_85_F_18,BMLmovi/Subject85FMoSh/Subject85F18
BMLmovi/Subject_1_F_MoSh/Subject_1_F_14,BMLmovi/Subject1FMoSh/Subject1F14
BMLmovi/Subject_19_F_MoSh/Subject_19_F_11,BMLmovi/Subject19FMoSh/Subject19F11
BMLmovi/Subject_19_F_MoSh/Subject_19_F_2,BMLmovi/Subject19FMoSh/Subject19F2
BMLmovi/Subject_88_F_MoSh/Subject_88_F_12,BMLmovi/Subject88FMoSh/Subject88F12
BMLmovi/Subject_88_F_MoSh/Subject_88_F_17,BMLmovi/Subject88FMoSh/Subject88F17
BMLmovi/Subject_88_F_MoSh/Subject_88_F_7,BMLmovi/Subject88FMoSh/Subject88F7
BMLmovi/Subject_88_F_MoSh/Subject_88_F_20,BMLmovi/Subject88FMoSh/Subject88F20
BMLmovi/Subject_88_F_MoSh/Subject_88_F_3,BMLmovi/Subject88FMoSh/Subject88F3
BMLmovi/Subject_88_F_MoSh/Subject_88_F_11,BMLmovi/Subject88FMoSh/Subject88F11
BMLmovi/Subject_88_F_MoSh/Subject_88_F_1,BMLmovi/Subject88FMoSh/Subject88F1
BMLmovi/Subject_88_F_MoSh/Subject_88_F_15,BMLmovi/Subject88FMoSh/Subject88F15
BMLmovi/Subject_45_F_MoSh/Subject_45_F_15,BMLmovi/Subject45FMoSh/Subject45F15
BMLmovi/Subject_45_F_MoSh/Subject_45_F_16,BMLmovi/Subject45FMoSh/Subject45F16
BMLmovi/Subject_45_F_MoSh/Subject_45_F_9,BMLmovi/Subject45FMoSh/Subject45F9
BMLmovi/Subject_45_F_MoSh/Subject_45_F_11,BMLmovi/Subject45FMoSh/Subject45F11
BMLmovi/Subject_45_F_MoSh/Subject_45_F_5,BMLmovi/Subject45FMoSh/Subject45F5
BMLmovi/Subject_45_F_MoSh/Subject_45_F_21,BMLmovi/Subject45FMoSh/Subject45F21
BMLmovi/Subject_66_F_MoSh/Subject_66_F_15,BMLmovi/Subject66FMoSh/Subject66F15
BMLmovi/Subject_66_F_MoSh/Subject_66_F_10,BMLmovi/Subject66FMoSh/Subject66F10
BMLmovi/Subject_66_F_MoSh/Subject_66_F_9,BMLmovi/Subject66FMoSh/Subject66F9
BMLmovi/Subject_66_F_MoSh/Subject_66_F_12,BMLmovi/Subject66FMoSh/Subject66F12
BMLmovi/Subject_52_F_MoSh/Subject_52_F_5,BMLmovi/Subject52FMoSh/Subject52F5
BMLmovi/Subject_52_F_MoSh/Subject_52_F_17,BMLmovi/Subject52FMoSh/Subject52F17
BMLmovi/Subject_52_F_MoSh/Subject_52_F_12,BMLmovi/Subject52FMoSh/Subject52F12
BMLmovi/Subject_52_F_MoSh/Subject_52_F_2,BMLmovi/Subject52FMoSh/Subject52F2
BMLmovi/Subject_52_F_MoSh/Subject_52_F_7,BMLmovi/Subject52FMoSh/Subject52F7
BMLmovi/Subject_52_F_MoSh/Subject_52_F_6,BMLmovi/Subject52FMoSh/Subject52F6
BMLmovi/Subject_52_F_MoSh/Subject_52_F_10,BMLmovi/Subject52FMoSh/Subject52F10
BMLmovi/Subject_52_F_MoSh/Subject_52_F_14,BMLmovi/Subject52FMoSh/Subject52F14
BMLmovi/Subject_52_F_MoSh/Subject_52_F_15,BMLmovi/Subject52FMoSh/Subject52F15
BMLmovi/Subject_35_F_MoSh/Subject_35_F_6,BMLmovi/Subject35FMoSh/Subject35F6
BMLmovi/Subject_35_F_MoSh/Subject_35_F_14,BMLmovi/Subject35FMoSh/Subject35F14
BMLmovi/Subject_35_F_MoSh/Subject_35_F_21,BMLmovi/Subject35FMoSh/Subject35F21
BMLmovi/Subject_80_F_MoSh/Subject_80_F_4,BMLmovi/Subject80FMoSh/Subject80F4
BMLmovi/Subject_80_F_MoSh/Subject_80_F_19,BMLmovi/Subject80FMoSh/Subject80F19
BMLmovi/Subject_80_F_MoSh/Subject_80_F_16,BMLmovi/Subject80FMoSh/Subject80F16
BMLmovi/Subject_80_F_MoSh/Subject_80_F_9,BMLmovi/Subject80FMoSh/Subject80F9
BMLmovi/Subject_80_F_MoSh/Subject_80_F_5,BMLmovi/Subject80FMoSh/Subject80F5
BMLmovi/Subject_80_F_MoSh/Subject_80_F_8,BMLmovi/Subject80FMoSh/Subject80F8
BMLmovi/Subject_80_F_MoSh/Subject_80_F_1,BMLmovi/Subject80FMoSh/Subject80F1
BMLmovi/Subject_80_F_MoSh/Subject_80_F_3,BMLmovi/Subject80FMoSh/Subject80F3
BMLmovi/Subject_80_F_MoSh/Subject_80_F_14,BMLmovi/Subject80FMoSh/Subject80F14
BMLmovi/Subject_80_F_MoSh/Subject_80_F_20,BMLmovi/Subject80FMoSh/Subject80F20
BMLmovi/Subject_46_F_MoSh/Subject_46_F_10,BMLmovi/Subject46FMoSh/Subject46F10
BMLmovi/Subject_78_F_MoSh/Subject_78_F_20,BMLmovi/Subject78FMoSh/Subject78F20
BMLmovi/Subject_78_F_MoSh/Subject_78_F_5,BMLmovi/Subject78FMoSh/Subject78F5
BMLmovi/Subject_78_F_MoSh/Subject_78_F_11,BMLmovi/Subject78FMoSh/Subject78F11
BMLmovi/Subject_78_F_MoSh/Subject_78_F_6,BMLmovi/Subject78FMoSh/Subject78F6
BMLmovi/Subject_78_F_MoSh/Subject_78_F_10,BMLmovi/Subject78FMoSh/Subject78F10
BMLmovi/Subject_78_F_MoSh/Subject_78_F_13,BMLmovi/Subject78FMoSh/Subject78F13
BMLmovi/Subject_78_F_MoSh/Subject_78_F_7,BMLmovi/Subject78FMoSh/Subject78F7
BMLmovi/Subject_78_F_MoSh/Subject_78_F_15,BMLmovi/Subject78FMoSh/Subject78F15
BMLmovi/Subject_78_F_MoSh/Subject_78_F_19,BMLmovi/Subject78FMoSh/Subject78F19
BMLmovi/Subject_8_F_MoSh/Subject_8_F_12,BMLmovi/Subject8FMoSh/Subject8F12
BMLmovi/Subject_31_F_MoSh/Subject_31_F_10,BMLmovi/Subject31FMoSh/Subject31F10
BMLmovi/Subject_31_F_MoSh/Subject_31_F_13,BMLmovi/Subject31FMoSh/Subject31F13
BMLmovi/Subject_3_F_MoSh/Subject_3_F_3,BMLmovi/Subject3FMoSh/Subject3F3
BMLmovi/Subject_3_F_MoSh/Subject_3_F_20,BMLmovi/Subject3FMoSh/Subject3F20
BMLmovi/Subject_3_F_MoSh/Subject_3_F_16,BMLmovi/Subject3FMoSh/Subject3F16
BMLmovi/Subject_3_F_MoSh/Subject_3_F_14,BMLmovi/Subject3FMoSh/Subject3F14
BMLmovi/Subject_58_F_MoSh/Subject_58_F_14,BMLmovi/Subject58FMoSh/Subject58F14
BMLmovi/Subject_58_F_MoSh/Subject_58_F_21,BMLmovi/Subject58FMoSh/Subject58F21
BMLmovi/Subject_58_F_MoSh/Subject_58_F_2,BMLmovi/Subject58FMoSh/Subject58F2
BMLmovi/Subject_58_F_MoSh/Subject_58_F_9,BMLmovi/Subject58FMoSh/Subject58F9
BMLmovi/Subject_58_F_MoSh/Subject_58_F_5,BMLmovi/Subject58FMoSh/Subject58F5
BMLmovi/Subject_58_F_MoSh/Subject_58_F_17,BMLmovi/Subject58FMoSh/Subject58F17
BMLmovi/Subject_58_F_MoSh/Subject_58_F_8,BMLmovi/Subject58FMoSh/Subject58F8
BMLmovi/Subject_90_F_MoSh/Subject_90_F_6,BMLmovi/Subject90FMoSh/Subject90F6
BMLmovi/Subject_90_F_MoSh/Subject_90_F_12,BMLmovi/Subject90FMoSh/Subject90F12
BMLmovi/Subject_90_F_MoSh/Subject_90_F_7,BMLmovi/Subject90FMoSh/Subject90F7
BMLmovi/Subject_90_F_MoSh/Subject_90_F_14,BMLmovi/Subject90FMoSh/Subject90F14
BMLmovi/Subject_90_F_MoSh/Subject_90_F_18,BMLmovi/Subject90FMoSh/Subject90F18
BMLmovi/Subject_90_F_MoSh/Subject_90_F_11,BMLmovi/Subject90FMoSh/Subject90F11
BMLmovi/Subject_90_F_MoSh/Subject_90_F_17,BMLmovi/Subject90FMoSh/Subject90F17
BMLmovi/Subject_90_F_MoSh/Subject_90_F_8,BMLmovi/Subject90FMoSh/Subject90F8
BMLmovi/Subject_90_F_MoSh/Subject_90_F_21,BMLmovi/Subject90FMoSh/Subject90F21
BMLmovi/Subject_90_F_MoSh/Subject_90_F_20,BMLmovi/Subject90FMoSh/Subject90F20
BMLmovi/Subject_90_F_MoSh/Subject_90_F_16,BMLmovi/Subject90FMoSh/Subject90F16
BMLmovi/Subject_90_F_MoSh/Subject_90_F_2,BMLmovi/Subject90FMoSh/Subject90F2
BMLmovi/Subject_71_F_MoSh/Subject_71_F_14,BMLmovi/Subject71FMoSh/Subject71F14
BMLmovi/Subject_71_F_MoSh/Subject_71_F_12,BMLmovi/Subject71FMoSh/Subject71F12
BMLmovi/Subject_71_F_MoSh/Subject_71_F_2,BMLmovi/Subject71FMoSh/Subject71F2
BMLmovi/Subject_71_F_MoSh/Subject_71_F_8,BMLmovi/Subject71FMoSh/Subject71F8
BMLmovi/Subject_71_F_MoSh/Subject_71_F_19,BMLmovi/Subject71FMoSh/Subject71F19
BMLmovi/Subject_71_F_MoSh/Subject_71_F_17,BMLmovi/Subject71FMoSh/Subject71F17
BMLmovi/Subject_71_F_MoSh/Subject_71_F_3,BMLmovi/Subject71FMoSh/Subject71F3
BMLmovi/Subject_71_F_MoSh/Subject_71_F_9,BMLmovi/Subject71FMoSh/Subject71F9
BMLmovi/Subject_71_F_MoSh/Subject_71_F_6,BMLmovi/Subject71FMoSh/Subject71F6
BMLmovi/Subject_68_F_MoSh/Subject_68_F_14,BMLmovi/Subject68FMoSh/Subject68F14
BMLmovi/Subject_68_F_MoSh/Subject_68_F_4,BMLmovi/Subject68FMoSh/Subject68F4
BMLmovi/Subject_68_F_MoSh/Subject_68_F_18,BMLmovi/Subject68FMoSh/Subject68F18
BMLmovi/Subject_68_F_MoSh/Subject_68_F_5,BMLmovi/Subject68FMoSh/Subject68F5
BMLmovi/Subject_68_F_MoSh/Subject_68_F_15,BMLmovi/Subject68FMoSh/Subject68F15
BMLmovi/Subject_68_F_MoSh/Subject_68_F_13,BMLmovi/Subject68FMoSh/Subject68F13
BMLmovi/Subject_68_F_MoSh/Subject_68_F_8,BMLmovi/Subject68FMoSh/Subject68F8
BMLmovi/Subject_68_F_MoSh/Subject_68_F_9,BMLmovi/Subject68FMoSh/Subject68F9
BMLmovi/Subject_68_F_MoSh/Subject_68_F_16,BMLmovi/Subject68FMoSh/Subject68F16
BMLmovi/Subject_68_F_MoSh/Subject_68_F_3,BMLmovi/Subject68FMoSh/Subject68F3
BMLmovi/Subject_36_F_MoSh/Subject_36_F_13,BMLmovi/Subject36FMoSh/Subject36F13
BMLmovi/Subject_36_F_MoSh/Subject_36_F_7,BMLmovi/Subject36FMoSh/Subject36F7
BMLmovi/Subject_36_F_MoSh/Subject_36_F_21,BMLmovi/Subject36FMoSh/Subject36F21
BMLmovi/Subject_36_F_MoSh/Subject_36_F_15,BMLmovi/Subject36FMoSh/Subject36F15
BMLmovi/Subject_17_F_MoSh/Subject_17_F_9,BMLmovi/Subject17FMoSh/Subject17F9
BMLmovi/Subject_17_F_MoSh/Subject_17_F_12,BMLmovi/Subject17FMoSh/Subject17F12
BMLmovi/Subject_81_F_MoSh/Subject_81_F_8,BMLmovi/Subject81FMoSh/Subject81F8
BMLmovi/Subject_81_F_MoSh/Subject_81_F_11,BMLmovi/Subject81FMoSh/Subject81F11
BMLmovi/Subject_81_F_MoSh/Subject_81_F_7,BMLmovi/Subject81FMoSh/Subject81F7
BMLmovi/Subject_81_F_MoSh/Subject_81_F_10,BMLmovi/Subject81FMoSh/Subject81F10
BMLmovi/Subject_81_F_MoSh/Subject_81_F_14,BMLmovi/Subject81FMoSh/Subject81F14
BMLmovi/Subject_81_F_MoSh/Subject_81_F_16,BMLmovi/Subject81FMoSh/Subject81F16
BMLmovi/Subject_81_F_MoSh/Subject_81_F_3,BMLmovi/Subject81FMoSh/Subject81F3
BMLmovi/Subject_81_F_MoSh/Subject_81_F_17,BMLmovi/Subject81FMoSh/Subject81F17
BMLmovi/Subject_22_F_MoSh/Subject_22_F_20,BMLmovi/Subject22FMoSh/Subject22F20
BMLmovi/Subject_22_F_MoSh/Subject_22_F_16,BMLmovi/Subject22FMoSh/Subject22F16
BMLmovi/Subject_22_F_MoSh/Subject_22_F_13,BMLmovi/Subject22FMoSh/Subject22F13
BMLmovi/Subject_86_F_MoSh/Subject_86_F_3,BMLmovi/Subject86FMoSh/Subject86F3
BMLmovi/Subject_86_F_MoSh/Subject_86_F_16,BMLmovi/Subject86FMoSh/Subject86F16
BMLmovi/Subject_86_F_MoSh/Subject_86_F_15,BMLmovi/Subject86FMoSh/Subject86F15
BMLmovi/Subject_86_F_MoSh/Subject_86_F_4,BMLmovi/Subject86FMoSh/Subject86F4
BMLmovi/Subject_86_F_MoSh/Subject_86_F_2,BMLmovi/Subject86FMoSh/Subject86F2
BMLmovi/Subject_86_F_MoSh/Subject_86_F_20,BMLmovi/Subject86FMoSh/Subject86F20
BMLmovi/Subject_86_F_MoSh/Subject_86_F_5,BMLmovi/Subject86FMoSh/Subject86F5
BMLmovi/Subject_86_F_MoSh/Subject_86_F_21,BMLmovi/Subject86FMoSh/Subject86F21
BMLmovi/Subject_86_F_MoSh/Subject_86_F_1,BMLmovi/Subject86FMoSh/Subject86F1
BMLmovi/Subject_86_F_MoSh/Subject_86_F_19,BMLmovi/Subject86FMoSh/Subject86F19
BMLmovi/Subject_86_F_MoSh/Subject_86_F_10,BMLmovi/Subject86FMoSh/Subject86F10
BMLmovi/Subject_86_F_MoSh/Subject_86_F_18,BMLmovi/Subject86FMoSh/Subject86F18
BMLmovi/Subject_86_F_MoSh/Subject_86_F_7,BMLmovi/Subject86FMoSh/Subject86F7
BMLmovi/Subject_86_F_MoSh/Subject_86_F_6,BMLmovi/Subject86FMoSh/Subject86F6
BMLmovi/Subject_83_F_MoSh/Subject_83_F_12,BMLmovi/Subject83FMoSh/Subject83F12
BMLmovi/Subject_83_F_MoSh/Subject_83_F_5,BMLmovi/Subject83FMoSh/Subject83F5
BMLmovi/Subject_83_F_MoSh/Subject_83_F_18,BMLmovi/Subject83FMoSh/Subject83F18
BMLmovi/Subject_83_F_MoSh/Subject_83_F_17,BMLmovi/Subject83FMoSh/Subject83F17
BMLmovi/Subject_83_F_MoSh/Subject_83_F_8,BMLmovi/Subject83FMoSh/Subject83F8
BMLmovi/Subject_83_F_MoSh/Subject_83_F_9,BMLmovi/Subject83FMoSh/Subject83F9
BMLmovi/Subject_83_F_MoSh/Subject_83_F_7,BMLmovi/Subject83FMoSh/Subject83F7
BMLmovi/Subject_83_F_MoSh/Subject_83_F_15,BMLmovi/Subject83FMoSh/Subject83F15
BMLmovi/Subject_25_F_MoSh/Subject_25_F_7,BMLmovi/Subject25FMoSh/Subject25F7
BMLmovi/Subject_25_F_MoSh/Subject_25_F_12,BMLmovi/Subject25FMoSh/Subject25F12
BMLmovi/Subject_25_F_MoSh/Subject_25_F_4,BMLmovi/Subject25FMoSh/Subject25F4
BMLmovi/Subject_25_F_MoSh/Subject_25_F_11,BMLmovi/Subject25FMoSh/Subject25F11
BMLmovi/Subject_70_F_MoSh/Subject_70_F_21,BMLmovi/Subject70FMoSh/Subject70F21
BMLmovi/Subject_70_F_MoSh/Subject_70_F_9,BMLmovi/Subject70FMoSh/Subject70F9
BMLmovi/Subject_70_F_MoSh/Subject_70_F_14,BMLmovi/Subject70FMoSh/Subject70F14
BMLmovi/Subject_70_F_MoSh/Subject_70_F_2,BMLmovi/Subject70FMoSh/Subject70F2
BMLmovi/Subject_70_F_MoSh/Subject_70_F_11,BMLmovi/Subject70FMoSh/Subject70F11
BMLmovi/Subject_70_F_MoSh/Subject_70_F_19,BMLmovi/Subject70FMoSh/Subject70F19
BMLmovi/Subject_40_F_MoSh/Subject_40_F_11,BMLmovi/Subject40FMoSh/Subject40F11
BMLmovi/Subject_40_F_MoSh/Subject_40_F_1,BMLmovi/Subject40FMoSh/Subject40F1
BMLmovi/Subject_40_F_MoSh/Subject_40_F_18,BMLmovi/Subject40FMoSh/Subject40F18
BMLmovi/Subject_40_F_MoSh/Subject_40_F_21,BMLmovi/Subject40FMoSh/Subject40F21
BMLmovi/Subject_40_F_MoSh/Subject_40_F_15,BMLmovi/Subject40FMoSh/Subject40F15
BMLmovi/Subject_40_F_MoSh/Subject_40_F_10,BMLmovi/Subject40FMoSh/Subject40F10
BMLmovi/Subject_40_F_MoSh/Subject_40_F_2,BMLmovi/Subject40FMoSh/Subject40F2
BMLmovi/Subject_27_F_MoSh/Subject_27_F_11,BMLmovi/Subject27FMoSh/Subject27F11
BMLmovi/Subject_27_F_MoSh/Subject_27_F_19,BMLmovi/Subject27FMoSh/Subject27F19
BMLmovi/Subject_27_F_MoSh/Subject_27_F_5,BMLmovi/Subject27FMoSh/Subject27F5
BMLmovi/Subject_20_F_MoSh/Subject_20_F_10,BMLmovi/Subject20FMoSh/Subject20F10
BMLmovi/Subject_20_F_MoSh/Subject_20_F_6,BMLmovi/Subject20FMoSh/Subject20F6
BMLmovi/Subject_20_F_MoSh/Subject_20_F_21,BMLmovi/Subject20FMoSh/Subject20F21
BMLmovi/Subject_20_F_MoSh/Subject_20_F_4,BMLmovi/Subject20FMoSh/Subject20F4
BMLmovi/Subject_20_F_MoSh/Subject_20_F_1,BMLmovi/Subject20FMoSh/Subject20F1
BMLmovi/Subject_20_F_MoSh/Subject_20_F_17,BMLmovi/Subject20FMoSh/Subject20F17
BMLmovi/Subject_20_F_MoSh/Subject_20_F_13,BMLmovi/Subject20FMoSh/Subject20F13
BMLmovi/Subject_20_F_MoSh/Subject_20_F_18,BMLmovi/Subject20FMoSh/Subject20F18
BMLmovi/Subject_41_F_MoSh/Subject_41_F_12,BMLmovi/Subject41FMoSh/Subject41F12
BMLmovi/Subject_41_F_MoSh/Subject_41_F_11,BMLmovi/Subject41FMoSh/Subject41F11
BMLmovi/Subject_41_F_MoSh/Subject_41_F_6,BMLmovi/Subject41FMoSh/Subject41F6
BMLmovi/Subject_41_F_MoSh/Subject_41_F_7,BMLmovi/Subject41FMoSh/Subject41F7
BMLmovi/Subject_50_F_MoSh/Subject_50_F_18,BMLmovi/Subject50FMoSh/Subject50F18
BMLmovi/Subject_50_F_MoSh/Subject_50_F_1,BMLmovi/Subject50FMoSh/Subject50F1
BMLmovi/Subject_50_F_MoSh/Subject_50_F_5,BMLmovi/Subject50FMoSh/Subject50F5
BMLmovi/Subject_50_F_MoSh/Subject_50_F_8,BMLmovi/Subject50FMoSh/Subject50F8
BMLmovi/Subject_50_F_MoSh/Subject_50_F_14,BMLmovi/Subject50FMoSh/Subject50F14
BMLmovi/Subject_50_F_MoSh/Subject_50_F_10,BMLmovi/Subject50FMoSh/Subject50F10
BMLmovi/Subject_28_F_MoSh/Subject_28_F_13,BMLmovi/Subject28FMoSh/Subject28F13
BMLmovi/Subject_28_F_MoSh/Subject_28_F_7,BMLmovi/Subject28FMoSh/Subject28F7
BMLmovi/Subject_28_F_MoSh/Subject_28_F_16,BMLmovi/Subject28FMoSh/Subject28F16
BMLmovi/Subject_28_F_MoSh/Subject_28_F_14,BMLmovi/Subject28FMoSh/Subject28F14
BMLmovi/Subject_28_F_MoSh/Subject_28_F_1,BMLmovi/Subject28FMoSh/Subject28F1
BMLmovi/Subject_21_F_MoSh/Subject_21_F_3,BMLmovi/Subject21FMoSh/Subject21F3
BMLmovi/Subject_21_F_MoSh/Subject_21_F_5,BMLmovi/Subject21FMoSh/Subject21F5
BMLmovi/Subject_21_F_MoSh/Subject_21_F_16,BMLmovi/Subject21FMoSh/Subject21F16
BMLmovi/Subject_21_F_MoSh/Subject_21_F_12,BMLmovi/Subject21FMoSh/Subject21F12
BMLmovi/Subject_21_F_MoSh/Subject_21_F_13,BMLmovi/Subject21FMoSh/Subject21F13
BMLmovi/Subject_21_F_MoSh/Subject_21_F_21,BMLmovi/Subject21FMoSh/Subject21F21
BMLmovi/Subject_21_F_MoSh/Subject_21_F_2,BMLmovi/Subject21FMoSh/Subject21F2
BMLmovi/Subject_55_F_MoSh/Subject_55_F_4,BMLmovi/Subject55FMoSh/Subject55F4
BMLmovi/Subject_55_F_MoSh/Subject_55_F_11,BMLmovi/Subject55FMoSh/Subject55F11
BMLmovi/Subject_55_F_MoSh/Subject_55_F_10,BMLmovi/Subject55FMoSh/Subject55F10
BMLmovi/Subject_55_F_MoSh/Subject_55_F_8,BMLmovi/Subject55FMoSh/Subject55F8
BMLmovi/Subject_55_F_MoSh/Subject_55_F_17,BMLmovi/Subject55FMoSh/Subject55F17
BMLmovi/Subject_77_F_MoSh/Subject_77_F_2,BMLmovi/Subject77FMoSh/Subject77F2
BMLmovi/Subject_77_F_MoSh/Subject_77_F_3,BMLmovi/Subject77FMoSh/Subject77F3
BMLmovi/Subject_77_F_MoSh/Subject_77_F_5,BMLmovi/Subject77FMoSh/Subject77F5
BMLmovi/Subject_77_F_MoSh/Subject_77_F_15,BMLmovi/Subject77FMoSh/Subject77F15
BMLmovi/Subject_77_F_MoSh/Subject_77_F_10,BMLmovi/Subject77FMoSh/Subject77F10
BMLmovi/Subject_77_F_MoSh/Subject_77_F_17,BMLmovi/Subject77FMoSh/Subject77F17
BMLmovi/Subject_77_F_MoSh/Subject_77_F_14,BMLmovi/Subject77FMoSh/Subject77F14
BMLmovi/Subject_24_F_MoSh/Subject_24_F_11,BMLmovi/Subject24FMoSh/Subject24F11
BMLmovi/Subject_24_F_MoSh/Subject_24_F_20,BMLmovi/Subject24FMoSh/Subject24F20
BMLmovi/Subject_24_F_MoSh/Subject_24_F_8,BMLmovi/Subject24FMoSh/Subject24F8
BMLmovi/Subject_59_F_MoSh/Subject_59_F_14,BMLmovi/Subject59FMoSh/Subject59F14
BMLmovi/Subject_59_F_MoSh/Subject_59_F_13,BMLmovi/Subject59FMoSh/Subject59F13
BMLmovi/Subject_59_F_MoSh/Subject_59_F_16,BMLmovi/Subject59FMoSh/Subject59F16
BMLmovi/Subject_59_F_MoSh/Subject_59_F_12,BMLmovi/Subject59FMoSh/Subject59F12
BMLmovi/Subject_59_F_MoSh/Subject_59_F_1,BMLmovi/Subject59FMoSh/Subject59F1
BMLmovi/Subject_59_F_MoSh/Subject_59_F_17,BMLmovi/Subject59FMoSh/Subject59F17
BMLmovi/Subject_59_F_MoSh/Subject_59_F_4,BMLmovi/Subject59FMoSh/Subject59F4
BMLmovi/Subject_59_F_MoSh/Subject_59_F_7,BMLmovi/Subject59FMoSh/Subject59F7
BMLmovi/Subject_87_F_MoSh/Subject_87_F_1,BMLmovi/Subject87FMoSh/Subject87F1
BMLmovi/Subject_87_F_MoSh/Subject_87_F_5,BMLmovi/Subject87FMoSh/Subject87F5
BMLmovi/Subject_87_F_MoSh/Subject_87_F_6,BMLmovi/Subject87FMoSh/Subject87F6
BMLmovi/Subject_87_F_MoSh/Subject_87_F_2,BMLmovi/Subject87FMoSh/Subject87F2
BMLmovi/Subject_87_F_MoSh/Subject_87_F_9,BMLmovi/Subject87FMoSh/Subject87F9
BMLmovi/Subject_87_F_MoSh/Subject_87_F_16,BMLmovi/Subject87FMoSh/Subject87F16
BMLmovi/Subject_87_F_MoSh/Subject_87_F_14,BMLmovi/Subject87FMoSh/Subject87F14
BMLmovi/Subject_42_F_MoSh/Subject_42_F_2,BMLmovi/Subject42FMoSh/Subject42F2
BMLmovi/Subject_42_F_MoSh/Subject_42_F_20,BMLmovi/Subject42FMoSh/Subject42F20
BMLmovi/Subject_42_F_MoSh/Subject_42_F_15,BMLmovi/Subject42FMoSh/Subject42F15
BMLmovi/Subject_42_F_MoSh/Subject_42_F_3,BMLmovi/Subject42FMoSh/Subject42F3
BMLmovi/Subject_47_F_MoSh/Subject_47_F_9,BMLmovi/Subject47FMoSh/Subject47F9
BMLmovi/Subject_47_F_MoSh/Subject_47_F_3,BMLmovi/Subject47FMoSh/Subject47F3
BMLmovi/Subject_29_F_MoSh/Subject_29_F_12,BMLmovi/Subject29FMoSh/Subject29F12
BMLmovi/Subject_29_F_MoSh/Subject_29_F_1,BMLmovi/Subject29FMoSh/Subject29F1
BMLmovi/Subject_29_F_MoSh/Subject_29_F_16,BMLmovi/Subject29FMoSh/Subject29F16
BMLmovi/Subject_29_F_MoSh/Subject_29_F_8,BMLmovi/Subject29FMoSh/Subject29F8
BMLmovi/Subject_29_F_MoSh/Subject_29_F_7,BMLmovi/Subject29FMoSh/Subject29F7
BMLmovi/Subject_29_F_MoSh/Subject_29_F_14,BMLmovi/Subject29FMoSh/Subject29F14
BMLmovi/Subject_63_F_MoSh/Subject_63_F_16,BMLmovi/Subject63FMoSh/Subject63F16
BMLmovi/Subject_63_F_MoSh/Subject_63_F_6,BMLmovi/Subject63FMoSh/Subject63F6
BMLmovi/Subject_63_F_MoSh/Subject_63_F_21,BMLmovi/Subject63FMoSh/Subject63F21
BMLmovi/Subject_63_F_MoSh/Subject_63_F_1,BMLmovi/Subject63FMoSh/Subject63F1
BMLmovi/Subject_63_F_MoSh/Subject_63_F_11,BMLmovi/Subject63FMoSh/Subject63F11
BMLmovi/Subject_63_F_MoSh/Subject_63_F_9,BMLmovi/Subject63FMoSh/Subject63F9
BMLmovi/Subject_63_F_MoSh/Subject_63_F_10,BMLmovi/Subject63FMoSh/Subject63F10
BMLmovi/Subject_32_F_MoSh/Subject_32_F_5,BMLmovi/Subject32FMoSh/Subject32F5
BMLmovi/Subject_32_F_MoSh/Subject_32_F_9,BMLmovi/Subject32FMoSh/Subject32F9
BMLmovi/Subject_32_F_MoSh/Subject_32_F_6,BMLmovi/Subject32FMoSh/Subject32F6
BMLmovi/Subject_32_F_MoSh/Subject_32_F_8,BMLmovi/Subject32FMoSh/Subject32F8
BMLmovi/Subject_32_F_MoSh/Subject_32_F_3,BMLmovi/Subject32FMoSh/Subject32F3
BMLmovi/Subject_32_F_MoSh/Subject_32_F_10,BMLmovi/Subject32FMoSh/Subject32F10
BMLmovi/Subject_37_F_MoSh/Subject_37_F_12,BMLmovi/Subject37FMoSh/Subject37F12
BMLmovi/Subject_37_F_MoSh/Subject_37_F_18,BMLmovi/Subject37FMoSh/Subject37F18
BMLmovi/Subject_37_F_MoSh/Subject_37_F_11,BMLmovi/Subject37FMoSh/Subject37F11
BMLmovi/Subject_74_F_MoSh/Subject_74_F_21,BMLmovi/Subject74FMoSh/Subject74F21
BMLmovi/Subject_74_F_MoSh/Subject_74_F_11,BMLmovi/Subject74FMoSh/Subject74F11
BMLmovi/Subject_74_F_MoSh/Subject_74_F_19,BMLmovi/Subject74FMoSh/Subject74F19
BMLmovi/Subject_74_F_MoSh/Subject_74_F_18,BMLmovi/Subject74FMoSh/Subject74F18
BMLmovi/Subject_74_F_MoSh/Subject_74_F_20,BMLmovi/Subject74FMoSh/Subject74F20
BMLmovi/Subject_74_F_MoSh/Subject_74_F_1,BMLmovi/Subject74FMoSh/Subject74F1
BMLmovi/Subject_74_F_MoSh/Subject_74_F_17,BMLmovi/Subject74FMoSh/Subject74F17
BMLmovi/Subject_74_F_MoSh/Subject_74_F_13,BMLmovi/Subject74FMoSh/Subject74F13
BMLmovi/Subject_74_F_MoSh/Subject_74_F_7,BMLmovi/Subject74FMoSh/Subject74F7
BMLmovi/Subject_18_F_MoSh/Subject_18_F_5,BMLmovi/Subject18FMoSh/Subject18F5
BMLmovi/Subject_18_F_MoSh/Subject_18_F_11,BMLmovi/Subject18FMoSh/Subject18F11
BMLmovi/Subject_18_F_MoSh/Subject_18_F_20,BMLmovi/Subject18FMoSh/Subject18F20
BMLmovi/Subject_18_F_MoSh/Subject_18_F_9,BMLmovi/Subject18FMoSh/Subject18F9
BMLmovi/Subject_54_F_MoSh/Subject_54_F_9,BMLmovi/Subject54FMoSh/Subject54F9
BMLmovi/Subject_54_F_MoSh/Subject_54_F_11,BMLmovi/Subject54FMoSh/Subject54F11
BMLmovi/Subject_54_F_MoSh/Subject_54_F_4,BMLmovi/Subject54FMoSh/Subject54F4
BMLmovi/Subject_54_F_MoSh/Subject_54_F_13,BMLmovi/Subject54FMoSh/Subject54F13
BMLmovi/Subject_54_F_MoSh/Subject_54_F_7,BMLmovi/Subject54FMoSh/Subject54F7
BMLmovi/Subject_54_F_MoSh/Subject_54_F_15,BMLmovi/Subject54FMoSh/Subject54F15
BMLmovi/Subject_14_F_MoSh/Subject_14_F_11,BMLmovi/Subject14FMoSh/Subject14F11
BMLmovi/Subject_14_F_MoSh/Subject_14_F_4,BMLmovi/Subject14FMoSh/Subject14F4
BMLmovi/Subject_14_F_MoSh/Subject_14_F_2,BMLmovi/Subject14FMoSh/Subject14F2
BMLmovi/Subject_14_F_MoSh/Subject_14_F_1,BMLmovi/Subject14FMoSh/Subject14F1
BMLmovi/Subject_30_F_MoSh/Subject_30_F_20,BMLmovi/Subject30FMoSh/Subject30F20
BMLmovi/Subject_30_F_MoSh/Subject_30_F_18,BMLmovi/Subject30FMoSh/Subject30F18
BMLmovi/Subject_30_F_MoSh/Subject_30_F_14,BMLmovi/Subject30FMoSh/Subject30F14
BMLmovi/Subject_30_F_MoSh/Subject_30_F_8,BMLmovi/Subject30FMoSh/Subject30F8
BMLmovi/Subject_30_F_MoSh/Subject_30_F_3,BMLmovi/Subject30FMoSh/Subject30F3
BMLmovi/Subject_30_F_MoSh/Subject_30_F_13,BMLmovi/Subject30FMoSh/Subject30F13
BMLmovi/Subject_23_F_MoSh/Subject_23_F_19,BMLmovi/Subject23FMoSh/Subject23F19
BMLmovi/Subject_73_F_MoSh/Subject_73_F_10,BMLmovi/Subject73FMoSh/Subject73F10
BMLmovi/Subject_73_F_MoSh/Subject_73_F_15,BMLmovi/Subject73FMoSh/Subject73F15
BMLmovi/Subject_73_F_MoSh/Subject_73_F_1,BMLmovi/Subject73FMoSh/Subject73F1
BMLmovi/Subject_73_F_MoSh/Subject_73_F_3,BMLmovi/Subject73FMoSh/Subject73F3
BMLmovi/Subject_73_F_MoSh/Subject_73_F_4,BMLmovi/Subject73FMoSh/Subject73F4
BMLmovi/Subject_73_F_MoSh/Subject_73_F_6,BMLmovi/Subject73FMoSh/Subject73F6
BMLmovi/Subject_73_F_MoSh/Subject_73_F_7,BMLmovi/Subject73FMoSh/Subject73F7
BMLmovi/Subject_73_F_MoSh/Subject_73_F_17,BMLmovi/Subject73FMoSh/Subject73F17
BMLmovi/Subject_73_F_MoSh/Subject_73_F_18,BMLmovi/Subject73FMoSh/Subject73F18
BMLmovi/Subject_73_F_MoSh/Subject_73_F_2,BMLmovi/Subject73FMoSh/Subject73F2
BMLmovi/Subject_75_F_MoSh/Subject_75_F_18,BMLmovi/Subject75FMoSh/Subject75F18
BMLmovi/Subject_75_F_MoSh/Subject_75_F_11,BMLmovi/Subject75FMoSh/Subject75F11
BMLmovi/Subject_75_F_MoSh/Subject_75_F_1,BMLmovi/Subject75FMoSh/Subject75F1
BMLmovi/Subject_75_F_MoSh/Subject_75_F_17,BMLmovi/Subject75FMoSh/Subject75F17
BMLmovi/Subject_75_F_MoSh/Subject_75_F_2,BMLmovi/Subject75FMoSh/Subject75F2
BMLmovi/Subject_75_F_MoSh/Subject_75_F_9,BMLmovi/Subject75FMoSh/Subject75F9
BMLmovi/Subject_75_F_MoSh/Subject_75_F_15,BMLmovi/Subject75FMoSh/Subject75F15
BMLmovi/Subject_75_F_MoSh/Subject_75_F_20,BMLmovi/Subject75FMoSh/Subject75F20
BMLmovi/Subject_75_F_MoSh/Subject_75_F_8,BMLmovi/Subject75FMoSh/Subject75F8
BMLmovi/Subject_84_F_MoSh/Subject_84_F_21,BMLmovi/Subject84FMoSh/Subject84F21
BMLmovi/Subject_84_F_MoSh/Subject_84_F_5,BMLmovi/Subject84FMoSh/Subject84F5
BMLmovi/Subject_84_F_MoSh/Subject_84_F_9,BMLmovi/Subject84FMoSh/Subject84F9
BMLmovi/Subject_84_F_MoSh/Subject_84_F_17,BMLmovi/Subject84FMoSh/Subject84F17
BMLmovi/Subject_84_F_MoSh/Subject_84_F_3,BMLmovi/Subject84FMoSh/Subject84F3
BMLmovi/Subject_84_F_MoSh/Subject_84_F_2,BMLmovi/Subject84FMoSh/Subject84F2
BMLmovi/Subject_84_F_MoSh/Subject_84_F_7,BMLmovi/Subject84FMoSh/Subject84F7
BMLmovi/Subject_84_F_MoSh/Subject_84_F_19,BMLmovi/Subject84FMoSh/Subject84F19
BMLmovi/Subject_43_F_MoSh/Subject_43_F_11,BMLmovi/Subject43FMoSh/Subject43F11
BMLmovi/Subject_43_F_MoSh/Subject_43_F_16,BMLmovi/Subject43FMoSh/Subject43F16
BMLmovi/Subject_43_F_MoSh/Subject_43_F_4,BMLmovi/Subject43FMoSh/Subject43F4
BMLmovi/Subject_43_F_MoSh/Subject_43_F_13,BMLmovi/Subject43FMoSh/Subject43F13
BMLmovi/Subject_43_F_MoSh/Subject_43_F_17,BMLmovi/Subject43FMoSh/Subject43F17
BMLmovi/Subject_48_F_MoSh/Subject_48_F_3,BMLmovi/Subject48FMoSh/Subject48F3
BMLmovi/Subject_48_F_MoSh/Subject_48_F_21,BMLmovi/Subject48FMoSh/Subject48F21
BMLmovi/Subject_48_F_MoSh/Subject_48_F_12,BMLmovi/Subject48FMoSh/Subject48F12
BMLmovi/Subject_48_F_MoSh/Subject_48_F_4,BMLmovi/Subject48FMoSh/Subject48F4
BMLmovi/Subject_48_F_MoSh/Subject_48_F_7,BMLmovi/Subject48FMoSh/Subject48F7
BMLmovi/Subject_48_F_MoSh/Subject_48_F_11,BMLmovi/Subject48FMoSh/Subject48F11
BMLmovi/Subject_48_F_MoSh/Subject_48_F_9,BMLmovi/Subject48FMoSh/Subject48F9
BMLmovi/Subject_48_F_MoSh/Subject_48_F_6,BMLmovi/Subject48FMoSh/Subject48F6
BMLmovi/Subject_11_F_MoSh/Subject_11_F_20,BMLmovi/Subject11FMoSh/Subject11F20
BMLmovi/Subject_11_F_MoSh/Subject_11_F_2,BMLmovi/Subject11FMoSh/Subject11F2
BMLmovi/Subject_11_F_MoSh/Subject_11_F_18,BMLmovi/Subject11FMoSh/Subject11F18
BMLmovi/Subject_11_F_MoSh/Subject_11_F_9,BMLmovi/Subject11FMoSh/Subject11F9
BMLmovi/Subject_51_F_MoSh/Subject_51_F_8,BMLmovi/Subject51FMoSh/Subject51F8
BMLmovi/Subject_51_F_MoSh/Subject_51_F_6,BMLmovi/Subject51FMoSh/Subject51F6
BMLmovi/Subject_51_F_MoSh/Subject_51_F_12,BMLmovi/Subject51FMoSh/Subject51F12
BMLmovi/Subject_51_F_MoSh/Subject_51_F_10,BMLmovi/Subject51FMoSh/Subject51F10
BMLmovi/Subject_51_F_MoSh/Subject_51_F_1,BMLmovi/Subject51FMoSh/Subject51F1
BMLmovi/Subject_51_F_MoSh/Subject_51_F_18,BMLmovi/Subject51FMoSh/Subject51F18
BMLmovi/Subject_51_F_MoSh/Subject_51_F_5,BMLmovi/Subject51FMoSh/Subject51F5
BMLmovi/Subject_9_F_MoSh/Subject_9_F_11,BMLmovi/Subject9FMoSh/Subject9F11
BMLmovi/Subject_9_F_MoSh/Subject_9_F_21,BMLmovi/Subject9FMoSh/Subject9F21
BMLmovi/Subject_9_F_MoSh/Subject_9_F_13,BMLmovi/Subject9FMoSh/Subject9F13
BMLmovi/Subject_82_F_MoSh/Subject_82_F_16,BMLmovi/Subject82FMoSh/Subject82F16
BMLmovi/Subject_82_F_MoSh/Subject_82_F_12,BMLmovi/Subject82FMoSh/Subject82F12
BMLmovi/Subject_82_F_MoSh/Subject_82_F_7,BMLmovi/Subject82FMoSh/Subject82F7
BMLmovi/Subject_82_F_MoSh/Subject_82_F_18,BMLmovi/Subject82FMoSh/Subject82F18
BMLmovi/Subject_82_F_MoSh/Subject_82_F_13,BMLmovi/Subject82FMoSh/Subject82F13
BMLmovi/Subject_82_F_MoSh/Subject_82_F_1,BMLmovi/Subject82FMoSh/Subject82F1
BMLmovi/Subject_82_F_MoSh/Subject_82_F_20,BMLmovi/Subject82FMoSh/Subject82F20
BMLmovi/Subject_69_F_MoSh/Subject_69_F_13,BMLmovi/Subject69FMoSh/Subject69F13
BMLmovi/Subject_69_F_MoSh/Subject_69_F_18,BMLmovi/Subject69FMoSh/Subject69F18
BMLmovi/Subject_69_F_MoSh/Subject_69_F_9,BMLmovi/Subject69FMoSh/Subject69F9
BMLmovi/Subject_69_F_MoSh/Subject_69_F_6,BMLmovi/Subject69FMoSh/Subject69F6
BMLmovi/Subject_69_F_MoSh/Subject_69_F_11,BMLmovi/Subject69FMoSh/Subject69F11
BMLmovi/Subject_69_F_MoSh/Subject_69_F_16,BMLmovi/Subject69FMoSh/Subject69F16
BMLmovi/Subject_69_F_MoSh/Subject_69_F_5,BMLmovi/Subject69FMoSh/Subject69F5
BMLmovi/Subject_69_F_MoSh/Subject_69_F_4,BMLmovi/Subject69FMoSh/Subject69F4
BMLmovi/Subject_76_F_MoSh/Subject_76_F_12,BMLmovi/Subject76FMoSh/Subject76F12
BMLmovi/Subject_76_F_MoSh/Subject_76_F_19,BMLmovi/Subject76FMoSh/Subject76F19
BMLmovi/Subject_76_F_MoSh/Subject_76_F_14,BMLmovi/Subject76FMoSh/Subject76F14
BMLmovi/Subject_76_F_MoSh/Subject_76_F_20,BMLmovi/Subject76FMoSh/Subject76F20
BMLmovi/Subject_76_F_MoSh/Subject_76_F_21,BMLmovi/Subject76FMoSh/Subject76F21
BMLmovi/Subject_76_F_MoSh/Subject_76_F_7,BMLmovi/Subject76FMoSh/Subject76F7
BMLmovi/Subject_76_F_MoSh/Subject_76_F_18,BMLmovi/Subject76FMoSh/Subject76F18
BMLmovi/Subject_76_F_MoSh/Subject_76_F_16,BMLmovi/Subject76FMoSh/Subject76F16
BMLmovi/Subject_76_F_MoSh/Subject_76_F_11,BMLmovi/Subject76FMoSh/Subject76F11
BMLmovi/Subject_76_F_MoSh/Subject_76_F_15,BMLmovi/Subject76FMoSh/Subject76F15
BMLmovi/Subject_76_F_MoSh/Subject_76_F_2,BMLmovi/Subject76FMoSh/Subject76F2
BMLmovi/Subject_5_F_MoSh/Subject_5_F_17,BMLmovi/Subject5FMoSh/Subject5F17
BMLmovi/Subject_5_F_MoSh/Subject_5_F_19,BMLmovi/Subject5FMoSh/Subject5F19
BMLmovi/Subject_5_F_MoSh/Subject_5_F_15,BMLmovi/Subject5FMoSh/Subject5F15
BMLmovi/Subject_5_F_MoSh/Subject_5_F_20,BMLmovi/Subject5FMoSh/Subject5F20
BMLmovi/Subject_12_F_MoSh/Subject_12_F_11,BMLmovi/Subject12FMoSh/Subject12F11
BMLmovi/Subject_65_F_MoSh/Subject_65_F_11,BMLmovi/Subject65FMoSh/Subject65F11
BMLmovi/Subject_65_F_MoSh/Subject_65_F_18,BMLmovi/Subject65FMoSh/Subject65F18
BMLmovi/Subject_65_F_MoSh/Subject_65_F_10,BMLmovi/Subject65FMoSh/Subject65F10
BMLmovi/Subject_65_F_MoSh/Subject_65_F_16,BMLmovi/Subject65FMoSh/Subject65F16
BMLmovi/Subject_65_F_MoSh/Subject_65_F_21,BMLmovi/Subject65FMoSh/Subject65F21
BMLmovi/Subject_65_F_MoSh/Subject_65_F_7,BMLmovi/Subject65FMoSh/Subject65F7
BMLmovi/Subject_60_F_MoSh/Subject_60_F_4,BMLmovi/Subject60FMoSh/Subject60F4
BMLmovi/Subject_60_F_MoSh/Subject_60_F_18,BMLmovi/Subject60FMoSh/Subject60F18
BMLmovi/Subject_60_F_MoSh/Subject_60_F_2,BMLmovi/Subject60FMoSh/Subject60F2
BMLmovi/Subject_60_F_MoSh/Subject_60_F_20,BMLmovi/Subject60FMoSh/Subject60F20
BMLmovi/Subject_60_F_MoSh/Subject_60_F_13,BMLmovi/Subject60FMoSh/Subject60F13
BMLmovi/Subject_60_F_MoSh/Subject_60_F_5,BMLmovi/Subject60FMoSh/Subject60F5
BMLmovi/Subject_60_F_MoSh/Subject_60_F_19,BMLmovi/Subject60FMoSh/Subject60F19
BMLmovi/Subject_60_F_MoSh/Subject_60_F_9,BMLmovi/Subject60FMoSh/Subject60F9
BMLmovi/Subject_57_F_MoSh/Subject_57_F_6,BMLmovi/Subject57FMoSh/Subject57F6
BMLmovi/Subject_57_F_MoSh/Subject_57_F_9,BMLmovi/Subject57FMoSh/Subject57F9
BMLmovi/Subject_57_F_MoSh/Subject_57_F_1,BMLmovi/Subject57FMoSh/Subject57F1
BMLmovi/Subject_57_F_MoSh/Subject_57_F_15,BMLmovi/Subject57FMoSh/Subject57F15
BMLmovi/Subject_57_F_MoSh/Subject_57_F_14,BMLmovi/Subject57FMoSh/Subject57F14
BMLmovi/Subject_57_F_MoSh/Subject_57_F_21,BMLmovi/Subject57FMoSh/Subject57F21
BMLmovi/Subject_57_F_MoSh/Subject_57_F_20,BMLmovi/Subject57FMoSh/Subject57F20
BMLmovi/Subject_34_F_MoSh/Subject_34_F_8,BMLmovi/Subject34FMoSh/Subject34F8
BMLmovi/Subject_34_F_MoSh/Subject_34_F_14,BMLmovi/Subject34FMoSh/Subject34F14
